항목,클러스터번호,질문
방임,-1,그렇게 생각하는 이유가 뭐예요?
방임,-1,언제부터 신고 있었어요?
방임,-1,누가 뭐라 하지는 않아?
방임,-1,옷은 늘 세탁이 잘 돼서 깨끗하나요?
방임,-1,엄마는 전화도 안 받으시나요?
방임,-1,아무도 한 번도 안 오셨나요?
방임,-1,아빠는 자기 방에 가면 나오지 않나요?
방임,-1,대답하기 어렵겠지만 이야기해 줄 수 있을까? 친구 이야기를 좀 더 듣고 싶어서 그래.
방임,-1,그때 어떤 기분이 들었을까?
방임,-1,원장님이 잘 챙겨주시나요?
방임,-1,옛날에는 못 갔나요?
방임,-1,엄마는 언제 못 오셨나요?
방임,-1,다른 음식은 안 주나요?
방임,-1,맛있는 음식을 먹을 때도 있나요?
방임,-1,아빠가 학교 행사에 안 오시면 친구의 기분은 어때요?
방임,-1,한 번도 참여하신 적이 없나요?
방임,-1,집에 먹을 게 있나요?
방임,-1,거의 없어요. 그래서 아빠가 사와야 돼요.
방임,-1,혹시 체육 시간이 싫은 이유가 땀 나는 옷이 생겨서 그런 걸까요?
방임,-1,옷에는 늘 좋은 향기가 나니?
방임,-1,미안하지만 좀 더 얘기해줄 수 있을까요? 혹시 필요하다면 선생님이 도울 수 있는 부분이 있을지도 몰라서 부탁하는 거예요.
방임,-1,못 오신 날은 어떤 날인가요?
방임,-1,두 시간 정도 사용하면 할머니나 엄마가 그만 사용하라고 하지 않아요?
방임,-1,잘 챙겨주시니?
방임,-1,운동회 때는 왜 못 오셨나요?
방임,-1,아빠가 행사에 오지 않으셨던 이유가 있었나요?
방임,-1,아빠에게 돈을 달라고 하기 무서운 이유가 있나요?
방임,-1,원장님이 항상 잘 챙겨주고 계신가요?
방임,-1,"그럼, 핸드폰 한다고 누가 뭐라 하지 않겠네?"
방임,-1,"그럼, 옷이나 신발은 잘 맞고 항상 깨끗한 상태일까?"
방임,-1,어떤 요법을 사용하시나요?
방임,-1,거부하게 되면 어떻게 되나요?
방임,-1,"이 시간은 친구가 정한 거야, 엄마 아빠랑 같이 정한 거야?"
방임,-1,옷에는 늘 좋은 향기가 나나요?
방임,-1,왜 못 오시는 것 같아?
방임,-1,게임을 너무 많이 한다고 뭐라 하신 적이 있나요?
방임,-1,"가장 최근에, 집에서 밥 먹은 게 언제인가요?"
방임,-1,아빠가 몇 번이나 집에 안 들어오고 그러세요?
방임,-1,왜 그랬나요?
방임,-1,그러면 한번 쓸 때 얼마나 써요?
방임,-1,어떤 검사를 하나요?
방임,-1,"이 한 시간은 친구가 정한 거야, 엄마 아빠랑 같이 정한 거야?"
방임,-1,한 시간보다 더 하고 싶지는 않아?
방임,-1,대화가 있는 시간이 있나요?
방임,-1,밤에 어디를 같이 나갔다 왔었나요?
방임,-1,그래서 어떻게 했어?
방임,-1,친언니인가요?
방임,-1,"그럼, 친구 옷이나 신발은 잘 맞고 항상 깨끗해요?"
방임,-1,청소는 주로 누가 하나요?
방임,-1,얼마나 적게 주나요?
방임,-1,그렇게 주는 이유가 있을까요?
방임,-1,"그럼, 옷이나 신발은 잘 맞고 항상 깨끗한 상태일까요?"
방임,-1,평일엔 어떤가요?
방임,-1,엄마가 해주시나요?
방임,-1,이모는 언제 오나요?
방임,-1,왜 안 오시는 것 같아?
방임,-1,바빠서 못 오시는 거야?
방임,-1,가볍게 다친 거는 어떻게 다친 거예요?
방임,-1,지금은 그럼 아무도 안 오시나요?
방임,-1,할머니가 뭐라고 안 하세요?
방임,-1,아빠가 선생님이랑 통화하는 걸 본 적이나 들은 적 있어?
방임,-1,누가 뭐라고 안 해?
방임,-1,어떤 냄새가 났었나요?
방임,-1,지금 밥은 어떤가요?
방임,-1,왜 그런 말을 하나요?
방임,-1,할머니가 굶으라고 하던가요?
방임,-1,누가 위험한 사람이 있다고 이야기했어요?
방임,-1,원장님이 우리 친구 담임선생님이랑 통화하는 걸 보거나 들은 적이 있어?
방임,-1,집에 가면 맛있는 거 많아요?
방임,-1,집에서 빨래는 어떻게 해요?
방임,-1,엄마가 못 오는 이유 알고 있어요?
방임,-1,어떤 영화 좋아해요?
방임,-1,왜 학교에 가지 못하게 되었는지 이야기해 줄래요?
방임,-1,학교를 아예 다니지 못한 건가요?
방임,-1,집 안의 다른 곳도 깨끗하지 않은 곳이 있나요?
방임,-1,왜 그렇게 생각하나요?
방임,-1,"그러면, 친구 옷이나 신발은 잘 맞고 깨끗해요?"
방임,-1,먹다가 아빠가 오면 어떻게 되나요?
방임,-1,아빠가 요리를 해준 적이 있나요?
방임,-1,누가 오시나요?
방임,-1,선생님이 새로운 옷을 잘 안 사주나요?
방임,-1,아빠가 왜 밥을 챙겨주지 않아요?
방임,-1,얼마나 오랫동안 신었어요?
방임,-1,보건 선생님은 어떻게 치료하나요?
방임,-1,어떤 약인지 모르고 먹는 건가요?
방임,-1,그럴 때 기분은 어때?
방임,-1,빨래는 늘 잘 돼서 나오나요?
방임,-1,선생님이랑은 교류가 많이 없나요?
방임,-1,그 이후에는 괜찮아졌어?
방임,-1,아빠가 바쁘셔서 학교에 못 오시는 거야?
방임,-1,"그럼, 그럴 땐 어떻게 해요?"
방임,-1,옷은 늘 깨끗하고 좋은 향이 나나요?
방임,-1,아빠는 잘 못 오시나요?
방임,-1,그럴 때 친구의 기분은 어떤가요?
방임,-1,오늘은 어떤 걸 만드나요?
방임,-1,"원장님이 밥이나 빨래, 옷은 잘 챙겨주시나요?"
방임,-1,"너무 잘 얘기해주고 있어요. 말하기 힘들겠지만, 좀만 더 얘기해줄래요?"
방임,-1,말하기가 어려워요?
방임,-1,새아빠는 왜 밥을 못 먹게 하고 치킨만 줬나요?
방임,-1,
방임,-1,친구도 행사에 참여한 적이 없나요?
방임,-1,못 오실 때도 있어요?
방임,-1,왜 하기 싫은지 알려줄 수 있어?
방임,-1,아빠가 뭐라고 안 해?
방임,-1,아빠가 뭐라고 하시진 않아요?
방임,0,피시방 같은 곳을 자주 가는 편이야?
방임,0,피시방도 가?
방임,0,피시방 같은 곳을 자주 가요?
방임,0,피시방 같은 곳은 얼마나 자주 가?
방임,0,피시방은 얼마나 자주 가?
방임,0,피시방 같은 곳을 자주 가는 편이야? 한 달에 몇 번?
방임,0,피시방 같은 곳을 자주 가?
방임,0,피시방 같은 곳은 일주일에 몇 번 정도 가는 편이야?
방임,0,피시방 같은 곳을 얼마나 자주 갔어요?
방임,0,피시방 같은 곳에 가요?
방임,0,피시방도 가고 그래?
방임,0,피시방 같은 곳에 얼마나 자주 가?
방임,0,피시방 같은 곳은 얼마나 자주 갈까?
방임,0,피시방 같은 곳은 얼마나 자주 가나요?
방임,0,피시방 같은 곳을 얼마나 자주 가나요?
방임,0,피시방에 자주 가나요?
방임,0,피시방도 가봤어?
방임,0,피시방 같은 곳을 얼마나 자주 가?
방임,0,피시방은 안 가요?
방임,0,피시방 가봤어?
방임,0,피시방을 자주 가나요?
방임,0,피시방 같은 곳을 얼마나 자주 가나요.
방임,0,피시방은 얼마나 자주 가나요?
방임,0,피시방 같은 곳을 얼마나 자주 가니?
방임,0,피시방은 자주 가?
방임,0,피시방 같은 곳을 자주 가나요?
방임,1,평소에 나를 돌봐주는 어른은 누구야?
방임,1,주로 누가 돌봐주는 편이야?
방임,1,집에서 주로 돌봐주는 사람이 누구예요?
방임,1,집에서 주로 나를 돌봐주는 어른은 누구인가요?
방임,1,주로 나를 돌봐주는 어른은 누구셔?
방임,1,주로 집에서 돌봐주는 사람은 누구야?
방임,1,주로 나를 돌봐주는 어른은 누구예요?
방임,1,학교나 학원 끝나고 집에 가면 집에 누가 있나요?
방임,1,집에서 주로 나를 돌봐주는 어른은 누구예요?
방임,1,주로 나를 돌봐주는 어른은 누구인가요?
방임,1,학교나 학원 끝나고 집에 가면 집에 항상 누가 있어요?
방임,1,집에서 주로 친구를 돌봐주는 어른은 누구야?
방임,1,집에서 나를 주로 돌봐주는 어른은 누구인가요? 집에 돌아갔을 때 항상 계시나요?
방임,1,집에서 주로 나를 돌봐주는 어른은 누구야?
방임,1,집에서 나를 주로 돌봐주는 어른은 누구인가요? 집에 돌아갔을 때 항상 집에 계시나요?
방임,1,학교나 학원 끝나고 집에 가면 항상 누가 있나요?
방임,1,집에서 주로 누가 돌봐줘?
방임,1,집에서 주로 친구를 돌봐주는 사람은 누구야?
방임,1,학교 끝나고 집에 가면 주로 집에 누가 있어?
방임,1,주로 나를 돌봐주는 어른 누구셔?
방임,1,집에서 주로 나를 돌봐주시는 어른은 누구인가요? 학교나 학원이 끝나고 오면 항상 계세요?
방임,1,집에 있으면 주로 누가 돌봐줘?
방임,1,"집에서 주로 나를 돌봐주는 어른은 누구인가요? 학교, 학원이 끝나고 오면 항상 계신가요?"
방임,1,학교나 학원 끝나고 집에 가면 집에 항상 누가 있나요?
방임,1,주로 친구를 돌봐주는 어른은 누구인가요?
방임,1,"엄마가 밥이나 빨래, 옷은 잘 챙겨주세요?"
방임,1,학교나 학원 끝나고 집에 가면 집에 항상 누가 계시나요?
방임,1,집에서 주로 친구를 돌봐주는 어른은 누구예요?
방임,1,집에서 주로 돌봐주는 어른이 누구야?
방임,1,집에서 주로 나를 돌봐주는 사람은 누구인가요?
방임,1,학교나 학원 끝나고 집에 가면 항상 누가 있어요?
방임,1,주로 친구를 돌봐주는 어른은 누구야?
방임,1,평소에 주로 친구를 돌봐주는 어른은 누구야?
방임,1,학교나 학원 끝나고 집에 가면 보통 누가 있어?
방임,1,주로 돌봐주는 어른은 누구예요?
방임,1,주로 너를 돌봐주시는 어른은 누구야?
방임,1,집에서 주로 친구를 돌봐주는 어른은 누구인가요?
방임,1,주로 나를 돌봐주는 어른은 누구야?
방임,1,집에 주로 나를 돌봐주는 어른은 누구인가요?
방임,1,집에서 친구를 주로 돌봐주는 어른이 누구인가요?
방임,1,집에서 주로 나를 돌봐주는 어른은 누군가요?
방임,1,시설에서 주로 나를 돌봐주는 어른은 누구인가요?
방임,1,집에서 주로 나를 돌봐주는 어른은 누구인가요? 집에 가면 항상 누가 있나요?
방임,1,학교나 학원 끝나고 집에 가면 집에 항상 누가 있어?
방임,1,나를 주로 돌봐주는 사람은 누구야?
방임,1,집에서 주로 친구를 돌봐주는 사람은 누구예요?
방임,1,학교 끝나고 집에 가면 주로 집에 누가 있어요?
방임,1,나를 주로 돌봐주는 어른은 누구인가요? 집에 돌아갔을 때 항상 계신가요?
방임,1,집에서 주로 나를 돌봐주는 어른은 누구인가요? 항상 집에 계시나요?
방임,1,집에서 나를 주로 돌봐주는 어른은 누구인가요? 집에 돌아왔을 때 항상 계시나요?
방임,1,집에서 주로 돌봐주는 사람이 누구야?
방임,1,집에서 주로 나를 돌봐주는 어른은 누구에요?
방임,1,집에서 주로 친구를 돌봐주는 어른이 누구예요?
방임,1,학교나 학원 끝나고 집에 가면 집에 항상 어른이 있는 거예요?
방임,1,"집에서 나를 주로 돌봐주는 어른은 누구인가요? 학교, 학원 끝나고 집에 갔을 때 항상 계시나요?"
방임,1,집에서 친구를 주로 돌봐주는 어른은 누구인가요?
방임,1,주로 나를 돌봐주는 분은 누구예요?
방임,1,주로 친구를 돌봐주는 어른은 누구예요?
방임,1,집에 가면 보통 누가 있어?
방임,1,집에서 주로 날 돌봐주는 사람은 누구인가요?
방임,1,엄마가 학교 끝나고 집에 가면 항상 계시는 편이야?
방임,1,센터에서 주로 친구를 돌봐주는 어른은 누구예요?
방임,1,집에서 주로 친구를 돌봐주는 어른은 누군가요?
방임,1,잘 챙겨주시나요?
방임,1,학교나 학원이 끝나고 집에 오면 항상 누가 계시나요?
방임,1,집에서 주로 돌봐주는 어른은 누구예요?
방임,1,집에서 주로 나를 돌봐주는 사람은 누구예요?
방임,1,나를 주로 돌봐주는 어른은 누구인가요? 집에 돌아갔을 때 항상 계시나요?
방임,1,시설에서 주로 나를 돌봐주는 사람은 누구인가요?
방임,1,평소에 집에 가면 누가 나를 챙겨줘?
방임,1,너랑 주로 많은 시간을 보내는 어른이 누구야?
방임,1,집에서 주로 돌봐주시는 어른은 누구셔?
방임,1,집에 있을 때 주로 누가 돌봐줘?
방임,1,나를 주로 돌봐주는 어른은 누구인가요?
방임,1,나를 주로 돌봐주는 어른이 누구예요?
방임,1,나를 주로 돌봐주는 어른은 누구인가요? 시설에 돌아갔을 때 항상 계시나요?
방임,1,주로 집에서 나를 돌봐주는 사람은 누구인가요?
방임,1,학교나 학원에 갔다 돌아오면 집에 누가 있나요?
방임,1,학교나 학원 끝나면 집에 누가 있나요?
방임,1,주로 돌봐주는 어른은 누구인가요? 집에 돌아왔을 때 항상 계시나요?
방임,1,학교나 학원 끝나고 집에 가면 항상 아빠가 있나요?
방임,1,집에서 주로 나를 돌봐주는 어른은 누구셔?
방임,1,학교나 학원 끝나고 집에 가면 누가 나를 챙겨줘?
방임,1,시설에서 주로 돌봐주시는 어른이 누구야?
방임,1,집에서 주로 나를 돌봐주는 사람은 누군가요?
방임,1,학교 끝나고 집에 오면 집에 항상 누가 있어요?
방임,1,집에서 주로 나를 돌봐주는 어른은 누구인가요? 항상 집에 계신가요?
방임,1,지금 나를 주로 돌봐주는 어른은 누구인가요? 하교 후 돌아갔을 때 항상 계시나요?
방임,1,친구를 돌봐주는 어른은 누군가요?
방임,1,"집에서 주로 나를 돌봐주는 어른은 누구인가요? 학교, 학원이 끝나고 오면 항상 계시나요?"
방임,1,집에서 주로 돌봐주는 사람은 누구인가요?
방임,1,학교나 학원 끝나면 집에 항상 누가 있나요?
방임,1,집에서 주로 친구를 돌봐주는 어른은 누구시니?
방임,1,집에서 나를 주로 돌봐주는 어른은 누구인가요? 집에 돌아갔을 때 항상 집에 계신가요?
방임,1,집에서 친구를 주로 돌봐주는 사람이 누구인가요?
방임,1,센터에서 주로 친구를 돌봐주는 어른은 누구인가요?
방임,1,집에서 주로 나를 돌봐주는 사람이 누구야?
방임,1,학교나 학원 끝나고 나면 집에 항상 누가 있어요?
방임,1,집에 가면 주로 누가 보살펴 줘?
방임,1,"집에서 나를 주로 돌봐주는 어른은 누구인가요? 
학교, 학원이 끝나고 가면 항상 집에 계시나요?"
방임,1,학교나 학원이 끝나고 집에 가면 집에 항상 어른이 계시나요?
방임,1,여기서 주로 돌봐주는 어른은 누구예요?
방임,1,집에서 주로 나를 돌봐주는 어른은 누구인가요? 학교나 학원 끝나고 집에 가면 집에 항상 누가 있나요?
방임,1,집에서 주로 나를 돌봐주는 어른이 누구야?
방임,1,나를 주로 돌봐주는 어른은 누구인가요? 학교에서 돌아갔을 때 항상 계시나요?
방임,1,집에서 주로 나를 돌봐주는 어른이 누구예요?
방임,1,학교 끝나고 집에 가면 집에 항상 누가 계시나요?
방임,1,평소에 주로 친구를 돌봐주는 어른은 누구인가요?
방임,1,"엄마가 빨래나 밥, 옷은 잘 챙겨주셔?"
방임,1,집에서 나를 돌봐주는 사람이 누구야?
방임,1,학교나 학원 끝나고 집에 가면 항상 할머니가 있는 거야?
방임,1,주로 누가 돌봐줘?
방임,1,학교 끝나고 집에 가면 누가 나를 챙겨줘?
방임,1,선생님은 빨래나 청소 같은 집안일을 잘하시나요?
방임,1,학교나 학원 끝나고 가면 집에 항상 누가 있어?
방임,1,나를 주로 돌봐주는 어른은 누구인가요? 시설에 돌아왔을 때 항상 계시나요?
방임,1,학교 끝나고 여기 오면 주로 있는 선생님이 누구인 것 같아요?
방임,1,현재 주로 나를 돌봐주는 어른은 누구인가요?
방임,1,"엄마가 밥이나 옷, 빨래 잘 챙겨주시니?"
방임,1,학교나 학원 끝나고 가면 항상 누가 있어요?
방임,1,학교나 학원 끝나고 집에 가면 집에 항상 아빠가 있나요?
방임,1,주로 돌봐주는 어른은 누구야?
방임,1,집에서 주로 나를 돌봐주는 어른은 누구인가요? 학교나 학원 끝나고 집에 가면 항상 계시는가요?
방임,1,나를 주로 돌봐주시는 어른은 누구인가요? 항상 계시나요?
방임,1,집에서 주로 나를 돌봐주는 어른은 누구인가요? 집에 오면 항상 계시나요?
방임,1,어머님이 잘 챙겨주시나요?
방임,1,집에서 주로 친구를 돌봐주는 어른은 할아버지겠네?
방임,1,집에서 주로 나를 돌봐주는 어른은 누구인가요? 학교 끝나고 오면 항상 계시나요?
방임,1,집에서 주로 돌봐주는 어른은 누구에요?
방임,1,집에서 누가 주로 돌봐주시나요?
방임,1,"그럼, 우리 친구는 집에서 주로 돌봐주는 어른이 누구예요?"
방임,1,학교나 학원 끝나고 가면 집에 항상 누가 있나요?
방임,1,집에서 주로 친구를 돌보는 어른이 있나요?
방임,1,주로 집에서 누가 돌봐줘?
방임,1,친구는 집에서 주로 누가 돌봐줘?
방임,1,센터에서 주로 나를 돌봐주는 어른은 누구야?
방임,1,시설에서 주로 친구를 돌봐주는 어른은 누구야?
방임,1,집에서 주로 돌봐주는 어른이 누구예요?
방임,1,"엄마가 밥이나 빨래, 옷은 잘 챙겨주시나요?"
방임,1,집에서 나를 주로 돌봐주는 어른은 누구인가요? 돌아가실 때 항상 집에 계시나요?
방임,1,학교나 학원 끝나고 집에 가면 항상 엄마가 있어?
방임,1,집에 있을 때 보통 누가 돌봐줘?
방임,1,나를 주로 돌봐주는 어른은 누구인가요? 집에 돌아왔을 때 항상 계시나요?
방임,1,"그럼, 집에 가면 누가 있나요?"
방임,1,집에서 친구를 주로 돌봐주는 어른은 누구야?
방임,1,학교나 학원 끝나고 집에 가면 항상 엄마가 있어요?
방임,1,집에서 주로 나를 돌봐주는 어른이 있나요?
방임,1,학교나 학원이 끝나고 집에 돌아오면 집에 항상 누가 있어요?
방임,1,집에서 나를 주로 돌봐주는 어른은 누구야?
방임,1,집에서 주로 친구를 돌봐주는 사람은 누구인가요?
방임,1,주로 나를 돌봐주는 어른은 누구에요?
방임,1,주로 시설에서 돌봐주는 사람은 누구야?
방임,1,시설에서 주로 친구를 돌봐주는 어른은 누구인가요?
방임,1,아빠가 집에서 잘 돌봐주셔?
방임,1,"엄마가 밥이나 빨래, 옷 잘 챙겨주시나요?"
방임,1,집에서 나를 주로 돌봐주시는 어른은 누구야?
방임,1,평소에 주로 누가 돌봐줘?
방임,1,주로 나를 돌봐주시는 분은 누구예요?
방임,1,학교나 학원 끝나고 집에 가면 항상 엄마가 있나요?
방임,1,"나를 주로 돌봐주는 어른은 누구인가요? 학교, 학원이 끝나고 집에 돌아갔을 때 항상 계시나요?"
방임,1,주로 돌봐주는 어른은 누구인가요? 집에 돌아갔을 때 항상 계시나요?
방임,1,집에서 주로 돌봐주는 어른은 누구셔?
방임,1,옛날 시설에서 주로 나를 돌봐주는 사람은 누구인가요?
방임,1,집에 가면 주로 누가 돌봐줘?
방임,1,집에서 주로 친구를 돌봐주는 어른은 누구에요?
방임,1,요즘 주로 나를 돌봐주는 어른은 누구인가요?
방임,1,너랑 주로 많은 시간을 보내는 어른은 누구야?
방임,1,집에서 주로 나를 돌봐주는 사람이 누구예요?
방임,1,집에서 나를 주로 돌봐주는 어른은 누구인가요? 학교 끝나고 집에 돌아갔을 때 항상 집에 계시나요?
방임,1,집에서 평소에 친구를 돌봐주는 어른은 누구야?
방임,1,집에서 나를 주로 돌봐주는 어른은 누구예요?
방임,1,학교나 학원 끝나고 가면 집에 항상 누가 있어요?
방임,1,"집에서 주로 나를 돌봐주는 어른은 누구야? 내가 학교, 학원이 끝나고 집에 오면 항상 계셔?"
방임,1,"그럼, 학교 끝나고 집에 가면 누가 있나요?"
방임,1,"어머니가 빨래나 옷, 밥 등등 잘 챙겨줘요?"
방임,1,집에서 주로 나를 돌봐주는 어른은 누구인가요? 학교나 학원 끝나고 집에 가면 집에 항상 누가 있어요?
방임,1,주로 친구를 돌봐주는 사람은 누구야?
방임,1,집이나 시설에서 주로 친구를 돌봐주는 어른은 누구예요?
방임,1,집에서 나를 주로 돌봐주는 어른은 누구인가요?
방임,1,집에서 주로 누가 돌봐줘? 보통 누가 집에 있어?
방임,1,집에서 주로 우리 친구를 돌봐주는 어른은 누구인가요?
방임,1,집에서 주로 누가 돌봐주셔?
방임,1,평소에 주로 돌봐주는 사람은 누구야?
방임,1,집에서 주로 나를 돌봐주는 어른은 누구인가요? 집에 돌아갔을 때 항상 집에 계시나요?
방임,1,"그럼, 집에서 주로 돌봐주는 어른이 누구예요?"
방임,1,평소에 주로 나를 돌봐주는 어른은 누구야?
방임,1,나를 주로 돌봐주는 어른은 누구인가요? 학교 끝나고 돌아갔을 때 항상 계시나요?
방임,1,학교 끝나고 집에 오면 항상 엄마가 있나요?
방임,1,지금 살고 있는 곳에서 나를 돌봐주는 어른은 누구야?
방임,1,나를 주로 돌봐주시는 어른은 누구야?
방임,1,친구를 주로 돌봐주는 어른은 누구인가요?
방임,1,집에서 친구를 돌봐주는 어른은 누구예요?
방임,1,학교나 학원이 끝나면 집에 항상 누가 있어요?
방임,1,주로 집에서 돌봐주는 사람은 누구인가요?
방임,1,학교 끝나고 집에 오면 항상 할머니가 계셔요?
방임,1,집에서 주로 친구를 돌봐주는 사람이 누구야?
방임,1,집에서 주로 돌봐주는 사람은 누구야?
방임,1,집에서 주로 돌봐주는 어른은 누구야?
방임,1,학교나 학원 끝나고 집에 가면 항상 집에 있는 사람 있어?
방임,1,학교나 학원 끝나고 집에 가면 누가 있나요?
방임,1,집에서 친구를 돌봐주는 어른은 누군가요?
방임,1,집에서 주로 친구를 돌봐주는 어른은 누구셔?
방임,1,집에서 나를 주로 돌봐주는 어른은 누구인가요? 집에 돌아왔을 때 항상 집에 계시나요?
방임,1,"그러면, 주로 친구를 돌봐주는 어른은 누구예요?"
방임,1,학교나 학원 끝나고 집에 가면 누가 계시나요?
방임,1,집에서 주로 돌봐주는 어른은 누구인가요?
방임,1,보육원에서 주로 나를 돌봐주는 사람은 누구인가요?
방임,1,학교나 학원 끝나고 나면 보육원에 항상 누가 있나요?
방임,1,집에서 주로 나를 돌봐주는 어른은 누구인가요? 집에 항상 계신가요?
방임,1,친구를 주로 돌봐주는 사람은 누구인가요?
방임,1,집에서 주로 나를 돌봐주는 어른은 누구야? 항상 집에 계셔?
방임,1,집에서 나를 주로 돌봐주시는 어른은 누구인가요? 집에 돌아갔을 때 항상 계시나요?
방임,1,집에서는 주로 누가 돌봐주는 편이야?
방임,1,"집에서 나를 주로 돌봐주는 어른은 누구인가요? 학교, 학원이 끝나고 가면 항상 집에 계시나요?"
방임,1,학교가 끝나고 집에 가면 주로 집에 누가 있어?
방임,1,친구를 돌봐주는 어른은 누구인가요?
방임,1,집에서 주로 친구를 돌봐주는 어른이 누구에요?
방임,1,형 말고 돌봐주는 어른은 없을까요?
방임,1,학교나 학원이 끝나고 집에 가면 항상 누가 있어요?
방임,1,평소에 주로 누가 보살펴 줘?
방임,1,친구를 돌봐주는 어른은 누구예요?
방임,1,시설에서 주로 돌봐주는 어른은 누구인가요? 항상 계시나요?
방임,1,친구를 주로 돌봐주는 어른은 누구예요?
방임,1,집에서 주로 나를 돌봐주는 어른은 누구인가요? 학교나 학원 끝나면 집에 누가 있나요?
방임,1,학교 끝나고 집에 가면 누가 있어요?
방임,1,우리 친구 주로 돌봐주는 어른은 누구예요?
방임,1,센터에서 주로 나를 돌봐주는 어른은 누구예요?
방임,1,주로 집에서 돌봐주는 어른은 누구예요?
방임,1,나를 주로 돌봐주는 어른은 누구야?
방임,1,평소에 주로 친구를 돌봐주는 어른은 누구예요?
방임,1,엄마랑 아빠가 바쁘면 누가 나를 돌봐줘?
방임,1,학교나 학원이 끝나면 주로 누가 집에 계시나요?
방임,1,센터 선생님이 잘 챙겨주시나요?
방임,1,학교나 태권도 끝나고 집에 오면 항상 엄마가 있는 편이에요?
방임,1,집에서 친구를 봐주시는 어른은 누구예요?
방임,1,시설에서 주로 친구를 돌봐주는 어른은 누구예요?
방임,1,집 안에서 주로 누가 친구를 돌봐줘?
방임,2,한 달에 몇 번 정도 그런 옷을 입었나요?
방임,2,누가 얼마나 자주 오시나요?
방임,2,일주일에 몇 번 정도 그래요?
방임,2,빨래는 자주 하나요?
방임,2,기간은 어느 정도인가요?
방임,2,얼마나 자주 그런가요?
방임,2,한 달에 몇 번이나 그래요?
방임,2,안 오신 적은 없나요?
방임,2,한 달에 몇 번이나 있었어?
방임,2,얼마나 그랬던 거 같아요?
방임,2,얼마나 자주 그래요?
방임,2,자주 그러시나요?
방임,2,얼마나 자주 오시나요?
방임,2,그런 행사에 얼마나 자주 오세요?
방임,2,얼마나 자주 그랬나요?
방임,2,자주 그런 일이 있어요?
방임,2,이런 적이 처음이야?
방임,2,몇 번 정도 그랬어?
방임,2,깜빡하시는 경우가 일주일에 몇 번인가요?
방임,2,얼마나 자주 그랬어?
방임,2,한 달에 몇 번 정도 가는 것 같아?
방임,2,몇 번이나 그러시는 거 같아요?
방임,2,일주일에 몇 번 정도 그런 일이 있어?
방임,2,그런 일이 얼마나 자주 있었어요?
방임,2,그런 적이 일주일에 몇 번 정도 있나요?
방임,2,그런 적이 많이 있어요?
방임,2,한 달에 몇 번 정도 그래?
방임,2,얼마나 그랬어?
방임,2,한 달에 몇 번 정도 그랬어?
방임,2,그런 음식이 자주 나왔나요?
방임,2,몇 번이나 그랬는지 말해 줄 수 있어요?
방임,2,몇 번이나 그런 거 같아요?
방임,2,얼마나 자주 그래?
방임,2,한 달에 몇 번이나 그랬어요?
방임,2,얼마나 자주 그런 일이 있어요?
방임,2,그러면 상처는 지금 어떻게 하고 있나요? 이런 일이 한 달에 몇 번이나 있어요?
방임,2,"그 신발을 얼마나 자주 신고 다녔어? 일주일보다 적은 거 같아, 일주일 넘게 신고 다닌 거 같아?"
방임,2,한 달에 몇 번 정도 그런 일이 있어?
방임,2,일주일에 몇 번이나 그런 일이 있었어?
방임,2,이런 일이 자주 있나요?
방임,2,언제 그랬나요?
방임,2,기간은 어느 정도야?
방임,2,얼마나 자주 그런 적이 있었어요?
방임,2,많이 하는 것 같아요?
방임,2,일주일에 몇 번 정도 그런 일이 있어요?
방임,2,"지금까지를 생각해 보면, 얼마나 많이 오신 것 같아요?"
방임,2,한 달에 몇 번 정도 그렇게 냄새나는 옷을 입었어요?
방임,2,그런 적이 몇 번이었던 거 같아요?
방임,2,그런 일이 얼마나 자주 일어나요?
방임,2,언제 그랬어요?
방임,2,몇 번이나 있어?
방임,2,몇 번이나 그랬어?
방임,2,한 달에 몇 번 정도 그런 일이 있어요?
방임,2,여태까지 몇 번 정도 그랬어?
방임,2,얼마나 자주 그런 일이 있었어요?
방임,2,그런 적이 자주 있나요?
방임,2,그래? 얼마나 기다려야 되니?
방임,2,일주일에 몇 번이나 있어?
방임,2,얼마나 자주 그랬어요?
방임,2,얼마나 오래 그 옷을 입고 다녔어요?
방임,2,엄마가 그렇게 나가는 일이 자주 있나요?
방임,3,집에 혼자 두고 어른들이 말없이 나간 적이 있어요?
방임,3,저녁에 나를 집에 혼자 두고 어른들이 나갔던 적 있나요?
방임,3,저녁에 친구를 집에 혼자 두고 어른들이 나갔던 적이 있어?
방임,3,저녁에 친구를 집에 혼자 두고 어른들이 나갔던 적 있어?
방임,3,친구를 항상 돌봐주는 사람이 갑자기 말도 없이 집을 나가서 안 들어온 적 있어?
방임,3,저녁에 나를 집에 혼자 두고 어른들이 나갔던 적 있나요? 얼마나 자주 이런 일이 있나요?
방임,3,가족 중에 나를 항상 돌봐주는 사람이 갑자기 말도 없이 집을 나가서 안 들어온 적이 있나요?
방임,3,저녁에 친구를 집에 혼자 두고 어른들이 나갔던 적 있나요?
방임,3,엄마가 갑자기 말도 없이 집 나가서 안 들어온 적 있어?
방임,3,"어른들이 집에 친구를 혼자 두고 나가거나, 갑자기 말도 없이 나가서 안 들어온 적이 있어요?"
방임,3,저녁에 친구를 혼자 두고 어른들이 나간다거나 나가서 안 들어온 적이 있을까?
방임,3,저녁에 나를 집에 혼자 두고 엄마가 나간 적 있어?
방임,3,저녁에 나를 두고 어른들이 나간 적 있나요?
방임,3,집에 아무도 안 계신가요?
방임,3,엄마나 아빠가 말없이 집을 나가서 안 들어온 적이 있나요?
방임,3,어른들이 갑자기 말도 없이 집 나가서 안 들어온 적 있어?
방임,3,부모님이 너를 집에 두고 나간 적이 있어?
방임,3,"저녁에 친구를 집에 혼자 두고 어른들이 나가거나, 갑자기 말도 없이 나가서 안 들어온 적이 있어?"
방임,3,저녁에 친구를 집에 혼자 두고 어른들이 나갔던 적이 있었을까요?
방임,3,저녁에 나를 혼자 두고 어른들이 나갔던 적이 있나요?
방임,3,저녁에 친구를 혼자 두고 어른들이 나갔던 적이 있었어요?
방임,3,저녁에 친구를 집에 혼자 두고 어른들이 나갔던 적이 있나요?
방임,3,저녁에 나를 집에 두고 어른들이 나갔던 적 있나요?
방임,3,저녁에 나를 혼자 두고 어른들이 나갔던 적 있어요?
방임,3,"저녁에 친구를 혼자 두고 어른들이 나가거나, 갑자기 말도 없이 집을 나가서 안 들어온 적이 있어요?"
방임,3,어른들이 갑자기 말도 없이 집 나가서 안 들어온 적 있어요?
방임,3,저녁에 그럼 집에 나를 혼자 두고 어른들이 나갔던 적 있어요?
방임,3,"저녁에 친구를 혼자 두고 부모님이 나가거나, 친구한테 말도 없이 집을 나간 적 있나요?"
방임,3,저녁에 나를 혼자 두고 어른들이 나갔던 적 있나요?
방임,3,친구를 항상 돌봐주는 사람이 갑자기 말도 없이 집을 나가서 안 들어 온 적 있어?
방임,3,저녁에 나를 집에 혼자 두고 어른들이 나갔던 적 있어?
방임,3,가족 중에 친구를 항상 돌봐주는 사람이 갑자기 말도 없이 집을 나가서 안 들어온 적 있어?
방임,3,저녁에 나를 두고 어른들만 나간 적 있어?
방임,3,저녁에 나를 집에 혼자 두고 어른들이 나갔던 적이 있나요?
방임,3,집에 먹을 게 없을 때 도움을 요청할 어른이 있나요?
방임,3,저녁에 나를 집에 혼자 두고 나가거나 말 없이 나가서 안 들어 오신 적 있어?
방임,3,어른들이 너에게 말해주지 않고 집을 비우거나 혼자 두고 간 적 있어?
방임,3,저녁에 나를 집에 혼자 두고 어른들이 나갔던 적은 있을까?
방임,3,저녁에 나를 집에 혼자 두고 어른들이 나갔던 적 있나요? 얼마나 자주 이런 일이 있었나요?
방임,3,"저녁에 친구를 혼자 두고 아빠가 밖에 나가거나, 친구한테 말도 없이 집을 나간 적 있나요?"
방임,3,저녁에 친구를 집에 혼자 두고 어른들이 나갔던 적 있었나요?
방임,3,저녁에 엄마가 친구를 혼자 두고 나간 적이 있을까?
방임,3,저녁에 나를 집에 혼자 두고 어른들이 나갔던 적이 있을까?
방임,3,저녁에 나를 혼자 두고 어른들이 나가거나 안 들어온 적 있나요?
방임,3,저녁에 나를 집에 혼자 두고 나가거나 말없이 집에 나가서 안 들어오신 적 있어?
방임,3,엄마가 말도 없이 집을 나가서 안 들어 온 적 있어요?
방임,3,친구 부모님이나 할머니가 저녁에 나를 집에 혼자 두고 나가시거나 아니면 말도 없이 나가서 안 들어오신 적 있어?
방임,3,저녁에 나를 집에 혼자 두고 나가거나 말도 없이 나가서 안 들어온 적이 있어?
방임,3,"저녁에 친구를 집에 혼자 두고 나가거나, 갑자기 말도 없이 집을 나가서 안 들어온 적이 있어요?"
방임,3,저녁에 나를 집에 혼자 두고 어른들이 나간 적 있어?
방임,3,아줌마가 갑자기 말도 없이 집 나가서 안 들어온 적 있어?
방임,3,가족 중에 친구를 항상 돌봐주는 사람이 갑자기 말도 없이 집을 나가서 안 들어온 적이 있어?
방임,3,가족 중에 나를 항상 돌봐주는 사람이 갑자기 말도 없이 집을 나가서 안 들어온적이 있나요?
방임,3,어른들이 나를 집에 혼자 두고 나가거나 말없이 집을 나가서 들어오지 않은 적 있어?
방임,3,집에 혼자 두고 어른들이 말없이 나간 적 있어요?
방임,3,저녁에 친구를 혼자 두고 어른들이 나간 적은 있어?
방임,3,부모님이 갑자기 말도 없이 집을 나가서 안 들어온 적은 있을까?
방임,3,저녁에 나를 집에 혼자 두고 아빠가 나간 적 있나요?
방임,3,아빠가 나가시고 집에 안 들어오신 적도 있나요?
방임,3,어른들이 갑자기 말도 없이 집을 나가서 안 들어오거나 친구를 혼자 두고 나간 적 있나요?
방임,3,집에서 친구를 항상 돌봐주는 사람이 갑자기 말도 없이 집을 나가서 안 들어온 적 있어?
방임,3,"어른들이 집에 친구를 혼자 두고 나가거나, 갑자기 말도 없이 나가서 안 들어온 적 있어요?"
방임,3,저녁에 친구를 혼자두고 어른들이 나간다거나 나가서 안들어온 적이 있을까?
방임,3,가족 중에 어른들이 갑자기 말도 없이 집 나가서 안 들어온 적이 있어?
방임,3,저녁에 집에 혼자 두고 어른들이 나갔던 적 있어?
방임,3,"저녁에 친구를 집에 혼자 두고 어른들이 나가거나, 갑자기 말도 없이 나가서 안 들어 온 적이 있어?"
방임,3,저녁에 나를 집에 혼자 두고 어른들이 나갔던 적 있어요?
방임,3,저녁에 친구를 집에 혼자 두고 어른들이 나갔던 적이 있어요?
방임,3,저녁에 친구를 집에 혼자 두고 어른들이 나갔던 적 있어요?
방임,3,엄마가 갑자기 말도 없이 집을 나가서 안 들어온 적 있어?
방임,3,저녁에 집에 혼자 두고 어른들이 나갔던 적 있나요?
방임,3,엄마가 저녁에 나를 집에 혼자 두고 나가거나 갑자기 말도 없이 집을 나가서 안 들어온 적 있어요?
방임,3,"밤에 친구를 혼자 두고 어른들이 나가거나, 갑자기 말도 없이 나가서 센터를 안 들어 온 적이 있어요?"
방임,3,혹시 엄마가 친구를 집에 혼자 두고 저녁에 나가신 적 있었어요?
방임,3,저녁에 나를 혼자 두고 어른들이 나가거나 안 들어온 적이 있나요?
방임,3,어른들이 갑자기 말도 없이 집을 나가서 안 들어온 적 있어?
방임,3,저녁에 친구를 시설에 혼자 두고 어른들이 나갔던 적 있어?
방임,3,시설에 있는 친구를 항상 돌봐주는 사람이 갑자기 말도 없이 시설을 나가서 안 들어온 적 있어?
방임,3,저녁에 나를 집에 혼자 두고 어른들이 나간 적은 있을까?
방임,3,엄마가 친구를 집에 혼자 두고 저녁에 나가신 적 있었어요?
방임,3,저녁에 친구를 모텔에 혼자 두고 어른들이 나갔던 적 있어?
방임,3,친구를 항상 돌봐주는 사람이 갑자기 말도 없이 모텔을 나가서 안 들어온 적 있어?
방임,3,어른들이 갑자기 집에 들어오지 않은 적이 있니?
방임,3,"저녁에 친구를 집에 혼자 두고, 어른들이 나갔던 적 있어?"
방임,3,"저녁에 나를 집에 혼자 두고, 어른들이 나갔던 적 있나요?"
방임,3,저녁에 친구를 혼자 두고 어른들이 나간 적이 있다거나 나가서 안 들어온 적이 있을까?
방임,3,저녁에 친구를 혼자두고 어른들이 나간다거나 나가서 안 들어온 적이 있을까?
방임,3,"저녁에 친구를 집에 혼자 두고 나가거나, 갑자기 말도 없이 집을 나가서 안 들어온 적이 있어?"
방임,3,아빠가 말없이 집을 나가서 안 들어온 적이 있나요?
방임,3,저녁에 친구를 집에 두고 혼자 어른들이 나갔던 적이 있었어?
방임,3,저녁에 친구를 집에 혼자 두고 엄마가 나간 적 있어? 있으면 얼마나 자주 그랬어?
방임,3,엄마가 갑자기 말도 없이 집을 나가서 안 들어온 적은 있어?
방임,3,"저녁에 친구를 집에 혼자 두고 나가거나, 갑자기 말도 없이 집을 나가서 안 들어 온 적이 있어요?"
방임,3,저녁에 나를 혼자 두고 어른이 나갔던 적이 있나요?
방임,3,저녁에 아무도 없이 혼자 집에 남은 적 있어?
방임,3,가족 중에 항상 돌봐주는 사람이 갑자기 말도 없이 집을 나가서 안 들어온 적 있어?
방임,3,엄마나 아빠가 말없이 집을 나가서 안 들어온 적 있나요?
방임,3,"저녁에 친구를 집에 혼자 두고 나가거나, 말도 없이 집을 나가서 안 들어온 적이 있어?"
방임,3,저녁에 친구를 집에 혼자 두고 어른들이 나갔던 적 있을까?
방임,3,가족 중에 나를 항상 돌봐주는 사람이 갑자기 말도 없이 집을 나가서 안 들어온 적 있나요?
방임,3,"저녁에 나를 집에 혼자 두고 나가시거나, 갑자기 말도 없이 나가서 안 들어오신 적 있어?"
방임,3,저녁에 나를 집에 혼자 두고 나가거나 갑자기 말도 없이 집을 나가서 안 들어오신 적 있어?
방임,3,저녁에 나를 집에 혼자 두고 어른들이 나갔던 적 있을까?
방임,3,"저녁에 친구를 집에 혼자 두고 나가거나, 말도 없이 집을 나가서 안 들어 온 적이 있어?"
방임,3,저녁에 친구를 혼자 두고 어른들이 나갔던 적이 있나요?
방임,3,저녁에 친구를 혼자 두고 어른들이 나간 적 있어?
방임,3,부모님이 갑자기 말도 없이 집을 나가서 안 들어온 적 있어?
방임,3,아버지와 시간을 많이 못 보내나요?
방임,3,"저녁에 나를 집에 혼자 두고 어른들이 나가거나, 갑자기 말도 없이 나가서 안 들어온 적 있어?"
방임,3,"저녁에 어른들이 친구를 집에 두고 혼자 나가거나, 갑자기 말도 없이 집을 나가서 안 들어온 적이 있어?"
방임,3,어른들이 저녁에 친구를 집에 혼자 두고 나갔던 적은 있나요?
방임,3,나를 혼자만 두고 어른들이 다 나가셨던 적이 있었어?
방임,3,부모님이 한 번도 오신 적이 없으신가요?
방임,3,"저녁에 친구를 혼자 두고 어른들이 나가거나, 말도 없이 집을 나가서 안 들어온 적이 있어요?"
방임,3,돌봐주는 어른이 갑자기 말도 없이 집 나가서 안 들어온 적 있어?
방임,3,아빠는 안 오셨나요?
방임,3,저녁에 친구를 집에 혼자 두고 어른들이 나갔던 적은?
방임,3,저녁에 나를 혼자 두거나 말하지 않고 자리를 비우는 어른이 있었어?
방임,3,시설에서 친구를 항상 돌봐주는 사람이 갑자기 말도 없이 시설을 나가서 안 들어온 적 있어?
방임,3,저녁에 친구를 집에 혼자 두고 어른들이 나갔던 적이 있었어요?
방임,3,저녁에 나를 집에 혼자 두고 나가거나 말없이 집을 나가서 안 들어온 적 있어?
방임,3,저녁에 너희를 두고 어른들이 나갔던 적 있었어?
방임,3,저녁에 친구를 혼자 두고 어른들이 밖에 나가거나 나가서 안 들어온 적이 있을까?
방임,3,어른들이 저녁에 나를 집에 혼자 두고 나간 적이 있나요?
방임,3,집에 나를 혼자 두고 어른들이 말도 없이 나간 적이 있어요?
방임,3,저녁에 나를 집에 혼자 두고 어른들이 나갔던 적 있니?
방임,3,혹시 엄마는 집에 잘 안 계시는 거예요?
방임,3,"저녁에 나를 집에 혼자 두고 나가거나, 갑자기 말도 없이 집을 나가서 안 들어오신 적 있어?"
방임,3,어른들이 말없이 집을 나가서 안 들어온 적이 있나요?
방임,3,저녁에 친구를 집에 혼자 두고 어른들이 나갔던 적 있었어요?
방임,3,가족 중에 나를 항상 돌봐주는 사람이 갑자기 말도 없이 집을 나가서 안 들어온 적 있어?
방임,3,돌봐주는 어른이 갑자기 말도 없이 집에 나가서 안 들어온 적도 있나요?
방임,3,저녁에 친구 혼자 집에 있었던 적이 있나요?
방임,3,어른들이 친구를 혼자 두고 밖에 나간 적이 있나요?
방임,4,운동회나 참관 수업 또는 학부모 상담 같은 학교 행사가 있으면 어른들이 잘 오는 편이야?
방임,4,운동회 같은 행사에 어른들이 잘 와?
방임,4,어른들이 학교 행사에 잘 오세요?
방임,4,"어른들이 운동회나 참관 수업, 또는 학부모 상담에 잘 오시나요?"
방임,4,어른들이 참여해야 하는 학교 행사에 잘 오시나요?
방임,4,"어른들이 운동회나 참관 수업, 학부모 상담 같은 학교 행사에 잘 오셔?"
방임,4,운동회나 수업 참관 같은 학교행사에 잘 오시는 편이야?
방임,4,어른들이 운동회나 참관 수업 같은 학교 행사에 잘 오시는 편이에요?
방임,4,"어른들이 운동회나 참관 수업, 학부모 상담 같은 학교 행사에 잘 오시나요? 안 오신 적은 없나요?"
방임,4,어른들이 학부모 상담 같은 학교 행사에 잘 오시나요?
방임,4,엄마가 학교에 참석해야 하는 행사에 잘 오세요?
방임,4,어른들이 학부모 상담 같은 참여해야 하는 학교 행사에 잘 오시나요?
방임,4,운동회나 참관 수업 같은 학교행사에 누가 오는 편이야?
방임,4,어른들이 운동회나 참관 수업 또는 학부모 상담 같은 학교 행사에 잘 오시나요?
방임,4,어른들이 운동회나 참관 수업 같은 학교에 오는 행사에 잘 오셔?
방임,4,"부모님이 운동회나 참관수업, 학부모 상담 등 학교 행사에 잘 오시나요?"
방임,4,"부모님이 운동회나 참관 수업, 학부모 상담 등 학교 행사에 잘 오시나요?"
방임,4,부모님이 운동회나 참관 수업 같은 학교에 오는 행사에 잘 오셔?
방임,4,"어른들이 운동회나 참관 수업, 학부모 상담 등 학교 행사에 잘 오시나요?"
방임,4,부모님이 운동회나 참관수업에 잘 오셔?
방임,4,어른들이 운동회나 참관수업 같은 학교 행사에 자주 오셔?
방임,4,어른들이 운동회나 참관 수업 또 학부모 상담 같은 학교 행사에 잘 오시니?
방임,4,운동회나 참관수업 같은 학교 행사에 어른들이 잘 오시나요?
방임,4,어른들이 운동회나 참관수업 또는 학부모 상담 같은 학교 행사에 잘 오시나요?
방임,4,어른들이 운동회나 참관수업에 잘 오셔?
방임,4,아버지가 운동회나 참관 수업 같은 학교에 오는 행사에 잘 오셔?
방임,4,"부모님이 운동회나 참관수업, 학부모 상담에 잘 오셔?"
방임,4,운동회나 참관 수업 같은 학교 행사에 부모님이 잘 오시나요?
방임,4,"어른들이 운동회, 참관 수업, 상담 등 학교 행사에 잘 오시나요?"
방임,4,어른들이 학교 행사에 잘 오시나요?
방임,4,어른들이 학교에 참석해야 하는 행사에 잘 오세요?
방임,4,어른들이 학부모 상담이나 운동회 같은 학교 행사에 잘 오시나요?
방임,4,어른들이 운동회나 참관 수업 같은 학교 행사에 잘 오셔? 안 오신 적은 없어?
방임,4,부모님이 학교 행사에 잘 참여하시나요?
방임,4,시설 선생님이 운동회나 참관 수업 같은 학교에 오는 행사에 오셔?
방임,4,어른들이 운동회나 학부모 상담 같은 학교 행사에는 잘 오셔?
방임,4,어른들이 참여해야 하는 학교행사가 있을 때 어른들이 잘 오셔?
방임,4,어른들이 운동회나 참관 수업 또는 학부모 상담에 잘 오시나요?
방임,4,어른들이 운동회나 참관 수업 같은 학교 행사에 자주 오셔?
방임,4,어른들이 학교행사나 학부모 상담 같은 이유로 학교 잘 오셔?
방임,4,아빠가 운동회나 참관 수업 같은 학교 행사에 잘 오시는 편이세요?
방임,4,어른들이 운동회나 참관 수업 같은 학교 행사에 잘 오셔?
방임,4,어른들이 운동회나 참관 수업 또는 학부모 상담 같은 학교 행사에 잘 오시니?
방임,4,운동회나 참관수업 같은 학교 행사에 누가 오는 편이야?
방임,4,어른들이 학교에 참석해야 하는 행사에 잘 오시는 것 같아?
방임,4,"어른들이 학부모 상담이나 참관 수업 같은, 참여해야 하는 학교 행사에 잘 오시나요?"
방임,4,어른들이 운동회나 참관 수업 같은 학교 행사에 잘 오시나요?
방임,4,부모님이 운동회나 학부모 상담 같은 학교 행사에 잘 오시나요?
방임,4,어른들이 참여해야 하는 학교 행사가 있을 때 어른들이 잘 오셔?
방임,4,어른들이 운동회나 학예회 같은 학교 행사에 잘 오시는 편인가요?
방임,4,"어른들이 운동회나 참관수업, 학부모 상담에 잘 오셔?"
방임,4,할머니가 운동회나 참관 수업 같은 학교에 오는 행사에 잘 오셔?
방임,4,부모님이 학교 행사에는 다 오시나요?
방임,4,어른들이 운동회나 참관 수업 또는 학부모 상담 같은 학교 행사에 잘 오시나요? 안 오신 적은 없나요?
방임,4,엄마가 참관 수업이나 학교행사에 온 적이 있나요?
방임,4,"부모님이 운동회나 참관 수업, 학부모 상담에 잘 오셔?"
방임,4,어른들이 운동회나 참관 수업 같은 학교 행사에 자주 오세요?
방임,4,부모님이 학교행사에 잘 참여하시나요?
방임,4,"어른들이 운동회나 참관수업, 학부모 상담 등 학교 행사에 잘 오시나요?"
방임,4,"부모님이 운동회, 참관수업, 상담 등 학교 행사에 잘 오시나요?"
방임,4,어른들이 학교에 참석해야 하는 행사에 잘 오셔?
방임,4,"엄마가 운동회나 참관 수업, 학부모 상담 등 학교 행사에 잘 오시나요?"
방임,4,어른들이 학부모 상담 같은 학교 행사에 잘 오셔?
방임,4,운동회나 수업참관 같은 학교행사에 잘 오시는 편이야?
방임,4,"어른들이 운동회, 공개 수업, 학부모 상담 같은 학교 행사에 잘 오시나요?"
방임,4,어른들이 학교에 참석해야 하는 행사에 잘 오시나요?
방임,4,어른들이 학교에 참석해야 하는 행사에 잘 오는 것 같아?
방임,4,어른들이 참여해야 하는 학교행사가 있을 때 잘 오시나요?
방임,4,"아빠가 운동회나 참관 수업, 학부모 상담 등 학교 행사에 잘 오시나요?"
방임,4,부모님이 학교 행사에는 잘 오셔?
방임,4,엄마가 운동회나 참관수업 같은 학교 행사에는 잘 오시나요?
방임,4,운동회나 공개수업 같은 학교 행사가 있으면 잘 오시는 편이에요?
방임,4,"운동회나 참관 수업 또는 학부모 상담 같은 학교 행사가 있으면 
어른들이 잘 오는 편이야?"
방임,4,할머니가 운동회나 참관 수업 같은 학교 행사에 잘 오시나요?
방임,4,아버지가 운동회나 참관 수업 같은 학교에 오는 행사에 오셔?
방임,4,어른들이 운동회나 참관수업 같은 학교 행사에 잘 오시나요?
방임,4,어른들이 운동회나 학교 행사에 잘 오시나요?
방임,4,어른들이 학교에 참여해야 하는 행사에 잘 오세요?
방임,4,어른들이 오셔야 하는 학교행사가 있을 때 잘 오셔?
방임,4,"어른들이 운동회나 참관 수업, 학부모 상담에 잘 오세요?"
방임,4,운동회나 참관수업 같은 거 있을 때 엄마나 아빠가 학교에 잘 오세요?
방임,4,"엄마나 아빠가 참관 수업, 학예회, 운동회 등에 자주 참석하시나요?"
방임,4,"아버지가 운동회나 참관수업, 학부모 상담 등 학교 행사에 잘 오시나요?"
방임,4,어른들은 학교 행사에 잘 오시는 편이야?
방임,4,부모님이 운동회나 참관 수업 같은 학교 행사에 잘 오시는 편이야?
방임,4,아버지가 학교에 오는 행사에 오셔?
방임,4,어른들이 운동회나 참관 수업 같은 학교에 오는 행사에 잘 오시는 편이야?
방임,4,선생님께서 학부모 상담 같은 학교 행사에 잘 오시나요?
방임,4,어른들이 운동회나 참관 수업 또는 학부모 상담 같은 행사에 잘 오시나요?
방임,4,부모님이 학부모 상담 같은 학교 행사에 잘 오시나요?
방임,4,어른들이 운동회 같은 학교 행사에 잘 오시나요?
방임,4,부모님이 참관 수업이나 행사에 잘 오시나요?
방임,4,운동회나 참관 수업 같은 학교 행사에 잘 오시는 편이야?
방임,4,"시설 선생님이 운동회나 참관수업, 학부모 상담 등 학교 행사에 잘 오시나요?"
방임,4,어른들이 운동회나 참관 수업 같은 학교 행사에 잘 오나요?
방임,4,"어른들이 운동회, 참관 수업, 학부모 상담 같은 학교 행사에 잘 오시나요? 열 번이라고 하면 몇 번 정도 오시는 거 같아요?"
방임,4,"아빠가 운동회나 참관수업, 학부모 상담 등 학교 행사에 잘 오시나요?"
방임,4,가족들이 운동회 같은 학교 행사에 잘 오시나요?
방임,4,운동회나 수업 참관 같은 학교 행사에 잘 오시는 편이야?
방임,4,어른들이 운동회나 참관 수업 같은 학교행사에 잘 오셔?
방임,4,어른들이 운동회나 참관수업 같은 학교행사에 잘 오셔?
방임,4,어른들이 운동회나 참관 수업에 잘 오셔?
방임,4,"어른들이 운동회나 참관 수업, 학부모 상담에 잘 오시나요?"
방임,4,운동회나 참관수업에 부모님이 잘 오시니?
방임,4,어머니가 운동회나 참관 수업 같은 학교에 오는 행사에 잘 오셔?
방임,4,어른들이 와야 하는 학교 행사가 있을 때 잘 오실까?
방임,4,어른들이 운동회나 참관 수업같은 학교 행사에 잘 오시나요?
방임,4,부모님이 학교 행사에 잘 오시나요?
방임,4,행사마다 다 오시나요?
방임,4,부모님이 참관 수업이나 학부모 상담 같은 학교 행사에 잘 오셔?
방임,4,어른들이 운동회나 참관 수업 같은 학교에 오는 행사에 잘 오시나요?
방임,4,삼촌이 운동회나 참관 수업 또는 학부모 상담 같은 학교 행사에 잘 오시나요?
방임,4,아빠가 운동회나 참관 수업 같은 학교 행사에 잘 오시나요?
방임,4,어른들이 참여해야 하는 학교행사가 있을 때 부모님이나 어른들이 잘 오셔?
방임,4,어른들이 오셔야 하는 학교 행사가 있을 때 잘 오셔?
방임,4,"어른들이 운동회, 참관수업, 상담 등 학교 행사에 잘 오시나요?"
방임,4,운동회나 참관수업에 부모님 잘 오셔?
방임,4,아빠가 운동회나 참관수업 같은 학교 행사에 자주 오시나요?
방임,4,어른들이 운동회나 참관수업이나 아니면 학부모 상담 같은 학교 행사에 잘 오세요?
방임,4,어른들이 학부모 상담 같은 학교 행사에 자주 오셔?
방임,4,"부모님이 운동회나 참관수업, 학부모 상담에 잘 오시나요?"
방임,4,엄마 아빠가 학교 행사에 잘 오는 편이야?
방임,4,어른들은 학교에 참석해야 하는 행사에 잘 오셔?
방임,4,어른들이 참여해야하는 학교 행사에 잘 오시나요?
방임,4,"부모님 및 할아버지가 운동회, 참관수업 등 학교 행사에 오시나요?"
방임,4,어른들이 운동회나 참관 수업 같은 학교 행사에 자주 오시는 편이에요?
방임,4,어른들이 와야 하는 핵교+ 학교행사가 있을 때 부모님이 오시나요?
방임,4,부모님이 운동회나 참관 수업 또는 학부모 상담 같은 학교 행사에 잘 오시나요?
방임,4,부모님이 운동회나 참관 수업 같은 학교에 오는 행사에 오셔?
방임,4,어른들이 학교 행사에는 잘 오셔?
방임,4,"어른들이 운동회나 참관수업, 학부모 상담에 잘 오세요?"
방임,4,어른들이 운동회나 학부모 상담 같은 학교 행사에는 잘 오세요?
방임,4,어른들이 학교에 참석해야 하는 행사에 잘 오시니?
방임,4,어른들이 참여해야 하는 학교 행사에는 잘 오시나요?
방임,4,선생님이 운동회 같은 학교 행사에 잘 오시나요?
방임,4,"부모님이 운동회나 학부모 상담, 행사에 잘 참여하시나요?"
방임,4,"어른들이 운동회나 참관 수업, 학부모 상담 같은 학교 행사에 잘 오셨어?"
방임,4,어른들이 운동회 같은 행사에 잘 와?
방임,4,아빠가 운동회나 학부모 상담 같은 학교 행사에 잘 오세요?
방임,4,"어른들이 학부모 상담 같은, 참여해야 하는 학교 행사에 잘 오시나요?"
방임,4,아빠가 운동회나 참관 수업 또는 학부모 상담 같은 학교 행사에 잘 오시나요? 안 오신 적은 없나요?
방임,4,지금까지 있었던 행사들 중에 어른이 참석한 행사는 얼마나 되는 것 같아요?
방임,4,부모님이 운동회나 참관수업 같은 학교 행사에 잘 오시나요?
방임,4,어른들이 참여해야 하는 학교 행사에 잘 오세요?
방임,4,보호자들이 운동회나 참관 수업 같은 학교에 오는 행사에 오셔?
방임,4,아빠가 운동회나 부모 상담 같은 학교 행사에 잘 오시나요?
방임,4,어른들이 학교에 오셔야 하는 행사에는 잘 오셔?
방임,4,어머니가 운동회나 참관 수업 또는 학부모 상담 같은 학교 행사에 잘 오시나요?
방임,4,"어른들이 운동회나 창간 수업, 또 학부모 상담 같은 학교 행사에 잘 오시니?"
방임,4,"부모님이 운동회나 참관수업, 상담 등에 잘 오시나요?"
방임,4,어른들이 운동회나 참관 수업 또는 뭐 학부모 상담 같은 학교 행사에 잘 오셔?
방임,4,"시설 선생님이 운동회나 참관 수업, 학부모 상담 등 학교 행사에 잘 오시나요?"
방임,4,"할머니가 운동회, 참관 수업, 학부모 상담 같은 학교 행사에 잘 오시나요? 열 번이라고 하면 몇 번 정도 오시는 거 같아요?"
방임,4,어머니가 운동회나 참관 수업 같은 학교에 오는 행사에 오셔?
방임,4,어른들이 학교 행사에 잘 오시는 편인가요?
방임,4,"부모님이 운동회, 참관 수업, 상담 등 학교 행사에 잘 오시나요?"
방임,4,부모님이 운동회나 수업 참관 같은 학교행사에 잘 오시는 편인가요?
방임,4,어른들이 학부모 상담 같은 학교 행사에 자주 오시나요?
방임,4,어른들이 운동회나 참관수업 같은 행사에 잘 오셔?
방임,4,엄마가 운동회 같은 학교 행사에 잘 오시나요?
방임,4,"어른들이 학부모 상담, 운동회 같은 학교 행사에 잘 오시나요?"
방임,4,어른들이 운동회나 학부모 상담 같은 학교 행사에 잘 오셔?
방임,4,운동회나 참관수업 같은 학교 행사에 부모님이 잘 오시나요?
방임,4,부모님이 학교에 참석해야 하는 행사에 자주 오세요?
방임,4,할아버지가 참관 수업이나 운동회 같은 학교 행사에는 잘 오셔?
방임,4,"어른들이 학부모 상담이나 학예회 같은, 참여해야 하는 학교 행사에 잘 오시나요?"
방임,4,어른들이 학부모 상담 같은 학교 행사에 잘 오시나요? 안 오신 적은 없나요?
방임,4,어른들이 운동회나 학부모 상담 같은 학교 행사에 잘 오시나요?
방임,4,학교에 참석해야 하는 행사에 어른들이 잘 오세요?
방임,4,어른들이 와야 하는 학교행사가 있을 때 잘 오실까?
방임,4,학부모 상담 같은 학교 행사에는 부모님이 잘 오셔?
방임,4,"평소 어른들이 운동회나 참관 수업, 학부모 상담 등 학교 행사에 잘 오시나요?"
방임,4,엄마가 학교 행사에 잘 참여하시는 편이에요?
방임,4,할머니 할아버지가 운동회나 참관 수업 또는 학부모 상담 같은 학교 행사에 잘 오시나요?
방임,4,학교행사 같은 곳에 부모님이 잘 오시는 편이야?
방임,4,어른들이 와야 하는 학교 봉사가 있을 때 부모님이 오시나요?
방임,4,부모님이 운동회나 참관수업처럼 학교 행사에 잘 와?
방임,4,부모님이 학교 행사에는 잘 오세요?
방임,4,어른들이 운동회나 참관수업 같은 학교 행사에 자주 오세요?
방임,4,"어른들이 운동회나 참관수업, 학부모 상담 같은 학교 행사에 잘 오셔?"
방임,4,부모님이나 운동회나 참관 수업 같은 학교에 오는 행사에 잘 오셔?
방임,4,어른들이 학부모 상담이나 학예회와 같은 학교 행사에 잘 오시나요?
방임,4,어른들이 참관 수업 같은 학교 행사에 잘 오시나요?
방임,4,엄마가 학교 행사에 잘 참여하시나요?
방임,4,부모님이 운동회나 참관 수업 같은 학교 행사에 잘 오시나요?
방임,4,어머니가 학부모 상담 같은 학교 행사에 잘 오시나요?
방임,4,부모님이 예전에 운동회나 참관 수업 같은 학교에 오는 행사에 잘 오셨어?
방임,4,부모님이 학교 행사에는 잘 오시는 편이야?
방임,4,어른들이 운동회나 학예회 같은 학+ 학교 행사에 잘 오시는 편인가요?
방임,4,"선생님이 운동회나 참관 수업, 학부모 상담 등 학교 행사에 잘 오시나요?"
방임,4,어른들이 운동회나 참관 수업 또는 학부모 상담 같은 학교 행사에 잘 오셔?
방임,4,어른들이 운동회나 참관수업같은 학교 행사에 많이 와?
방임,4,학교행사 같은 곳에 누가 주로 오셔? 오시면 다섯 번 중에 몇 번 정도 오시는 것 같아?
방임,4,어른들이 오셔야 하는 학교행사가 있을 때 잘 오시나요?
방임,4,어른들이 운동회나 참관수업 또 학부모 상담 같은 학교 행사에 잘 오시니?
방임,4,"어른들이 운동회나 참관 수업, 학부모 상담 등 학교 행사에 잘 오셔?"
방임,4,어른들이 운동회나 참관 수업 같은 학교 행사에 잘 참여하시나요?
방임,4,부모님이나 주변 어른이 학부모 상담이나 참관 수업 같은 학교 행사에 오시나요?
방임,4,아빠가 운동회나 참관 수업 같은 학교에 오는 행사에 잘 오셔?
방임,4,아빠가 운동회나 참관수업 같은 학교 행사에 잘 오시나요?
방임,4,아버지가 운동회나 참관 수업 같은 학교 행사에 잘 오시나요?
방임,4,어른들이 학교 행사에 잘 와?
방임,4,"어른들이 학부모 상담이나 학예회 같은, 참여해야 하는 학교 행사에 잘 오셔?"
방임,4,운동회나 참관수업 같은 학교 행사에 어른들이 잘 오는 편이야?
방임,4,어른들이 운동회나 참관수업 같은 학교 행사에 자주 와?
방임,4,부모님이나 보모 선생님이 운동회나 참관 수업 같은 학교에 오는 행사에 잘 오셔?
방임,4,어른들이 운동회 같은 행사에 잘 오시니?
방임,4,어른들이 운동회나 참관 수업에 잘 오는 편이야?
방임,4,부모님이 운동회나 참관 수업 같은 학교 행사에 잘 오세요?
방임,4,어른들이 참여해야 하는 학교행사가 있을 때 어른들이 잘 오시나요?
방임,4,어른들이 학교 행사나 학부모 상담 같은 이유로 학교 잘 오셔?
방임,4,부모님이 운동회나 학예회 같은 학교 행사에 잘 오시나요?
방임,4,아버지가 학부모 상담 같은 학교 행사에 잘 오시나요?
방임,4,선생님이 운동회나 참관 수업 같은 학교 행사에 잘 오시나요?
방임,4,어른들이 학교에 참석해야 하는 행사에 잘 오시는 편이야?
방임,4,아버지가 운동회나 참관 수업같은 학교에 오는 행사에 잘 오셔?
방임,4,어른들이 학부모 상담 같은 학교 행사에 자주 오셔요?
방임,4,조부모님이 학부모 상담 같은 학교 행사에 잘 오시나요?
방임,4,"어른들이 운동회, 참관수업, 상담 등 학교 행사에 잘 오시는 것 같아?"
방임,4,운동회나 수업 참관 같은  학교 행사에 잘 오시는 편이야?
방임,4,부모님이 운동회 같은 학교 행사에 잘 참여하시나요?
방임,4,엄마가 운동회나 그런 거로 학교에 잘 가는 편이에요?
방임,4,부모님이 운동회나 참관 수업 같은 학교 행사에 잘 오셔?
방임,4,부모님이 운동회나 참관 수업 같은 학교 행사에 잘 오시는 편이에요?
방임,4,학교에서 부모님이 참관하셔야 하는 행사에 잘 오세요?
방임,4,어른들이 운동회나 참관수업같은 학교 행사에 자주 오셔?
방임,4,어른들이 운동회나 참관 수업 학부모 상담 같은 학교 행사에 잘 오셔?
방임,4,"할머니가 운동회나 참관 수업, 학부모 상담 등 학교 행사에 잘 오시나요?"
방임,4,"어른들이 학부모 상담이나 참관 수업 같은, 참여해야 하는 학교 행사에 잘 오셔?"
방임,4,어른들이 운동회나 참관 수업 또는 학부모 상담 같은 학교행사에 잘 오시니?
방임,4,운동회나 참관 수업 또는 학부모 상담 같은 학교 행사가 있으면 어른들이 잘 오는 편인가요?
방임,4,어른들이 운동회나 학부모 상담이나 수업 참관 이런 학교 행사 잘 오셔?
방임,4,어른들이 학부모 상담이나 참관수업 같은 학교 행사에 자주 오시나요?
방임,4,학교에 참석해야 하는 행사에 어른들이 잘 오시나요?
방임,4,"할머니, 할아버지께서 운동회나 참관 수업 같은 학교 행사에 잘 오시나요?"
방임,4,어른들이 학부모 상담이나 학예회 같은 학교 행사에 잘 오시나요?
방임,4,어른들이 참여해야하는 학교 행사가 있을 때 어른들이 잘 오셔?
방임,4,어머니가 운동회나 참관 수업같은 학교에 오는 행사에 잘 오셔?
방임,4,어른들이 운동회나 참관 수업 같은 학교 행사에 잘 오시는 편이야?
방임,4,어른들이 학교행사에 잘 오셔?
방임,4,어른들이 학교에 참석해야 하는 행사 잘 오세요?
방임,4,부모님이 운동회나 참관 수업 같은 학교에 오는 행사에 오시나요?
방임,4,부모님이 학교 행사에 자주 참여하시는 편이에요?
방임,4,"어른들이 운동회나 참관 수업, 학부모 상담 같은 학교에 오는 행사에 잘 오시는 편이야?"
방임,4,어른들이 학교에서 행사나 상담 때문에 학교에 방문하라고 하시면 오시니?
방임,4,운동회 같은 학교 행사에 어른들이 잘 오는 편이야?
방임,4,"어른들이 참관 수업 같은, 참여해야 하는 학교 행사에 잘 오시나요?"
방임,4,엄마가 학교 운동회나 참관 수업에는 잘 오시나요?
방임,4,"어른들이 운동회나 참관 수업, 학부모 상담에 잘 오셔?"
방임,4,어른들이 오셔야 하는 학교행사가 있을 때는 잘 오세요?
방임,4,학교행사가 있을 때 부모님이 오시나요?
방임,4,운동회나 수업 참관 같은 학교행사에 부모님이 잘 오시는 편이야?
방임,4,운동회나 수업 참관 같은 학교행사에 잘 오시는 편인가요?
방임,4,"할머니나 어른들이 운동회나 참관수업, 학부모 상담에 잘 오시나요?"
방임,4,어른들이 학부모 상담이나 운동회+ 운동회 같은 학교 행사에 잘 오시나요?
방임,4,운동회나 참관수업 같은 학교 행사에 어른들이 자주 오셔?
방임,4,운동회나 참관 수업 같은 학교 행사에 어른들이 잘 오시나요?
방임,4,어른들이 참여해야 하는 학교 행사에 잘 오시는 것 같아?
방임,4,어른들이 와야 하는 행사가 있을 때 부모님이 오시나요?
방임,4,엄마 아빠가 운동회 같은 행사에 잘 오는 편이야?
방임,4,어른들이 참관 수업이나 운동회 같은 학교 행사에도 안 오겠네요?
방임,4,어른들이 학부모 상담 같은 학교 행사에 잘 오나요?
방임,4,어른들이 학교행사나 학부모 상담 같은 이유로 잘 오셔?
방임,4,아버지가 운동회나 참관 수업 같은 학교 행사에 온 적 있어?
방임,4,어른들이 학교 행사에 자주 오셔?
방임,4,운동회나 참관 수업같은 학교 행사에 부모님이 잘 오시나요?
방임,4,어른들은 학교행사에 잘 참여하셨나요?
방임,4,"어른들이 운동회나 참관 수업 또는 학부모 상담 같은 학교 행사에 잘 오시나요, 안 오신 적은 없나요?"
방임,4,어른들이 운동회나 참관수업 또는 학부모 상담 같은 학교 행사에 잘 오셔?
방임,4,시설 선생님이 예전에 운동회나 참관 수업 같은 학교에 오는 행사에 오셔?
방임,4,운동회나 참관 수업 또는 학부모 상담 같은 학교 행사가 있으면 오시니?
방임,4,어른들이 운동회나 참관 수업 또는 학부모 상담 같은 학교 행사에 잘 오세요?
방임,4,어른들이 학부모 상담 같은 참여 해야 하는 학교 행사에 잘 오시나요?
방임,4,"부모님이 학교 운동회나 참관수업, 학부모 상담 같은 일에 잘 오시나요?"
방임,4,아빠가 학교 행사에는 잘 오셔?
방임,4,부모님이 운동회나 학부모 상담 같은 행사에 잘 오세요?
방임,4,운동회나 참관 수업 또는 학부모 상담 같은 학교 행사 있으면 어른들이 잘 오는 편이야?
방임,4,운동회나 참관 수업 같은 행사에 어른들이 잘 와?
방임,4,"부모님이 운동회, 참관수업, 상담 같은 학교 행사에 잘 오셔?"
방임,4,"삼촌이 학교 운동회나 참관수업, 학부모 상담 같은 일에 잘 오시나요?"
방임,4,어른들이 운동회나 참관수업 같은 참여 프로그램에 잘 오셔?
방임,4,운동회나 참관 수업 등 학교 행사에 어른들이 잘 오시나요?
방임,4,주변 어른들이 운동회나 학예회 같은 학교 행사에 잘 오시나요?
방임,4,어른들이 학교 행사에 잘 오셔?
방임,4,운동회나 참관 수업에 참여하는 어른이 있어?
방임,4,할머니가 운동회나 참관 수업 또는 학부모 상담 같은 학교 행사에 잘 오시나요?
방임,4,어른들이 와야 하는 학교 행사가 있을 때 잘 오셔?
방임,4,운동회나 수업 참관 같은 학교행사에 누가 오는 편이야?
방임,4,학교에 어른들이 참석해야 하는 행사에 잘 오세요?
방임,4,어른들이 운동회나 참관 수업 등 학교 행사에 잘 오셨어?
방임,4,"만약에 학교행사가 열 번이면, 그중에 몇 번 정도 오셨던 것 같아요?"
방임,4,운동회나 수업 참관 같은 학교행사에 아빠가 잘 오시는 편이야?
방임,4,어른들이 운동회나 학교 행사에 잘 참여하시나요?
방임,4,부모님이나 센터 선생님들이 학교에 참석해야 하는 행사에 자주 오세요?
방임,4,혹시 부모님이 운동회나 참관수업 같은 학교 행사에는 잘 오시는 편이에요?
방임,4,아버지가 운동회나 참관 수업 같은 행사에는 오셔요?
방임,4,선생님들이 운동회나 참관 수업 또는 학부모 상담 같은 학교 행사에 잘 오시나요?
방임,4,부모님이 운동회 같은 학교 행사에 잘 오시나요?
방임,4,어른들이 학교에 참여해야 하는 행사 잘 오세요?
방임,4,어른들이 참관 수업이나 운동회 같은 곳에 와?
방임,4,아빠가 운동회나 참관 수업에 잘 오셔?
방임,5,다섯 번 중에 몇 번 정도 오시는 것 같아?
방임,5,최근 다섯 번 중에 몇 번을 안 오신 건가요?
방임,5,다섯 번 중에 몇 번이나 오는 것 같아요?
방임,5,"최근 다섯 번이 있다면 얼마나 안 오는지, 친구가 이야기해 줄 수 있을까?"
방임,5,최근 다섯 번 중에 몇 번 정도 오셨나요?
방임,5,최근 다섯 번 중에 몇 번 오셨어?
방임,5,다섯 번 중에 몇 번 정도 오시는 것 같아요?
방임,5,최근 다섯 번 중에 얼마나 안 왔어요? 어떤 기분이 들어요?
방임,5,최근 다섯 번 중에 어느 정도 안 왔는지 알려줄 수 있어?
방임,5,다섯 번 중 얼마나 온 적이 없는 거예요?
방임,5,다섯 번 다 오신다고 하면 이 중에 몇 번이나 오시는 것 같아?
방임,5,최근 다섯 번 중 몇 번을 오지 않은 건가요? 친구의 기분은 어때요?
방임,5,최근 다섯 번 중에 몇 번이나 오셨나요?
방임,5,최근 다섯 번 중에 몇 번 정도 오셨어?
방임,5,"그러면, 다섯 번 중 몇 번이나 참여하시는 거 같아요?"
방임,5,최근 다섯 번 중에 몇 번이나 오셨어?
방임,5,최근 다섯 번 중에 몇 번정도 못 갔어?
방임,5,최근 다섯번 중에 몇 번 정도 오셨는지 알아?
방임,5,최근 다섯 번 중에 얼마나 그런 일이 있었어?
방임,5,다섯번 중에 몇 번 정도 오시는 것 같아?
방임,5,최근 다섯 번 중 한 번도 안 오신 건가요? 그럴 때 친구 기분은 어때요?
방임,5,다섯 번 중에 몇 번 정도 오시나요?
방임,5,최근 다섯 번 중에 다 오신 적이 없는 거야?
방임,5,다섯 번 중의 몇 번 정도 오시는 것 같나요?
방임,5,최근 다섯 번 중에 안 온 횟수가 얼마인지 알려줄 수 있어?
방임,5,최근 다섯 번 중에 몇 번 정도 그랬어?
방임,5,최근 다섯 번 중에 몇 번이나 오신 것 같나요?
방임,5,최근 다섯 번 중에 몇 번 정도 오신 것 같아요?
방임,5,그런 경우가 최근 다섯 번 중의 몇 번 정도 있어?
방임,5,최근 다섯 번 중 몇 번을 안 오셨나요?
방임,6,배가 고픈데 집에 먹을 게 없어서 굶은 적 있어?
방임,6,먹을 게 없어서 배고픈 적 있어?
방임,6,배고픈데 먹을 게 없어서 굶은 적 있어요?
방임,6,배가 고픈데 먹을 게 없어서 굶은 적이 있나요?
방임,6,배가 고픈데 먹을 게 없어서 굶은 적이 있어?
방임,6,배가 고픈데 밥을 챙겨주지 않아서 굶은 적 있어?
방임,6,배가 고픈데 밥을 챙겨주지 않아서 굶은 적 있어요?
방임,6,배가 고픈데 먹을 게 없어서 굶은 적이 있나요? 왜 그랬나요?
방임,6,배가 고픈데 밥을 챙겨주지 않아서 굶은 적이 있어?
방임,6,배가 고픈데 먹을 게 없어서 굶은 적이 있어요?
방임,6,배가 고픈데 먹을 게 없어서 굶은 적 있어?
방임,6,배고픈데 밥이 없어서 굶은 적 있어?
방임,6,배가 고픈데 먹을 게 없어서 굶어야 했던 경험 있어?
방임,6,배가 고픈데 먹을 게 없어서 굶은 적이 있니?
방임,6,배고픈데 먹을 게 없어서 굶은 적 있어?
방임,6,배가 고픈데 먹을 게 없어서 굶은 적 있나요?
방임,6,"배가 고픈데, 먹을 게 없었던 적이 있었나요?"
방임,6,배가 고픈데 먹을 게 없어서 굶은 적이 있을까?
방임,6,배가 고픈데 먹을 게 없어서 굶은 적 있어요?
방임,6,배가 고픈데 집에 먹을 게 없어서 굶은 적이 있어?
방임,6,배고픈데 먹을 게 없어서 굶거나 그런 적 있어?
방임,6,배가 고픈데 먹을 게 없어서 못 먹은 적은 있나요?
방임,6,친구가 배가 고픈데 먹을 게 없거나 밥을 안 챙겨줘서 굶은 적이 있나요?
방임,6,시설 보호자가 배가 고픈데 밥을 챙겨주지 않아서 굶은 적이 있어?
방임,6,배가 고픈 데 먹을 게 없어서 굶은 적이 있나요?
방임,6,배고픈데 먹을 게 없어서 굶은 적이 있나요?
방임,6,배가 고픈데 먹을 게 없어서 굶어야 했던 경험 있어요?
방임,6,"배가 고픈데, 먹을 게 없었던 적이 있나요?"
방임,6,혹시 배가 고픈데 먹을 게 없어서 굶은 적이 있나요?
방임,6,먹을 게 없어서 굶은 적이 있었나요?
방임,6,너무 배가 고파서 힘들면 뭘 먹어?
방임,6,배가 고픈데 먹을 게 없어서 굶은 적이 있었어요?
방임,6,일주일에 몇 번 정도 굶나요?
방임,6,배가 고픈데 집에 먹을 게 없어서 굶은 적이 있나요?
방임,6,배가 고픈데 집에 먹을 게 없어서 굶은 적 있나요?
방임,6,배가 고픈데 집에 먹을 게 없어서 굶은 적이 있어요?
방임,6,친구가 배가 고픈데 먹을 게 없어서 굶은 적 있어요?
방임,6,어른들이 배고프다고 말했는데 밥을 안 주신 적이 있어?
방임,6,배고픈데 집에 먹을 게 없어서 굶은 적 있어?
방임,6,배고플 때 먹을 게 없어서 굶은 적 있어?
방임,6,배가 고픈데 먹을 게 없어서 식사 시간을 건너뛴 적이 있나요?
방임,6,배가 고픈데 집에 먹을 게 없어서 굶은 적 있을까?
방임,6,배가 고픈데 밥을 챙겨주지 않아서 굶은 적이 있어요?
방임,6,배가 고픈데 먹을 게 없던 적이 있나요?
방임,6,선생님이 먹을 걸 주시지 않은 건가요? 아니면 다른 이유가 있었나요?
방임,6,"배가 고픈데, 먹을 게 없었던 적이 있었니?"
방임,6,배가 고픈 데 집에 먹을 게 없어서 굶은 적이 있나요?
방임,6,배가 고픈데 먹을 게 없어서 굶어야 했던 적이 있나요?
방임,6,우리 친구는 배가 고픈데 밥이 없어서 굶은 적이 있을까?
방임,6,배고픈데 먹을 게 없어서 굶어야 했던 적 있어?
방임,6,배가 고픈데 먹을 게 없어서 굶어본 적 있어?
방임,6,배가 고픈데 굶은 적 있어?
방임,6,배가 고픈데 먹을 게 없어서 굶은 적 있니?
방임,6,배가 자주 고프다고 했죠? 배가 고픈데 먹을 게 없어서 굶은 적 있어요?
방임,6,배고픈데 집에 먹을 게 없어서 굶은 적이 있을까?
방임,6,왜 밥을 못 먹었어?
방임,6,배고픈데 먹을 게 없어서 못 먹은 적 있어?
방임,6,배고픈데 밥을 안 차려 줘서 굶은 적 있어?
방임,6,배가 고픈데 먹을 것이 없어서 굶은 적이 있나요?
방임,6,굶은 적이 자주 있나요?
방임,6,배가 고픈데 먹을게 없어서 굶은 적이 있을까?
방임,6,배가 고픈데 밥을 챙겨주지 않아서 굶은 적이 있나요?
방임,6,배가 고픈데 굶은 적이 있나요?
방임,6,배가 고픈데 먹을 게 없어서 굶어본 적 있나요? 있다면 왜 그랬나요?
방임,6,집에 먹을 게 없어서 배가 고픈데도 굶은 적 있어?
방임,6,배가 고픈데 먹을 게 없어서 굶은 적은 있어?
방임,6,"배가 고픈데, 먹을 게 없던 적이 있었나요?"
방임,6,배고픈데 먹을 게 없어서 굶거나 그런 적 있나요?
방임,6,"배가 고픈데, 집에 먹을 게 없어서 굶은 적이 있어?"
방임,6,배가 고픈데 먹을 게 없어 굶은 적이 있나요? 왜 그랬나요?
방임,6,배가 고픈데 먹을 게 없어서 굶어야 했던 적 있어요?
방임,6,다른 음식을 준 적이 없나요?
방임,6,"배가 고픈데, 집에 먹을 게 없어서 굶어야 했던 적 있어?"
방임,6,배고픈데 먹을 게 없어서 굶은 적이 있어?
방임,6,배가 고픈데 시설에 먹을 게 없어서 굶은 적 있어?
방임,6,배고픈데 밥을 챙겨주지 않아서 굶은 적이 있어?
방임,6,굶었던 적이 있어?
방임,6,배가 고픈데 모텔에 먹을 게 없어서 굶은 적 있어?
방임,6,"배가 고픈데, 먹을 게 없어서 집에서 굶었던 적 있어?"
방임,6,배가 고픈데 먹을 게 없어서 굶었다거나 빨래가 되지 않은 옷을 입어야 한 적이 있을까?
방임,6,먹을 게 없어서 굶은 적이 있을까?
방임,6,배고픈데 굶어야 했던 적 있어?
방임,6,먹을 게 없어서 굶은 적이 있을까요?
방임,6,배가 고팠는데 먹을 게 없어서 굶었던 적이 있었어?
방임,6,엄마가 밥을 안 해줘서 배고픈데 굶은 적 있어?
방임,6,그런 음식을 먹었나요?
방임,6,배고픈데 먹을 게 없어서 굶었던 적 있어?
방임,6,배가 고픈데 먹을 게 없어서 굶은 적 있나요? 왜 그랬나요?
방임,6,배 고픈데 집에 먹을 게 없어서 굶은 적 있어?
방임,6,어른들에게 배고프다고 말했는데 밥을 안 주신 적이 있어?
방임,6,배가 고픈데 먹을 게 없어서 굶어본 적 있어요?
방임,6,배가 고픈데 집에 먹을 게 없어서 굶은 적 있어요?
방임,6,배가 고픈데 먹을 게 없어서 굶어본 적 있나요?
방임,6,집에서 밥을 못 먹거나 한 적도 있어요?
방임,6,배고픈데 밥을 안 챙겨줘서 굶은 적 있어?
방임,6,배가 고픈데 밥이 없어서 굶은 적 있어?
방임,6,혹시 배가 고픈 데 먹을 게 없어서 굶은 적이 있나요?
방임,6,배고픈데 먹을 게 없어서 굶은 적 있을까?
방임,6,먹을 게 없어서 굶은 적 있어?
방임,6,배가 고픈데 먹을 것이 없어서 굶은 적이 있어요?
방임,6,배가 고픈데 먹을 게 없어서 굶었던 적 있어?
방임,6,배고픈데 밥을 안 줘서 굶은 적 있어?
방임,6,배가 고픈데 먹을 게 없어서 못 먹은 적 있어?
방임,6,배고픈데 먹을 게 없어서 굶었던 적이 있었어?
방임,6,배가 고픈데 먹을 게 없어서 굶은 적이 있나요? 있다면 왜 그랬나요?
방임,6,배가 고픈데 먹을 게 없어서 굶은 적이 있나요? 있다면 얼마나 자주 그런가요?
방임,6,"배가 고픈데 먹을 게 없어서 굶은 적이 있나요, 왜 그랬나요?"
방임,6,배가 고픈데 먹을 게 없어서 굶은 적이 있었어?
방임,6,배가 고플 때 먹을 게 없어서 굶었던 적이 있나요?
방임,6,배가 고픈데 먹을 게 없어서 굶은 적이 있었나요?
방임,6,배가 고픈데 먹을 게 없어서 굶거나 저녁에 어른들이 나를 두고 나간 적이 있나요?
방임,6,먹을 게 없어서 굶어야 했던 적이 있니?
방임,6,우리 친구 집에서 배가 고픈데 밥이 없어서 굶은 적이 있을까?
방임,6,먹을 게 없어서 굶은 적이 있어요?
방임,6,배가 고픈데 밥 안 챙겨줘서 굶은 적 있어?
방임,6,배고픈데 밥을 안 줘서 굶어야 했던 적 있어?
방임,6,며칠 동안 밥을 안 주고 치킨만 줬나요? 그런 적이 많아요?
방임,6,배가 고픈데 밥을 챙겨주지 않아?
방임,6,혹시 배가 고픈데 집에 먹을 게 없어서 밥 못 먹었던 적도 있어요?
방임,6,배가 고픈 데 못 먹고 굶은 적 있어요?
방임,6,"배가 고픈데, 먹을 게 없던 적이 있나요?"
방임,6,배가 고픈데 먹을 게 없어서 굶은 적이 있나요? 왜 그런가요?
방임,7,아픈데 병원 못 간 적 있어?
방임,7,아픈 곳이 있는데 병원에 데려가지 않은 적이 있어요?
방임,7,친구가 어디 아픈 곳이 있는데 병원에 데려가지 않은 적 있어요?
방임,7,어디 아픈 곳이 있는데 부모님이 병원에 데려가지 않은 적은 있어?
방임,7,어디 아픈 곳이 있는데 병원에 데려가지 않은 적 있어?
방임,7,어디 아픈 곳이 있는데 부모님이 병원에 데려가지 않은 적은 있어요?
방임,7,어디 아픈 곳이 있는데 병원에 가지 못한 적이 있나요?
방임,7,아픈 곳이 있을 때 엄마가 병원에 데려가지 않은 적이 있나요?
방임,7,어디 아픈 곳이 있는데 병원에 데려가지 않은 적이 있어?
방임,7,어디 아픈 곳이 있는데 선생님이 병원에 데려가지 않은 적은 있어?
방임,7,어디 아픈 곳이 있는데 부모님이 병원에 데려가지 않은 적이 있어?
방임,7,어디 아픈 곳이 있는데 부모님께서 병원에 데려가지 않은 적이 있어?
방임,7,예전에 몸이 아파도 병원에 안 간 적 있어?
방임,7,아픈 곳이 있는데 아빠가 병원에 데려가지 않은 적이 있나요?
방임,7,어디가 아픈 데 엄마가 병원에 데려가지 않은 적 있나요?
방임,7,혹시 그때 어디가 아팠었는지 기억이 날까요?
방임,7,아픈 곳이 있는데 병원에 데려가지 않은 적 있어?
방임,7,어디 아픈 곳이 있는데 아빠가 병원에 데려가지 않은 적이 있나요?
방임,7,아픈데 병원에 데려가지 않은 적이 있어요?
방임,7,혹시 어디 아픈 곳이 있는데 엄마가 병원에 데려가지 않은 적이 있었어?
방임,7,어디 아픈 곳이 있는데 원장님이 병원에 데려가지 않은 적이 있어?
방임,7,아픈 곳이 있는데 병원에 데려가지 않은 적 있어요?
방임,7,어디가 아픈 데 언니가 병원에 데려가지 않은 적 있나요?
방임,7,어디 아픈데 병원에 못 간 적은 있어?
방임,7,어디 아픈 곳이 있는데 아빠가 병원에 데려가지 않은 적 있나요?
방임,7,"저번에, 머리에 피 쪼금 났을 때 아빠가 병원에 데려가셨나요?"
방임,7,어디 아픈 곳이 있는데 부모님이 병원에 데려가지 않은 적이 있어요?
방임,7,어디 아픈 곳이 있는데 할머니가 병원에 데려가지 않은 적이 있나요?
방임,7,어디가 아팠었어?
방임,7,어디 아픈 곳이 있는데 나를 병원에 데려가지 않은 적이 있어?
방임,7,혹시 어디 아픈 곳이 있는데 엄마가 병원에 데려가지 않은 적이 있었어요?
방임,7,아픈데 병원에 못 간 적 있어?
방임,7,몸이 안 좋은데 병원에 못 간 적 있을까?
방임,7,몸이 아픈데 병원에 못 간 적 있어?
방임,7,어디 아픈 곳이 있는데 아빠가 병원에 데려가지 않은 적은 있어?
방임,7,어디 아픈 곳이 있는데 병원에 데려가지 않은 적 있어? 몇 번이나 있었어?
방임,7,어디 아픈데 병원 안 데려간 적은 있어?
방임,7,어디 아플 때 병원에 못 간 적이 있었나요?
방임,7,그렇게 병원에 안 간 것이 몇 번 정도예요?
방임,7,어디 아프거나 하면 엄마랑 병원은 잘 가요?
방임,7,몸이 안 좋은데 병원 못 간 적 있어?
방임,7,어디 아픈 곳이 있는데 병원에 데려가지 않은 적 있나요?
방임,7,어디 아픈 곳이 있는데 엄마가 병원에 데려가지 않은 적 있어?
방임,7,몸이 아픈데 병원 못 간 적 있어?
방임,7,아프면 엄마가 병원에는 잘 가주시나요?
방임,7,어디 아픈 곳이 있는데 할머니가 병원에 데려가지 않은 적은 있어?
방임,7,어디 아픈 곳이 있는데 할머니가 병원에 데려가지 않은 적이 있어요?
방임,7,어디 아픈 곳이 있는데 병원에 안 데려간 적 있어?
방임,7,몸이 아픈데도 병원에 가지 못한 적은 있어요?
방임,7,아팠는데 병원 못 간 적 있어?
방임,7,상처가 났을 때 병원에 데려가거나 치료를 해줘?
방임,7,어디 아픈 곳이 있는데 원장님이 병원에 데려가지 않은 적은 있어요?
방임,7,아픈 곳이 있는데 삼촌이 병원에 데려가지 않은 적이 있어요?
방임,7,아니면 몸이 아픈데 병원 안 데려다준 적 있어?
방임,7,어디 아픈 곳이 있었는데 병원에 데려가지 않았던 적이 있어?
방임,7,친구가 어디 아픈 곳이 있는데 병원에 데려다 주지 않은 적 있어요?
방임,7,"어디 아픈 곳 있는데, 병원에 가지 못한 적이 있어요?"
방임,7,어디 아픈 곳이 있는데 병원에 가지 못한 적은 있어요?
방임,7,친구가 어디 아픈 곳이 있는데 병원에 데려가지 않은 적이 있어요?
방임,7,아픈데 병원 못 간 적은 있어?
방임,8,깨끗하지 않은 옷이나 안 맞는 옷을 입고 다닌 적 있어?
방임,8,빨래가 안 된 냄새 나는 옷 입은 적 있어?
방임,8,빨래가 안 된 더럽거나 냄새나는 옷을 입은 적 있어요?
방임,8,더럽고 냄새나는 옷을 입어야 하거나 작은 옷이나 신발을 입거나 신고 다닌 적이 있어요?
방임,8,빨래를 안 해서 더럽고 냄새나는 옷을 입어야 한 적이 있나요?
방임,8,더럽고 냄새나는 옷을 입어야 한 적이 있거나 작은 옷이나 신발을 신고 다닌 적이 있어?
방임,8,빨래가 안 돼서 냄새나고 불쾌한 옷을 입은 적 있어?
방임,8,빨래가 되어 있지 않아서 냄새나고 불쾌한 옷을 입은 적이 있어요?
방임,8,빨래가 되어 있지 않아서 더럽고 냄새나는 옷을 입어야 한 적이 있나요? 얼마나 자주 그랬나요?
방임,8,빨래가 되어 있지 않아서 더럽고 냄새나는 옷을 입은 적이 있나요?
방임,8,빨래가 되어 있지 않아서 더럽고 냄새나는 옷을 입어야 한 적이 있어요?
방임,8,더럽고 냄새나는 옷을 입어야 한 적이 있거나 작은 옷이나 신발을 입거나 신고 다닌 적 있나요?
방임,8,빨래가 안 돼서 더럽고 냄새나는 옷을 입어야 한 적 있어?
방임,8,빨래가 되어 있지 않아서 더럽고 냄새나는 옷을 입어야 한 적이 있나요?
방임,8,빨래가 안 되어 있어서 더럽고 냄새나는 옷을 입어야 한 적 있어?
방임,8,빨래가 안 되어 있어서 더럽고 냄새나는 옷을 입어야 한 적은 있어?
방임,8,빨래가 되어 있지 않아 더러운 옷을 입어야 한 적이 있나요?
방임,8,빨래를 안 해서 더러운 옷 입어야 했던 적 있어?
방임,8,빨래가 되어있지 않거나 크기가 작은 옷이나 신발을 입어야 했던 적 있었어?
방임,8,빨래가 안 되어 있어서 더럽거나 냄새나는 옷을 입은 적 있어?
방임,8,빨래가 되어 있지 않아서 더럽고 냄새나는 옷을 입어야 한 적이 있니?
방임,8,빨래가 되어있지 않아서 더럽고 냄새나는 옷을 입었던 적이 있나요?
방임,8,빨래를 안 해서 더러운 옷 입은 적 있어?
방임,8,빨래가 되어있지 않아서 더럽고 냄새나는 옷을 입어야 한 적이 있나요?
방임,8,빨래 안 한 더럽고 냄새나는 옷을 입은 적 있어?
방임,8,빨래가 되지 않아서 더러운 옷을 입어야 한 적이 있나요?
방임,8,빨래가 되지 않아서 더럽고 냄새나는 옷을 입어야 한 적이 있나요?
방임,8,빨래가 안 되어 있어서 더럽고 냄새나는 옷을 입은 적 있어?
방임,8,빨래가 되어 있지 않아서 더럽고 냄새나는 옷을 입어야한 적이 있어?
방임,8,더러운 옷이나 작은 신발과 옷을 착용해야 한 적 있을까?
방임,8,더럽고 냄새나는 옷이나 사이즈가 작은 옷이나 신발을 입거나 신고 다닌 적 있어요?
방임,8,빨래가 되어 있지 않아 더러운 옷을 입어야 한 적이 있나요? 그랬다면 얼마나 자주 그랬나요?
방임,8,며칠 동안 빨래가 된 새 옷이 없어서 같은 옷을 입거나 냄새나는 옷을 입은 적이 있어?
방임,8,더럽고 냄새나는 옷을 입어야 한 적 있거나 작은 옷이나 신발을 입거나 신고 다닌 적 있나요?
방임,8,빨래가 되어 있지 않아서 더럽고 냄새나는 옷을 입어야 한 적 있어요?
방임,8,빨래가 안 돼서 냄새나거나 더러운 옷을 입은 적 있어?
방임,8,더럽고 냄새나는 옷을 입어야 한 적이 있거나 작은 옷이나 신발을 입거나 신고 다닌 적이 있나요?
방임,8,빨래가 되어 있지 않아서 더러운 옷을 입어야 했던 적이 있어?
방임,8,빨래가 되어 있지 않거나 사이즈가 안 맞는 옷이나 신발을 사용한 적이 있어?
방임,8,빨래가 되어 있지 않아서 더럽고 냄새나는 옷을 입어야 한 적이 있을까?
방임,8,빨래가 되어 있지 않아서 더러운 옷을 입어야 했던 적이 있어요?
방임,8,빨래를 못 해서 더럽거나 냄새나는 옷을 입어야 한 적이 있나요?
방임,8,더러운 옷이나 작은 신발과 옷을 착용해야 한 적이 있을까?
방임,8,더럽고 냄새나는 옷을 입어야 한 적이 있나요?
방임,8,빨래가 되지 않았거나 맞지 않는 옷이나 신발을 사용한 적이 있어?
방임,8,빨래가 되어있지 않거나 크기가 작은 옷이나 신발을 입어야 했던 적 있었어요?
방임,8,빨래가 되어 있지 않거나 크기가 작은 옷이나 신발을 입어야 했던 적 있었어?
방임,8,"빨래가 되어 있지 않거나, 옷이나 신발 사이즈가 작은 걸 입거나 신고 다닌 적이 있어?"
방임,8,빨래가 안되서 냄새나고 불쾌한 옷을 입은 적 있어?
방임,8,세탁하지 않아서 더럽고 냄새나는 옷을 입은 적이 있었어요?
방임,8,세탁하지 않아서 더럽고 냄새나는 옷을 입어야 한 적이 있었을까요?
방임,8,빨래가 되어 있지 않아서 더럽고 냄새나는 옷을 입어야 한 적이 있어?
방임,8,빨래가 되어 있지 않아 더러운 옷을 입어야 한 적이 있나요? 얼마나 자주 그랬나요?
방임,8,그러면 빨래가 되어 있지 않아서 더럽고 냄새나는 옷을 입어야 한 적이 있었나요?
방임,8,세탁하지 않아서 냄새나는 옷을 입어야 한 적이 있거나 작은 옷이나 신발을 입거나 신고 다닌 적이 있어요?
방임,8,세탁하지 않아서 더러운 옷을 입거나 작은 옷이나 신발을 입거나 신고 다닌 적 있나요?
방임,8,빨래가 되지 않아서 더럽고 냄새나는 옷을 입어야 한 적 있나요?
방임,8,빨래가 안 된다거나 옷이 작다거나 그런 적 있어요?
방임,8,빨래가 되어 있지 않아서 냄새나고 불쾌한 옷을 입은 적이 있나요?
방임,8,빨래가 되어 있지 않아서 더럽고 냄새나는 옷을 입어야 한 적이 있었나요?
방임,8,세탁하지 않아서 더러운 옷을 입어야 한 적이 있거나 작은 옷이나 신발을 입거나 신고 다닌 적이 있나요?
방임,8,"며칠 동안 빨래가 된 새 옷이 없어서 같은 옷을 입거나 냄새나는 
옷을 입은 적이 있어?"
방임,8,빨래 안 한 더럽고 냄새나는 옷을 입은 적 있어요?
방임,8,빨래가 안 되어 있어서 더럽고 냄새나는 옷을 입어야 한 적 있어요?
방임,8,빨래가 되지 않아서 더럽고 냄새나는 옷을 입어야  한 적 있어요?
방임,8,빨래가 안 돼거나 냄새나거나 더러운 옷을 입은 적 있어?
방임,8,빨래를 안 해서 냄새 나는 옷을 입어야 했던 적이 있나요?
방임,8,며칠 동안 빨래가 된 옷이 없어서 같은 옷을 입거나 냄새나는 옷을 입어야 했던 적이 있어?
방임,8,빨래가 안 되어 있어서 냄새나고 더러운 옷을 입어야 한 적은 있을까?
방임,8,빨래를 안 해서 더러운 옷 입었던 적 있어?
방임,8,빨래를 하지않아 더럽고 냄새나는 옷을 입었던 적이 있나요?
방임,8,빨래가 안 되어 있어서 더럽고 냄새나는 옷을 입어야 한 적 있을까?
방임,8,빨래가 되어 있지 않아 더러운 옷을 입은 적 있나요?
방임,8,빨래가 안 돼서 냄새나는 옷을 입은 적이 있나요?
방임,8,빨래가 안 되어서 냄새나고 불쾌한 옷을 입은 적 있어?
방임,8,빨래가 안되어서 냄새나고 불쾌한 옷을 입은 적 있어?
방임,8,빨래가 되어 있지 않거나 사이즈가 안 맞는 옷이나 신발을 사용한 적 있어?
방임,8,며칠동안 빨래가 된 옷이 없어서 같은 옷을 입거나 냄새나는 옷을 입어야 했던 적이 있어?
방임,8,빨래가 되어 있지 않아서 더럽고 냄새나는 옷을 입어야 한 적 있어?
방임,8,빨래가 되지 않아 더럽고 냄새나는 옷을 계속 입어야 했거나 사이즈에 맞지 않는 옷이나 신발을 입거나 신은 적 있어?
방임,8,빨래를 안 해서 냄새나는 옷을 입어야 했던 적이 있나요?
방임,8,빨래가 안 돼서 더럽고 냄새나는 옷 입은 적 있어?
방임,8,빨래가 되지 않아서 더럽고 냄새나는 옷을 입는다거나 사이즈가 안 맞는 옷이나 신발을 착용한 적이 있어?
방임,8,빨래가 안 돼서 더럽고 냄새나는 옷을 입은 적이 있나요?
방임,8,빨래가 안 돼 있어서 냄새나는 옷을 입어야 한 적이 있나요?
방임,8,빨래가 되어 있지 않아 냄새나는 옷을 입은 적이 있나요?
방임,8,빨래가 되지 않은 옷을 입거나 사이즈가 맞지 않는 옷이나 신발을 입고 다닌 적 있어?
방임,8,빨래를 하지 않아서 더럽고 냄새나는 옷을 입은 적 있나요?
방임,8,더러운 옷이나 맞지 않는 신발과 옷을 착용해야 한 적이 있을까?
방임,8,더럽고 냄새나는 옷을 입어야 한다거나 작은 옷이나 신발을 착용한 적 있을까?
방임,8,빨래가 안 돼서 더러운 옷 입어야 했던 적은 있어?
방임,8,세탁하지 않아서 더러운 옷을 입어야 한 적이 있거나 혹은 작은 옷이나 신발을 입거나 신고 다닌 적이 있나요?
방임,8,빨래가 안 돼서 더럽고 냄새나는 옷을 입어야 한 적이 있거나 사이즈가 작은 옷이나 신발을 입고 다닌 적 있어요?
방임,8,빨래가 안 돼서 냄새나고 불쾌한 옷 입은 적 있어?
방임,8,더럽고 냄새나는 옷을 입어야 한 적이 있거나 작은 옷이나 신발을 입거나 신고 다닌 적 있을까?
방임,8,빨래가 안 되어 있어서 더럽고 냄새나는 옷을 입어야 한 적 있나요?
방임,8,빨래가 되지 않았거나 사이즈가 맞지 않는 옷이나 신발을 사용한 적이 있어?
방임,8,세탁이 되지 않아서 더럽고 냄새나는 옷을 입어야 한 적이 있었을까요?
방임,8,빨래가 다 안 돼서 냄새나는 옷 입은 적 있어?
방임,8,더럽고 냄새나는 옷을 입어야 한다거나 사이즈가 안맞는 옷이나 신발을 신어야 할 때가 있나요?
방임,8,빨래가 되어 있지 않거나 옷이나 신발 사이즈가 맞지 않는 것을 사용한 적 있어?
방임,8,빨래가 되어 있지 않아서 더럽고 냄새나는 옷을 입어야 한 적 있니?
방임,8,"빨래가 안 되거나, 옷이나 신발 사이즈가 작은 걸 입거나 신고 다닌 적 있어요?"
방임,8,"그럼, 빨래가 되어 있지 않아서 더럽고 냄새나는 옷을 입어야 한 적이 있어요?"
방임,8,빨래가 되지 않은 옷을 입어야 한 적이 있거나 사이즈가 맞지 않는 옷이나 신발을 입고 다닌 적이 있나요?
방임,8,빨래가 안 되어 있어서 냄새나고 더러운 옷을 입어야 했던 적은 있을까?
방임,8,깨끗하지 않은 옷이나 안 맞는 옷을 입고 다닌 적이 있어?
방임,8,빨래가 안 되어 있어서 더럽고 냄새나는 옷을 입어야 한 적은?
방임,8,"그럼, 빨래가 안 된 더럽거나 냄새나는 옷 입어야 했던 적은 있어?"
방임,8,빨래가 되지 않았거나 사이즈가 맞지 않는 옷이나 신발을 사용한 적 있어?
방임,8,빨래가 되어있지 않아서 더럽고 냄새나는 옷을 입었던 적 있나요?
방임,8,더럽고 냄새나는 옷을 입어야 한 적 있었나요?
방임,8,빨래가 되어 있지 않아서 더럽고 냄새나는 옷을 입어야 한 적 있나요?
방임,8,세탁하지 않아서 더러운 옷을 입거나 사이즈가 작은 옷이나 신발을 입거나 신고 다닌 적이 있어?
방임,8,그러면 빨래가 되어있지 않아서 더럽고 냄새나는 옷을 입어야 한 적이 있었나요?
방임,8,빨래를 하지 않아서 냄새나는 옷을 입은 적이 있나요?
방임,8,빨래가 되지 않았거나 사이즈가 맞지 않는 옷이나 신발을 사용한 적이 있나요?
방임,8,더럽고 냄새나는 옷을 입어야 한 적이 있거나 작은 옷이나 신발을 입거나 신고 다닌 적이 있어요?
방임,8,빨래가 안 돼서 냄새나고 더러운 옷을 입은 적 있어?
방임,8,냄새나고 더러운 옷을 입어야 한 적이 있나요? 얼마나 자주 그랬나요?
방임,8,빨래가 안 되어 있어서 더럽고 냄새나는 옷을 입은 적이 있어요?
방임,8,빨래가 되어 있지 않아서 더럽고 냄새나는 옷을 입었던 적 있나요?
방임,8,빨래가 되어 있지 않아서 더럽고 냄새나는 옷을 입은 적이 있어?
방임,8,빨래를 하지 않았거나 크기가 작은 옷이나 신발을 입어야 했던 적 있나요?
방임,8,빨래가 안 돼서 불쾌한 옷을 입은 적 있어?
방임,8,더럽고 냄새나는 옷을 입어야 한다거나 사이즈가 안 맞는 옷이나 신발을 신어야 할 때가 있었나요?
방임,8,"빨래가 안 돼있거나, 크기가 맞지 않는 옷을 입어야 했던 적 있어?"
방임,8,빨래가 되어 있지 않아 더러운 옷을 입고 다녀야 한 적이 있나요?
방임,8,빨래가 다 안 돼서 더러운 옷 입어야 했던 적 있어?
방임,8,"더럽고 냄새가 나는 옷을 입어야 했거나, 작은 옷이나 신발을 입어야 했던 적 있어?"
방임,8,빨래가 안 되서 불쾌한 옷을 입은 적 있어?
방임,8,"빨래가 되어 있지 않아서, 더럽고 냄새나는 옷을 입어야 한 적이 있나요?"
방임,8,빨래가 안 되어 있거나 냄새나는 옷을 입어야 한 적이 있나요?
방임,8,빨래가 안 되어 있어서 더럽거나 냄새나는 옷을 입어야 한 적 있어?
방임,8,빨래가 되어 있지 않아서 더럽고 냄새나는 옷을 입어야 하거나 작은 옷이나 신발을 입거나 신고 다닌 적 있어?
방임,8,빨래가 되어있지 않아서 더럽고 냄새나는 옷을 입어야 했던 적은 있을까?
방임,8,세탁하지 않아서 더러운 옷을 입거나 사이즈가 작은 옷이나 신발을 입거나 신고 다닌 적이 있어요?
방임,8,더럽고 냄새나는 옷을 입어야 한 적 있거나 작은 옷이나 신발을 신고 다닌 적이 있어요?
방임,8,빨래가 안 되어서 냄새나고 불쾌한 옷을 입은 적 있어요?
방임,8,빨래가 안 되서 냄새나고 불쾌한 옷을 입은 적 있어?
방임,8,세탁하지 않아서 더러운 옷을 입어야 한 적이 있거나 작은 옷이나 신발을 입거나 신고 다닌 적 있나요?
방임,8,"빨래가 안 되거나, 옷이나 신발 사이즈가 작은 걸 입거나 신고 다닌 적 있어?"
방임,8,빨래가 안 되어서 더러운 옷이나 크기가 작은 옷을 입어야 했던 적 있어?
방임,8,빨래가 안 돼서 냄새나는 옷 입은 적 있어?
방임,8,빨래가 되지 않아서 더럽고 냄새나는 옷을 입어야 한 적 있을까?
방임,8,빨래가 되지 않아서 냄새나는 옷을 입어야 한 적이 있니?
방임,8,더럽고 냄새나는 옷을 입어야 한 적이 있거나 작은 옷이나 신발을 입거나 신고 다닌 적 있어?
방임,8,빨래가 되어 있지 않아서 더러운 옷을 입어야 했던 적이나 사이즈가 맞지 않는 옷이나 신발을 신고 다녀야 했던 적이 있을까요?
방임,8,"더럽고 냄새가 나는 옷을 입어야 하거나, 크기가 작은 옷이나 신발을 입어야 했던 적이 있어?"
방임,8,빨래가 되어 있지 않아 더럽고 냄새나는 옷을 입어야 한 적 있어? 얼마나 자주 그랬어?
방임,8,"그럼, 빨래가 다 안 돼서 더럽고 냄새나는 옷 입은 적은 있어?"
방임,8,빨래가 안 돼서 더러운 옷 입은 적 있어?
방임,8,더러운 옷이나 작은 신발과 옷을 착용해야 한 적이 있나요?
방임,8,세탁하지 않아서 더러운 옷을 입어야 한 적이 있거나 작은 옷이나 신발을 입거나 신고 다닌 적이 있어요?
방임,8,빨래가 안돼서 냄새나고 불쾌한 옷을 입은 적 있어?
방임,8,빨래가 안 되어 있거나 더러운 옷을 입고 다닌 적 있어?
방임,8,빨래가 되지 않아서 더럽고 냄새나는 옷을 입어야 한 적 있어요?
방임,8,빨래가 안 돼서 더럽고 냄새나는 옷을 입어야 한 적이 있어?
방임,8,빨래가 되지 않아서 더럽고 냄새나는 옷을 입어야 한 적이 있어?
방임,8,더럽고 냄새나는 옷을 입어야 한 적이 있거나 작은 옷이나 신발을 입거나 신고 다닌 적 있나요? 기간은 어느 정도인가요?
방임,8,"빨래가 되어 있지 않았거나, 맞지 않은 옷이나 신발을 사용한 적 있어?"
방임,8,"세탁하지 않아서 더러운 옷을 입거나, 사이즈가 작은 옷이나 신발을 입거나 신고 다닌 적이 있어요?"
방임,8,빨래가 다 안 돼서 더러운 옷 입은 적 있어?
방임,8,세탁하지 않아서 냄새나는 옷을 입어야 한 적이 있거나 작은 옷이나 신발을 입거나 신고 다닌 적이 있나요?
방임,8,"며칠 동안 빨래가 된 옷이 없어서 같은 옷을 입거나, 냄새나는 옷을 입어야 했던 적이 있어요?"
방임,8,옷에서 냄새나거나 불쾌한 옷을 입은 적 있어?
방임,8,빨래를 다 못해서 더러운 옷 입은 적 있어?
방임,8,빨래가 안 되어 있어서 더럽거나 냄새나는 옷을 입은 적이 있어?
방임,8,빨래가 되지 않았거나 사이즈가 맞지 않는 옷이나 신발을 입거나 신은 적이 있나요?
방임,8,빨래가 되어 있지 않아서 더럽고 냄새나는 옷을 입어야 했던 적이 있나요?
방임,8,빨래가 되어 있지 않거나 옷이나 신발 사이즈가 맞지 않는 것을 사용 한 적이 있어?
방임,8,"더럽고 냄새나는 옷을 입어야 한 적이 있거나, 작은 옷이나 신발을 입거나 신고 다닌 적 있나요?"
방임,8,빨래가 되어 있지 않아서 냄새나고 불쾌한 옷을 입은 적이 있어?
방임,8,빨래가 안 되어 있어서 더럽고 냄새나는 옷을 입어야 한 적은 있어요?
방임,8,세탁되지 않은 옷을 입거나 사이즈가 맞지 않는 옷이나 신발을 입거나 신은 적이 있나요?
방임,8,빨래가 안 된 냄새 나는 옷 입어야 했던 적 있어?
방임,8,혹시 지저분한 옷을 입고 학교에 간 적은 있어요?
방임,8,며칠동안 빨래가 된 새 옷이 없어서 같은 옷을 입거나 냄새나는 옷을 입은 적이 있어?
방임,8,더럽고 냄새나는 옷을 입어야 한다거나 작은 옷이나 신발을 착용한 적이 있을까?
방임,8,더럽고 냄새나는 옷을 입어야 한다거나 작은 옷이나 신발을 착용한 적이 있나요?
방임,8,빨래가 되어있지 않아 더러운 옷을 입은 적이 있나요?
방임,8,빨래가 안되서 더럽고 냄새나는 옷을 입은 적 있어요?
방임,8,냄새나는 옷을 입어야 했던 적이 있나요?
방임,8,빨래가 되어 있지 않아서 더럽고 냄새 나는 옷을 입어야 한 적이 있어요?
방임,8,빨래가 되어 있지 않거나 크기가 작은 옷이나 신발을 신어야 했던 적 있어?
방임,8,더럽고 냄새나는 옷을 입어야 한다거나 사이즈가 안 맞는 옷이나 신발을 신어야 한 적이 있을까요?
방임,8,빨래가 다 안 돼서 더럽고 냄새나는 옷 입은 적 있어?
방임,8,빨래가 되어 있지 않아서 더럽고 냄새나는 옷을 다시 입거나 사이즈에 맞지 않은 옷을 입거나 신발을 신은 적 있어?
방임,8,빨래가 되어 있지 않아서 냄새나고 더러운 옷을 입은 적이 있나요?
방임,8,"더럽고 냄새나는 옷을 입거나, 크기가 작은 옷이나 신발을 입어야 했던 적 있어?"
방임,8,빨래가 안 되어 있어서 더럽거나 냄새나는 옷을 입어야 한 적이 있었어?
방임,8,세탁하지 않은 옷을 입어야 한 적이 있거나 작은 옷이나 신발을 입거나 신고 다닌 적이 있어요?
방임,8,빨래가 되어 있지 않아 더러운 옷을 입어야 한 적이 있나요? 있다면 얼마나 자주 그랬나요?
방임,8,"빨래가 안 되거나, 옷이나 신발 사이즈가 작은 걸 입거나 신고 다닌 적이 있어?"
방임,8,빨래가 안 되어 있어서 더럽고 냄새나는 옷을 입어야 했던 적은?
방임,8,"빨래가 되어 있지 않아서 더럽고 냄새나는 옷을 입어야 한 적이 있나요, 얼마나 자주 그랬나요?"
방임,8,빨래가 되어있지 않아서 냄새나는 옷을 입고 다닌 적이 있나요?
방임,8,빨래가 되어 있지 않은 옷을 입거나 작은 옷이나 신발을 입거나 신고 다닌 적 있나요?
방임,8,빨래가 안 되어 있어서 더럽고 냄새나는 옷을 입어야 한 적이 있어?
방임,8,빨래가 안 된 냄새가 나는 옷을 입어야 했던 적이 있을까?
방임,8,빨래가 안 되어 있어서 더러운 옷 입은 적 있어?
방임,8,빨래를 하지 않아서 더럽고 냄새나는 옷을 입은 적이 있나요?
방임,8,빨래가 되어 있지 않아서 더러운 옷을 입어야 했던 적이나 사이즈가 맞지 않는 옷이나 신발을 신고 다녀야 했던 적이 있었어요?
방임,8,빨래가 되지 않아서 더러운 옷을 입는다거나 사이즈가 안 맞는 옷이나 신발을 착용한 적이 있어?
방임,8,냄새나고 불쾌한 옷을 입은 적 있어?
방임,8,"그럼, 빨래가 안 되어 있어서 냄새나는 옷 입은 적은 있어?"
방임,8,더럽고 냄새나는 옷을 일주일에 몇 번 정도 입어요?
방임,8,빨래가 되지 않아서 더럽고 냄새나는 옷을 입는다거나 사이즈가 안 맞는 옷이나 신발을 착용한 적 있어?
방임,8,빨래가 안되서 더럽고 냄새나는 옷을 입어야 한적 있어?
방임,8,세탁하지 않아서 냄새나는 옷을 입어야 한 적이 있거나 작은 옷이나 신발을 입거나 신고 다닌 적 있어요?
방임,8,"빨래가 되어 있지 않아서 더럽고 냄새나는 옷을 입거나, 맞지 않는 옷이나 신발을 사용한 적 있어?"
방임,8,빨래가 안 돼서 냄새 나고 불쾌한 옷을 입은 적 있어?
방임,8,내 옷이 더럽거나 이상한 냄새가 난 적이 있나요?
방임,8,더럽거나 사이즈가 작은 옷이나 신발을 입거나 신고 다닌 적이 있나요?
방임,8,빨래가 안 돼서 냄새 나거나 더러운 옷을 입은 적 있어?
방임,8,빨래가 안 돼 있어서 더럽고 냄새나는 옷을 입은 적이 있나요?
방임,8,빨래가 되어 있지 않아서 더러운 옷을 입어야 한 적이 있어요?
방임,8,빨래가 되지 않아서 더러운 옷을 입어야 한적이 있나요?
방임,8,세탁이 되지 않아서 냄새나는 옷을 입거나 작은 옷이나 신발을 입거나 신고 다닌 적이 있나요?
방임,8,더러운 옷을 입어야 한 적이 있었나요?
방임,8,빨래가 되어 있지 않아서 더럽고 냄새나는 옷을 입어야 한 적이 있나요? 있다면 얼마나 자주 그랬나요?
방임,8,빨래가 되어 있지 않아서 더럽고 냄새나는 옷을 입어야 한 적이 있나요? 얼마나 자주 그래요?
방임,8,빨래가 안 돼서 더럽고 냄새나는 옷을 그냥 입거나 한 적은 있어?
방임,8,빨래가 안 돼서 더러운 옷 입어야 했던 적 있어?
방임,9,옷이나 신발이 작은데도 입거나 신어야 해서 불편했던 적 있어?
방임,9,옷이나 신발이 작은 걸 입거나 신고 다닌 적 있어요?
방임,9,옷이나 신발 사이즈가 작아서 불편한 적이 있어요? 있다면 기간은 어느 정도였나요?
방임,9,크기가 맞지 않는 옷을 입거나 신발을 신은 적 있어?
방임,9,사이즈가 작은 옷이나 신발을 입거나 신고 다닌 적 있어요?
방임,9,옷이나 신발 사이즈가 작은 걸 입거나 신고 다닌 적이 있나요? 기간은 어느 정도인가요?
방임,9,옷이나 신발 사이즈가 작은 걸 입거나 신고 다닌 적이 있나요?
방임,9,옷이나 신발 사이즈가 작은 걸 입거나 신고 다닌 적이 있어요?
방임,9,크기가 작은 옷을 입거나 신발을 신은 적 있어?
방임,9,옷이나 신발 사이즈가 작은 걸 입거나 신고 다닌 적이 있어?
방임,9,옷이나 신발 크기가 작은 걸 입거나 신고 다닌 적이 있나요?
방임,9,옷이나 신발 사이즈가 작은 걸 입거나 신고 다닌 적은 있어?
방임,9,작은 옷이나 신발을 입거나 신고 다닌 적이 있나요?
방임,9,옷이나 신발이 작아서 불편했던 적은 있어?
방임,9,옷이나 신발 사이즈가 작은 걸 입거나 신은 적 있어?
방임,9,옷이나 신발 사이즈가 작은 걸 입거나 신고 다닌 적이 있니?
방임,9,옷이나 신발 사이즈가 작은 것을 입거나 신고 다닌 적이 있나요?
방임,9,옷이나 신발이 작아서 불편했던 적 있어?
방임,9,작은 옷이나 신발을 입거나 신고 다닌 적 있나요?
방임,9,작은 옷이나 신발을 입거나 신고 다닌 적 있어?
방임,9,작아진 옷이나 신발을 입거나 신고 다닌 적이 있어요?
방임,9,옷이나 신발이 작은 걸 입거나 신고 다닌 적 있어?
방임,9,옷이나 신발 사이즈가 작은 걸 입거나 신은 적이 있나요?
방임,9,사이즈가 작은 옷이나 신발을 입거나 신고 다닌 적 있어?
방임,9,작은 옷이나 신발을 입거나 신고 다닌 적이 있나요? 그랬다면 얼마나 오래 그랬나요?
방임,9,옷이나 신발이 안 맞도록 작은 걸 입거나 신어본 적이 있어?
방임,9,옷이나 신발 사이즈가 작은 걸 입거나 신고 다닌 적 있나요?
방임,9,옷이나 신발이 작은 걸 신고 다닌 적 있어?
방임,9,작아진 옷이나 신발을 입거나 신고 다닌 적이 있어?
방임,9,옷이나 신발 사이즈가 작아서 불편한 적이 있나요?
방임,9,얼마나 오래 작은 옷이나 신발을 입거나 신고 다녔나요?
방임,9,옷이나 신발 사이즈가 작아서 불편한 적이 있어요?
방임,9,사이즈가 작은 옷을 입거나 신발을 신은 적 있어?
방임,9,작은 옷이나 신발을 입거나 신고 밖에 나온 적이 있어요?
방임,9,크기가 작은 옷이나 신발을 입거나 신고 다닌 적 있어요?
방임,9,작은 옷이나 신발을 입거나 신고 다닌 적이 있나요? 얼마나 오래 그랬나요?
방임,9,옷이나 신발 크기가 작은 걸 입거나 신고 다닌 적이 있어요?
방임,9,옷이나 신발 사이즈가 작은 걸 입고 다니거나 신고 다닌 적 있나요?
방임,9,옷이나 신발 크기가 작은 걸 신거나 입고 다녔던 적이 있나요?
방임,9,옷이나 신발은 항상 내 사이즈에 맞게 입었나요?
방임,9,작은 옷이나 신발을 입거나 신고 다닌 적 있어요?
방임,9,맞지 않는 옷이나 신발을 입고 다녀야 했던 적이 있나요?
방임,9,옷이나 신발 크기가 작은 걸 입거나 신고 다닌 적이 있어?
방임,9,작은 옷이나 작은 신발을 신고 다닌 적 있어?
방임,9,옷이나 신발 크기가 작은 걸 입거나 신고 다닌 적이 있나요? 기간은 어느 정도인가요?
방임,9,크기가 맞지 않는 옷을 입거나 신발을 신은 적 있어요?
방임,9,옷이나 신발이 안 맞는데 입거나 신고 다닌 적이 있나요?
방임,9,옷이나 신발 사이즈가 작은 걸 입거나 신은 적이 있니?
방임,9,옷이나 신발이 작아서 불편했던 적은 없어?
방임,9,옷이나 신발 사이즈가 작은 걸 입거나 신고 다닌 적 있어?
방임,9,옷이나 신발이 작아서 불편한 적 있어?
방임,9,옷이나 신발 사이즈가 작은 걸 입거나 신고 다닌 적 있어요?
방임,9,왜 작은 옷을 그냥 입고 다녀요?
방임,9,그러면 옷이나 신발 사이즈가 작은 걸 입거나 신고 다닌 적이 있어?
방임,9,옷이나 신발 사이즈가 작은 걸 입거나 신고 다닌 적 있나요? 기간은 어느 정도인가요?
방임,9,옷이나 신발이 너무 작아서 불편했던 적은 있을까?
방임,9,옷이나 신발이 작은데도 입어야 했던 적이 있어?
방임,9,옷이나 신발 사이즈가 작은 걸 입거나 신고 다닌 적이 있을까?
방임,9,"크기가 작은 옷을 입거나, 신발을 신은 적 있어?"
방임,9,옷이나 신발 사이즈가 작은 걸 입거나 신고 다닌 적 있니?
방임,9,사이즈가 작은 옷이나 신발을 입거나 신고 다닌 적 있나요? 있다면 얼마나 오래 그랬나요?
방임,9,옷이나 신발 사이즈가 작은 걸 입거나 신고 다닌 적이 있나요? 기간은 어느정도인가요?
방임,9,옷이나 신발 사이즈가 작은 걸 입거나 신고 다닌 적이 있나요? 기간은 어느 정도 인가요?
방임,9,옷이나 신발 사이즈가 작은 걸 입거나 신고 다닌 적은 있어요?
방임,9,옷이나 신발 사이즈가 작은 걸 입거나 신고 다녀야 했던 적은?
방임,9,옷이나 신발이 작은데 억지로 입거나 신어야 했던 적 있어?
방임,9,작아진 옷이나 신발을 입거나 신은 적이 있나요?
방임,9,옷이나 신발 사이즈가 작은 걸 입거나 신은 적은 있어?
방임,9,맞지 않는 옷이나 신발을 입거나 신고 다닌 적 있어?
방임,9,옷이나 신발 사이즈가 맞지 않아 불편했던 적은 있어요?
방임,9,작은 옷이나 신발을 입거나 신고 다닌 적이 있나요? 기간은 어느 정도인가요?
방임,9,옷이나 신발이 작은 걸 입고 다닌 적 있어요?
방임,9,크기가 맞지 않는 옷이나 신발을 신은 적 있어?
방임,9,얼마나 오래 작은 옷을 입고 다녔나요?
방임,9,지금 신고 있는 신발 언제부터 작아졌다고 느꼈어?
방임,9,옷이나 신발이 작은데 불편하게 입거나 신어야 했던 적 있어?
방임,9,옷이나 신발이 작아져서 불편했던 적 있어?
방임,9,작은 옷을 입거나 작은 신발을 신고 다닌 적 있어요?
방임,9,"그럼, 옷이나 신발 사이즈가 안 맞는 걸 입었+ 입거나 신었던 적이 있을까?"
방임,9,작아진 옷이나 신발을 입거나 신고 다녀야 했던 적은 있어?
방임,9,"그럼, 옷이나 신발 사이즈가 안 맞는 걸 입거+ 입거나 신었던 적이 있을까?"
방임,9,신발이나 옷이 작아서 불편했던 적 있어?
방임,9,옷이나 신발이 작은데도 불편하게 입거나 신어야 했던 적 있어?
방임,9,옷이나 신발이 너무 작은데 불편하게 입거나 신어야 했던 적 있어?
방임,9,사이즈가 작은 옷이나 신발을 입거나 신고 다닌 적이 있어?
방임,9,옷이나 신발 사이즈가 작은 걸 입거나 신고 다닌 적 있나요? 기간은 얼마나 되나요?
방임,9,옷이나 신발 사이즈가 작은 걸 입고 다닌 적 있어요?
방임,9,옷이나 신발 사이즈가 작은 걸 입고 신고 다닌 적이 있나요?
방임,9,크기가 작은 옷이나 신발을 입거나 신고 다닌 적이 있어요?
방임,9,사이즈가 작은 옷이나 신발을 입거나 신고 다닌 적이 있나요? 있다면 얼마나 오래 그랬나요?
방임,9,작아서 발이 아픈 신발이나 몸에 꽉 끼는 작은 옷을 입은 적 있어?
방임,9,옷이나 신발을 작은 걸 신고 다닌 적 있어?
방임,9,옷이나 신발이 작아서 불편한 적 있었니?
방임,9,옷이나 신발 사이즈가 작은 걸 입거나 신은 적이 있어?
방임,9,작은 옷이나 신발을 신거나 입고 밖에 나온 적이 있어요?
방임,9,작은 옷이나 신발을 입거나 신고 다닌 적이 있나요? 있다면 기간은 어느 정도인가요?
방임,9,옷이나 신발 사이즈가 작은 걸 입거나 신고 다닌 적은 있나요?
방임,9,옷이나 신발이 작아서 불편하다고 느낀 적 있어?
방임,9,작아진 옷이나 신발을 입거나 신고 다닌적이 있어요?
방임,9,작아진 옷을 입거나 신발을 신은 적이 있나요?
방임,9,작은 신발이나 옷 때문에 불편했던 적은 있어?
방임,9,옷이나 신발사이즈가 작은 걸 입거나 신고 다닌 적이 있었어?
방임,9,작은 옷이나 신발을 입거나 신은 적이 있나요? 있다면 얼마나 오래 그랬나요?
방임,9,옷이나 신발이 작아진 것을 입거나 신은 적이 있나요?
방임,9,옷이나 신발이 나보다 작은 적이 있었나요?
방임,9,옷이나 신발이 너무 작아서 불편했는데 참아야 했던 적 있어?
방임,9,사이즈가 맞지 않는 옷을 입거나 신발을 신고 다닌 적이 있나요?
방임,9,작은 옷을 입거나 신발을 신은 적 있어?
방임,9,옷이나 신발이 너무 작아서 불편했던 적은 있어?
방임,9,작은 옷이나 신발을 신고 다녔던 적이 있나요?
방임,9,사이즈가 작은 옷이나 신발을 입거나 신은 적이 있나요?
방임,9,작은 옷이나 신발을 입거나 신고 다닌 적이 있어요?
방임,9,작은 옷을 입거나 신발을 신고 다닌 적 있나요?
방임,9,옷이나 신발 사이즈가 내 신체보다 작은 적이 있나요?
방임,9,작은 옷을 입거나 신발을 신은 지 얼마나 되었어?
방임,9,옷 사이즈나 신발 사이즈가 작은 걸 입거나 신고 다닌 적이 있나요?
방임,9,사이즈가 작은 옷이나 신발을 입거나 신고 다닌 적이 있어요?
방임,9,옷이나 신발 사이즈가 안 맞아서 불편한 적이 있었나요?
방임,9,옷이나 신발 사이즈가 작은 걸 입거나 신고 다닌 적이 있나요? 있다면 얼마나 오래 그랬나요?
방임,9,옷이나 신발 사이즈가 작은 걸 입고 다닌 적 있어?
방임,10,많이 한다고 뭐라고 안 해요?
방임,10,너무 많이 한다고 어른들이 뭐라고 안 하시나요?
방임,10,너무 오래 한다고 뭐라고 하지 않으세요?
방임,10,너무 많이 한다고 어른들이 뭐라 하시는 편인가요?
방임,10,너무 많이 하는 것 같다고 어른들이 뭐라고 하시진 않나요?
방임,10,그렇게 오래 하면 아빠가 뭐라고 안 하셔?
방임,10,많이 쓰면 어른들이 뭐라고 하나요?
방임,10,너무 많이 한다고 어머니가 뭐라고 하셔?
방임,10,엄마가 너무 많이 한다고 뭐라고 안 하셔?
방임,10,너무 많이 한다고 어른들이 뭐라 하시진 않아?
방임,10,그것과 관련해서 어른들이 뭐라 하시진 않나요?
방임,10,엄마가 많이 한다고 뭐라고 안하시나요?
방임,10,많이 하면 어른들이 뭐라고 안 하시나요?
방임,10,너무 많이 한다고 부모님께 혼나진 않나요?
방임,10,너무 많은 시간을 하면 어른들이 뭐라고 하시는 편이야?
방임,10,너무 많이 한다고 어른들이 뭐라고 하지는 않아?
방임,10,너무 많이 하면 어른들이 뭐라고 하지는 않아?
방임,10,그 정도 하면 엄마가 뭐라고는 안 하세요?
방임,10,너무 많이 한다고 어른들이 뭐라고 안 해요?
방임,10,너무 많이 한다고 뭐라고 하진 않으셔?
방임,10,그것과 관련해 어른들이 뭐라 하시진 않나요?
방임,10,너무 많이 한다고 어른들이 뭐라 하시진 않나요?
방임,10,너무 많이 한다고 엄마가 뭐라 하지는 않으시나요?
방임,10,너무 많이 한다고 어른들이 뭐라고 하진 않으세요?
방임,10,너무 많이 하면 어른들이 뭐라고 안 하시나요?
방임,10,너무 많이 한다고 어른들이 뭐라고 하지는 않았어요?
방임,10,어른들이 안 혼내?
방임,10,엄마가 너무 많이 한다고 뭐라고 하시진 않아요?
방임,10,너무 많이 하면 어른들이 뭐라고 하나요?
방임,10,너무 많이 한다고 어른들이 뭐라고 하시진 않아요?
방임,10,그러면 부모님이 너무 많이 한다고 뭐라 하시지는 않아?
방임,10,그렇게 오래 하면 부모님이 뭐라고 안 하셔?
방임,10,많이 쓰면 어른들이 뭐라고 하니?
방임,10,너무 많이 한다고 뭐라고 하시진 않아?
방임,10,센터 어른들이 너무 많이 한다고 뭐라고 하지는 않아요?
방임,10,너무 많이 한다고 부모님이 뭐라 하시진 않나요?
방임,10,그걸로 어른들이 뭐라 하시진 않나요?
방임,10,너무 많이 한다고 어른들이 뭐라고 하지 않아요?
방임,10,많이 한다고 어른들께서 뭐라고 안 하시나요?
방임,10,부모님이 너무 많이 한다고 뭐라고 하지는 않으세요?
방임,10,너무 많이 한다고 어른들이 뭐라고 하시지는 않나요?
방임,10,너무 많이 하면 어른들이 뭐라 하기도 하나요?
방임,10,그렇게 오래 하면 부모님이 뭐라고 하시지는 않나요?
방임,10,너무 많이 한다고 어른들이 뭐라고 하진 않아?
방임,10,어른들이 뭐라고 안 해?
방임,10,너무 많이 하면 어른들이 뭐라 하시기도 하나요?
방임,10,너무 많이 하면 어른들이 뭐라 하기도 해요?
방임,10,너무 많이 가지고 논다고 뭐라고 하지 않으세요?
방임,10,너무 많이 한다고 엄마가 뭐라고 안 하시나요?
방임,10,언니 말고 더 어른들은 없어요? 그나마 누가 많이 챙겨줘요?
방임,10,너무 많이 한다고 뭐라고 그러시지 않으세요?
방임,10,부모님이 뭐라고 안 하셔?
방임,10,어른들이 많이 해서 뭐라고 하지 않아요?
방임,10,어른들이 많이 한다고 뭐라고 하시지 않나요?
방임,10,많이 한다고 뭐라 하시진 않아?
방임,10,부모님이 너무 오래 가지고 논다고 뭐라고 하지 않나요?
방임,10,너무 오래 한다고 뭐라고 안 하시나요?
방임,10,너무 많이 한다고 어른들이 뭐라고 하시진 않아?
방임,10,많이 한다고 혼나지는 않아?
방임,10,너무 많이 한다고 어른들이 뭐라고 안 하셔?
방임,10,너무 많이 한다고 할머니가 뭐라고 하시진 않나요?
방임,10,너무 많이 한다고 어른들이 뭐라고 하시지는 않아?
방임,10,너무 많이 하면 어른들이 뭐라 하기도 해?
방임,10,많이 한다고 부모님한테 혼나지 않아?
방임,10,너무 많이 한다고 뭐라 하시지는 않아?
방임,10,너무 많이 한다고 어른들이 뭐라고 하시진 않나요?
방임,10,많이 하면 어른들이 뭐라고 하나요?
방임,10,너무 많이 한다고 부모님이 뭐라고 안 하세요?
방임,10,너무 많이 한다고 어른들이 뭐라 하진 않으세요?
방임,10,너무 많이 하면 어른들이 뭐라 하시나요?
방임,10,혹시 너무 많이 한다고 어른들이 뭐라고 하시나요?
방임,10,많이 한다고 혼나진 않아?
방임,10,너무 많이 한다고 어른들이 뭐라하시는 편인가요?
방임,10,너무 많이 한다고 뭐라고 안 하시나요?
방임,10,너무 많이 한다고 어른들이 뭐라고 하나요?
방임,10,많이 한다고 어른들이 뭐라 하시지 않아?
방임,10,그렇게 많이 하면 어른들이 뭐라고 하시지는 않아?
방임,10,어른들이 많이 한다고 뭐라고 안 해요?
방임,10,"그럼, 옛날에 너무 많이 한다고 어른들한테 혼나지 않았나요?"
방임,10,어른들이 너무 많이 하는 것 같다고 뭐라고 하시진 않아요?
방임,10,그 정도 하면 엄마 아빠가 뭐라고는 안 하세요?
방임,10,많이 한다고 어른들이 뭐라고 안 하시나요?
방임,10,어른들이 뭐라고 하시지 않아?
방임,10,너무 많이 한다고 부모님이 뭐라고 안 하시나요?
방임,10,어른들이 혼내지 않아?
방임,10,너무 많이 한다고 어른들이 뭐라고 하신 적 있나요?
방임,10,너무 오래 한다고 어른들이 뭐라고 안 해요?
방임,10,그렇게 오래 하면 부모님이 뭐라 하시지는 않아?
방임,10,오래 한다고 뭐라 하시지 않아?
방임,10,많이 하면 부모님이 뭐라고 하시나요?
방임,10,그럼 너무 많이 한다고 어른들이 뭐라고 하지는 않았어요?
방임,10,너무 오래 쓴다고 뭐라고 하지 않으세요?
방임,10,너무 많이 한다고 어른들이 혼낸 적은 없나요?
방임,10,많이 하면 어른들이 뭐라 하기도 하나요?
방임,10,그것 때문에 어른들이 뭐라 하시진 않나요?
방임,10,너무 많이 하면 선생님이 뭐라고 하나요?
방임,10,너무 많이 한다고 어른들이 뭐라고 하지는 않나요?
방임,10,그러면 어른들이 많이 한다고 뭐라고 하지는 않아?
방임,10,너무 많이 사용한다고 뭐라고 하지 않으시나요?
방임,10,어른들이 뭐라고 하지 않아?
방임,10,어른들이 뭐라고 안 하셔?
방임,10,할머니가 너무 많이 한다고 뭐라고 하시지는 않아요?
방임,10,너무 오래 한다고 어른들이 뭐라고 하시지 않아요?
방임,10,너무 많이 한다고 어른들이 뭐라 하지 않으시나요?
방임,10,그렇게 오래 하면 부모님이 뭐라고 하시지는 않아?
방임,10,어른들이 너무 많이 한다고 뭐라고 하시진 않나요?
방임,10,두 시간 정도 하면 어른들이 뭐라고 하지는 않아요?
방임,10,너무 많이 한다고 어른들이 뭐라고 하진 않나요?
방임,10,너무 많이 한다고 혼난 적은 없어요?
방임,10,어른들이 많이 한다고 뭐라고 하지 않으시나요?
방임,10,그런 상황에서 도움을 요청할 어른이 있어?
방임,10,어른들이 많이 한다고 뭐라고 안 하시나요?
방임,11,핸드폰을 오래 하면 어른들이 뭐라고 해?
방임,11,인터넷이나 휴대폰을 많이 할 때 어른들이 뭐라고 하진 않아?
방임,11,휴대폰 많이 한다고 어른들이 뭐라고 하지는 않나요?
방임,11,부모님이 휴대폰을 너무 많이 사용한다고 뭐라 하시지는 않아?
방임,11,핸드폰을 너무 오래 하면 어른들이 뭐라고 해?
방임,11,인터넷이나 휴대폰 게임을 너무 많이 한다고 어른들이 뭐라 하지는 않아?
방임,11,인터넷이나 휴대폰 게임을 너무 많이 한다고 어른들이 뭐라고 하지는 않나요?
방임,11,인터넷이나 휴대폰을 많이 한다고 어른들이 뭐라고 하진 않아?
방임,11,인터넷이나 휴대폰 게임을 너무 많이 한다고 어른들이 뭐라고 하지는 않아?
방임,11,휴대폰 많이 한다고 어른들이 뭐라고 하지는 않아요?
방임,11,어른들이 인터넷이나 휴대폰을 가지고 노는 시간으로 혼을 내진 않아요?
방임,11,인터넷이나 휴대폰을 사용한다고 어른들이 뭐라고 안 하시나요?
방임,11,휴대폰이나 이런 거 인터넷 많이 한다고 어른들이 뭐하고 하지 않아요?
방임,11,게임이나 핸드폰을 많이 한다고 어른들이 뭐라고 하신 적은 없었어?
방임,11,게임 많이 한다고 어른들이 뭐라고 하시지는 않아요?
방임,11,인터넷이나 휴대폰을 너무 오래 한다고 어른들이 뭐라고 안 해요?
방임,11,인터넷이나 휴대폰을 많이 한다고 어른들이 뭐라고 하지는 않나요?
방임,11,인터넷이나 휴대폰을 너무 많이 한다고 어른들이 뭐라고 안 하시나요?
방임,11,휴대폰 많이 한다고 뭐라 하시진 않아?
방임,11,인터넷이나 휴대폰 게임을 너무 많이 한다고 시설 종사자 어른들이 뭐라고 하지는 않나요?
방임,11,인터넷이나 휴대폰을 너무 많이 한다고 어른들이 혼내시진 않나요?
방임,11,휴대폰을 두 시간 정도 하면 어른들이 뭐라고 하시지는 않아요?
방임,11,인터넷이나 휴대폰을 많이 한다고 어른들이 뭐라고 하시진 않아요?
방임,11,어른들이 휴대폰을 너무 많이 한다고 뭐라고 하시지는 않아요?
방임,11,컴퓨터를 너무 많이 한다고 뭐라고 하진 않으세요?
방임,11,휴대폰을 너무 많이 한다고 뭐라고 하진 않으세요?
방임,11,게임 많이 한다고 어른들이 뭐라고 하지는 않아요?
방임,11,인터넷이나 휴대폰을 너무 많이 한다고 어른들이 뭐라고 하진 않아?
방임,11,휴대폰을 두 시간 정도 가지고 놀면 어른들이 뭐라고 하시진 않아요?
방임,11,휴대폰을 너무 많이 한다고 어른들한테 혼나지 않았나요?
방임,11,인터넷이나 휴대폰 게임을 너무 많이 한다고 어른들이 뭐라고 하지는 않아요?
방임,11,인터넷이나 휴대폰 사용한다고 어른들이 뭐라고 안 하시나요?
방임,11,부모님이 휴대폰을 너무 많이 사용한다고 뭐라 하시지는 않나요?
방임,11,휴대폰을 너무 많이 한다고 뭐라고 하시진 않아?
방임,11,휴대폰을 세 시간 정도 하면 어른들이 뭐라고 하진 않으세요?
방임,11,핸드폰 사용으로 부모님이 별말 안 하시나요?
방임,11,인터넷이나 휴대폰 사용 시간 때문에 어른들이 뭐라 하시진 않나요?
방임,11,인터넷이나 휴대폰을 너무 많이 한다고 어른들이 뭐라고 안 하세요?
방임,11,엄마가 핸드폰 많이 한다고 뭐라고 안 해요?
방임,11,휴대폰 많이 한다고 어른들이 뭐라고 하시지는 않아요?
방임,11,핸드폰을 오래 하면 어른들이 뭐라고 하나요?
방임,11,휴대폰을 세 시간 정도 가지고 놀면 어른들이 뭐라고 하시진 않아요?
방임,11,인터넷이나 휴대폰을 너무 많이 한다고 어른들이 뭐라고 하시진 않나요?
방임,11,인터넷이나 휴대폰 게임을 너무 많이 한다고 어른들이 뭐라고 하지 않나요?
방임,11,휴대폰을 두 시간 정도 하면 어른들이 뭐라고 하시진 않나요?
방임,11,핸드폰 한다고 누가 뭐라 하지는 않아?
방임,11,어른들이 휴대폰을 너무 많이 본다고 뭐라고 하시지는 않아?
방임,11,핸드폰을 너무 많이 한다고 어른들이 뭐라고 하지는 않아?
방임,11,핸드폰을 두 시간 정도 하면 어른들이 뭐라고 하시지는 않아요?
방임,11,핸드폰을 너무 많이 한다고 어른들이 뭐라고 하시진 않아요?
방임,11,인터넷이나 휴대폰 게임을 너무 많이 한다고 어른들이 뭐라고 하지 않아?
방임,12,하루에 컴퓨터나 핸드폰을 몇 시간 동안 쓸 수 있어?
방임,12,인터넷이나 핸드폰은 하루에 얼마 정도 해?
방임,12,인터넷이나 휴대폰을 가지고 노는 시간은 하루에 몇 시간 정도인가요?
방임,12,인터넷이나 휴대폰을 가지고 노는 시간은 하루에 몇 시간 정도인가요? 너무 많이 한다고 어른들이 뭐라고 안 하시나요?
방임,12,휴대폰을 하는 시간은 하루에 몇 시간 정도야?
방임,12,인터넷이나 휴대폰을 하루에 몇 시간 정도 하는 것 같아?
방임,12,인터넷이나 휴대폰은 하루에 얼마나 해요?
방임,12,인터넷이나 휴대폰을 가지고 노는 시간은 하루에 몇 시간 정도예요?
방임,12,하루에 인터넷이나 휴대폰을 가지고 노는 시간은 몇 시간 정도야?
방임,12,인터넷이나 휴대전화를 가지고 노는 시간은 하루에 몇 시간 정도인가요?
방임,12,인터넷이나 핸드폰 하루에 얼마나 해?
방임,12,인터넷이나 휴대폰은 하루에 얼마나 가지고 놀아?
방임,12,인터넷이나 휴대폰을 가지고 노는 시간은 하루에 몇 시간 정도인가요? 너무 많이 한다고 어른들이 뭐라 하시진 않나요?
방임,12,"인터넷이나 휴대폰을 가지고 노는 시간은 하루에 몇 시간 정도 인가요? 
너무 많이 한다고 어른들이 뭐라 하시진 않나요?"
방임,12,인터넷이나 휴대폰을 가지고 노는 시간은 하루에 몇 시간 정도야?
방임,12,인터넷이나 휴대폰을 가지고 노는 시간이 하루에 얼마나 되나요? 많이 해서 혼나지는 않아요?
방임,12,인터넷이나 휴대폰을 가지고 노는 시간은 하루에 몇 시간 정도에요?
방임,12,인터넷이나 휴대폰을 가지고 노는 시간은 하루에 몇 시간인가요?
방임,12,인터넷이나 휴대폰을 가지고 노는 시간은 하루에 몇 시간 정도 해요?
방임,12,인터넷이나 휴대폰을 가지고 노는 시간은 하루에 몇 시간이야?
방임,12,인터넷이나 휴대폰은 하루에 몇 시간 사용하나요?
방임,12,인터넷이나 휴대폰을 가지고 노는 시간은 하루에 몇 시간 정도일까?
방임,12,인터넷이나 휴대폰하는 시간이 하루에 몇 시간 정도야?
방임,12,인터넷이나 휴대폰을 가지고 노는 시간은 하루에 몇 시간인가요? 많이 해서 혼나지는 않아요?
방임,12,인터넷이나 휴대폰을 가지고 노는 시간이 하루에 얼마나 되나요? 많이 해서 혼나지는 않나요?
방임,12,인터넷이나 휴대폰을 가지고 노는 시간이 하루에 몇 시간 정도 되나요?
방임,12,인터넷이나 휴대폰을 가지고 노는 시간이 하루에 얼마나 되나요?
방임,12,인터넷이나 휴대폰을 가지고 노는 시간은 하루에 몇 시간 정도 인가요?
방임,12,인터넷이나 휴대폰은 하루에 얼마나 가지고 놀아요?
방임,12,인터넷이나 휴대폰을 하루에 몇 시간정도 하는 것 같아?
방임,12,"그럼, 몇 시간 정도 혼자 있는 거예요?"
방임,12,하루 동안 인터넷이나 휴대폰 게임 같은 거 몇 시간 정도 하나요?
방임,12,인터넷이나 휴대폰을 가지고 노는 시간은 하루에 몇 시간 정도 돼?
방임,12,인터넷이나 휴대전화 사용은 하루에 얼마나 해요?
방임,12,하루에 인터넷이나 휴대폰을 가지고 노는 시간은 얼마나 되나요?
방임,12,우리 친구 인터넷이나 휴대폰을 가지고 노는 시간은 하루에 몇 시간 정도인가요?
방임,12,인터넷은 있나요?
방임,12,하루에 인터넷이나 휴대폰을 두 시간 정도 하면 어른들이 뭐라고 하시진 않아요?
방임,12,인터넷이나 휴대폰을 가지고 노는 시간은 몇 시간 정도일까요?
방임,12,하루에 인터넷이나 휴대폰을 가지고 노는 시간은 몇 시간 정도인가요?
방임,12,휴대폰을 가지고 노는 시간은 하루에 몇 시간 정도예요?
방임,12,인터넷이나 휴대폰을 가지고 노는 시간은 하루에 몇 시간인가요? 많이 해서 혼나지는 않나요?
방임,12,인터넷이나 스마트폰을 가지고 노는 시간은 얼마 정도인가요?
방임,12,인터넷이나 휴대폰으로 노는 시간은 하루에 몇 시간 정도야? 많이 해서 혼나지는 않아?
방임,12,인터넷이나 핸드폰은 하루에 몇 시간 정도 해요?
방임,12,인터넷이나 휴대전화를 가지고 노는 시간은 하루에 몇 시간 정도예요?
방임,12,인터넷이나 휴대폰을 하루에 몇 시간 정도 하나요?
방임,12,인터넷이나 휴대폰은 몇 시간 사용하나요?
방임,12,인터넷이나 휴대폰은 하루에 얼마나 해?
방임,12,인터넷이나 휴대폰을 가지고 노는 시간은 하루에 얼마나 되나요?
방임,12,인터넷이나 휴대폰 가지고 노는 시간은 하루에 몇 시간 정도 돼?
방임,12,"하루에, 인터넷이나 휴대폰을 가지고 노는 시간은 몇 시간 정도야?"
방임,12,인터넷이나 휴대폰은 하루에 몇 시간 정도 가지고 놀아요?
방임,12,휴대폰은 하루에 몇 시간 사용해요?
방임,12,인터넷이나 휴대폰을 가지고 노는 시간은 하루에 몇 시간 정도 해?
방임,12,인터넷이나 휴대폰을 가지고 노는 시간은 몇 시간 정도야?
방임,12,인터넷이나 휴대폰을 가지고 노는 시간은 하루 얼마나 되나요?
방임,12,인터넷이나 휴대폰을 가지고 노는 시간 하루에 몇 시간 정도인가요?
방임,12,인터넷이나 핸드폰을 하루에 얼마나 해?
방임,12,인터넷이나 휴대폰을 가지고 노는 시간은 하루에 몇 시간 정도 하나요?
방임,12,인터넷이나 휴대폰을 가지고 노는 시간은 하루에 몇 시간이에요?
방임,12,하루에 컴퓨터나 휴대폰을 가지고 노는 시간이 몇 시간이야?
방임,12,인터넷이나 휴대폰을 갖고 노는 시간은 몇 시간 정도 돼요?
방임,12,인터넷이나 휴대폰을 가지고 노는 시간은 하루에 어느 정도인가요?
방임,12,하루에 인터넷이나 휴대폰을 가지고 노는 시간은 몇 시간 정도에요?
방임,12,인터넷이나 휴대폰을 가지고 노는 시간은 하루에 몇 시간 정도인가요? 너무 많이한다고 어른들이 뭐라 하시진 않나요?
방임,12,인터넷이나 휴대폰을 가지고 노는 시간은 하루에 몇 시간 정도 돼요?
방임,12,하루에 인터넷이나 휴대폰으로 노는 시간은 몇 시간 정도일까?
방임,12,하루에 인터넷이나 휴대폰을 가지고 노는 시간은 몇 시간 정도예요?
방임,12,핸드폰이나 인터넷 사용 시간은 평소에 얼마나 돼요?
방임,12,인터넷이나 휴대폰을 가지고 노는 시간은 하루에 몇 시간 정도인가요.
방임,12,인터넷이나 휴대폰을 하는 시간은 하루에 몇 시간 정도야?
방임,12,인터넷이나 휴대폰을 가지고 노는 시간은 하루에 몇 시간 정도에요? 많이 해서 어른들에게 혼나지는 않나요?
방임,12,인터넷이나 휴대폰을 가지고 노는 시간은 하루에 몇시간 정도일까?
방임,12,하루에 인터넷이나 휴대폰을 가지고 노는 시간은 몇 시간이야?
방임,12,인터넷이나 휴대폰을 하루에 몇 시간 정도 하는 것 같아요?
방임,12,인터넷이나 핸드폰 하루에 어느 정도 해?
방임,12,인터넷이나 휴대폰을 가지고 노는 시간은 몇 시간 정도인가요?
방임,12,"인터넷이나 휴대폰을 가지고 노는 시간은 하루에 몇 시간 정도인가요?
부모님이 휴대폰 사용 시간을 체크하시나요?"
방임,12,하루에 컴퓨터나 핸드폰을 몇 시간 쓸 수 있어?
방임,12,인터넷이나 휴대폰 하는 시간이 하루에 몇 시간 정도예요?
방임,12,우리 친구는 인터넷이나 휴대폰을 가지고 노는 시간이 하루에 몇 시간 정도예요?
방임,12,인터넷이나 휴대폰을 가지고 노는 시간은 하루에 몇 시간 정도예요? 많이 해서 어른들에게 혼나지는 않나요?
방임,12,하루에 스마트폰은 몇 시간 정도 사용해요?
방임,12,인터넷이나 휴대폰을 하루에 몇 시간 정도 해?
방임,12,인터넷이나 스마트폰은 보통 얼마나 가지고 놀아?
방임,12,인터넷이나 휴대폰을 가지고 노는 시간은 하루에 몇 시간 정도일까요?
방임,12,인터넷이나 휴대폰을 가지고 노는 시간은 얼마나 되나요?
방임,12,우리 친구 인터넷이나 휴대폰을 가지고 노는 시간이 하루에 몇 시간 정도예요?
방임,12,우리 친구는 하루에 인터넷이나 휴대폰을 어느 정도 해요?
방임,12,인터넷 또는 핸드폰은 하루에 얼마나 해?
방임,12,인터넷이나 핸드폰을 하루에 어느 정도 사용해?
방임,12,인터넷이나 휴대폰을 가지고 노는 시간은 하루에 몇 시간 정도 될까?
방임,12,인터넷이나 휴대전화를 가지고 노는 시간은 하루에 몇 시간 정도야?
방임,12,인터넷이나 휴대폰을 가지고 노는 시간은 하루에 몇 시간 정도야? 많이 해서 혼나지는 않아?
방임,12,인터넷이나 휴대폰을 가지고 노는 시간은 하루 몇 시간 정도 될까?
방임,12,인터넷이나 휴대폰을 하는 시간은 하루에 몇 시간 정도인가요?
방임,12,하루에 휴대폰이나 인터넷은 얼마나 가지고 놀아?
방임,12,인터넷이나 핸드폰은 하루에 얼마나 써?
방임,12,인터넷이나 휴대전화는 하루에 얼마 정도 해?
방임,12,인터넷이나 휴대폰을 하루에 몇 시간 정도 가지고 놀아?
방임,12,평소에 휴대폰이나 인터넷을 하는 시간은 얼마나 돼요?
방임,12,인터넷이나 휴대폰 가지고 노는 시간은 하루에 몇 시간 정도야?
방임,12,인터넷이나 휴대전화는 하루에 얼마나 해?
방임,12,인터넷이나 핸드폰 하루에 얼마 정도 해?
방임,12,인터넷이나 휴대폰 하는 시간이 하루에 몇 시간 정도야?
방임,12,인터넷이나 휴대폰 가지고 노는 시간은 하루에 몇 시간이야?
방임,12,인터넷이나 휴대폰을 가지고 노는 시간은 하루에 몇 시간이야? 많이 해서 혼나진 않아?
방임,12,인터넷이나 휴대폰을 가지고 노는 시간은 몇 시간 정도에요?
방임,12,인터넷이나 휴대폰 많이 한다고 엄마가 뭐라고 하셔?
방임,12,하루에 컴퓨터나 휴대폰을 가지고 얼마나 놀아요?
방임,12,인터넷이나 핸드폰을 가지고 노는 시간은 하루에 몇 시간 정도에요?
방임,12,인터넷이나 휴대폰을 가지고 노는 시간은 하루에 몇 시간 정도인가요? 너무 많이 한다고 어른들이 뭐라 하진 않나요?
방임,12,인터넷이나 휴대폰 하는 시간은 하루에 몇 시간 정도야?
방임,12,하루에 컴퓨터나 핸드폰을 몇 시간 동안 쓸 수 있어요?
방임,12,인터넷이나 휴대폰을 하루에 몇 시간해?
방임,12,"인터넷이나 휴대폰을 가지고 노는 시간은 하루에 몇 시간 정도인가요? 
너무 많이 한다고 어른들이 뭐라 하시진 않나요?"
방임,12,우리 친구는 하루에 휴대폰을 얼마나 가지고 놀아요?
방임,12,핸드폰을 하루에 몇 시간 정도 해?
방임,12,"하루에, 인터넷이나 휴대폰을 몇 시간 정도 하나요?"
방임,12,하루에 인터넷이나 휴대폰으로 노는 시간은 몇 시간 정도야?
방임,12,하루의 컴퓨터나 핸드폰을 몇 시간 동안 쓸 수 있어?
방임,12,인터넷이나 핸드폰은 하루에 얼마나 해?
방임,12,하루에 컴퓨터나 휴대폰을 얼마 정도 가지고 놀아요?
방임,12,하루에  컴퓨터나 핸드폰을 몇 시간 동안 쓸 수 있어?
방임,12,평소에 인터넷이나 휴대폰을 가지고 노는 시간은 몇 시간 정도예요?
방임,12,인터넷이나 휴대폰을 가지고 노는 시간은 하루에 몇시간 정도인가요?
방임,12,인터넷이나 핸드폰을 가지고 노는 시간은 하루에 몇 시간 정도예요?
방임,12,인터넷이나 휴대폰은 하루에 보통 얼마나 가지고 놀아?
방임,12,인터넷이나 핸드폰 하루에 얼마나 해? 오래 해?
방임,12,핸드폰이나 인터넷 사용 시간은 하루에 얼마나 돼요?
방임,12,인터넷이나 휴대전화를 가지고 노는 시간은 하루에 몇 시간 정도 해요?
방임,12,인터넷이나 휴대폰을 하는 시간이 하루에 몇 시간 정도야?
방임,12,인터넷이나 휴대폰 가지고 노는 시간이 하루에 몇 시간 정도야?
방임,12,인터넷이나 휴대폰을 가지고 노는 시간이 하루에 얼마나 되나요? 많이해서 혼나지는 않나요?
방임,12,인터넷이나 핸드폰은 하루에 어느 정도 해?
방임,12,하루에 인터넷이나 휴대폰을 가지고 노는 시간은 몇 시간 정도 되는 것 같아?
방임,12,"인터넷이나 휴대폰을 가지고 노는 시간은 하루에 몇 시간이야? 
많이 해서 혼나진 않아?"
방임,12,우리 친구 인터넷이나 휴대폰을 가지고 노는 시간은 하루에 몇 시간 정도에요?
방임,12,인터넷이나 휴대폰을 하는 시간이 하루에 몇 시간 정도 되나요? 많이 해서 혼나지는 않나요?
방임,12,하루에 인터넷이나 휴대폰을 가지고 노는 시간은 하루에 몇 시간 정도야?
방임,12,인터넷이나 핸드폰은 매일 얼마나 해?
방임,12,인터넷이나 핸드폰 얼마나 해?
방임,12,인터넷이나 핸드폰을 하루에 몇 시간 정도 하는 것 같아?
방임,12,인터넷이나 핸드폰을 하루에 얼마나 해? 많이 해?
방임,12,인터넷이나 휴대폰을 하면서 노는 시간은 하루에 몇 시간 정도 될까요?
방임,12,인터넷이나 휴대폰을 가지고 노는 시간은 하루에 몇 시간정도 인가요?
방임,12,인터넷이나 휴대폰은 하루에 몇 시간 정도 가지고 노나요?
방임,12,컴퓨터나 스마트폰을 얼마나 가지고 놀아요?
방임,12,컴퓨터나 휴대폰을 가지고 노는 시간은 하루에 몇 시간 정도예요?
방임,12,핸드폰이나 인터넷 사용하는 시간이 하루에 몇 시간 정도야?
방임,12,인터넷이나 휴대폰은 하루에 몇 시간 정도 가지고 놀아?
방임,12,"인터넷이나 휴대폰을 가지고 노는 시간은 하루에 몇 시간 정도인가요?
너무 많이 한다고 어른들이 뭐라 하시진 않나요?"
방임,13,몸이 아플 때 어른들이 병원에 데려가지 않았던 적이 있어?
방임,13,배고픈데 먹을 게 없어서 굶은 적이 있거나 아픈데 어른들이 병원에 데려가지 않은 적이 있어요?
방임,13,어디 아픈 곳이 있는데 어른들이 병원에 데려가지 않은 적이 있나요?
방임,13,아픈 곳이 있는데 어른들이 병원에 데려가지 않은 적이 있어?
방임,13,아플 때 어른들이 병원에 데려가지 않은 적 있어?
방임,13,어디 아픈 곳이 있는데 어른들이 병원에 데려가지 않은 적은 있어요?
방임,13,어디 아픈 곳이 있는데 어른들이 병원에 데려가지 않은 적이 있나요? 몇 번이나 있나요?
방임,13,어디 아픈 곳이 있는데 어른들이 병원에 데려가지 않은 적이 있어요?
방임,13,어디 아픈 곳이 있는데 어른들이 병원에 데려가지 않은 적이 있니?
방임,13,아픈 곳이 있는데 어른들이 병원에 데려가지 않은 적이 있나요?
방임,13,몸이 안 좋은데 어른들이 병원 안 데려간 적 있어?
방임,13,어디 아픈데 어른들이 병원 안 데려가 줘서 못 간 적 있어?
방임,13,어디 아픈 곳이 있는데 어른들이 병원에 데려가지 않은 적 있어?
방임,13,아픈 곳이 있는데 부모님이 병원에 데려가지 않은 적이 있나요?
방임,13,"어디 아픈 곳이 있는데, 어른들이 나를 병원에 데려가지 않은 적이 있나요?"
방임,13,어디 아픈 곳이 있는데 어른들이 병원에 안 데려간 적 있어?
방임,13,"어디 아픈 곳이 있는데, 어른들이 병원에 데려가지 않은 적이 있나요?"
방임,13,어디 아픈 곳이 있는데 어른들이 병원에 데려가지 않은 적이 있어?
방임,13,어디 아픈 곳이 있는데 어른들이 병원에 안 데려간 적 있을까?
방임,13,내가 아픈 곳이 있는데 어른들이 병원에 데려가지 않은 적이 있어요?
방임,13,어디 아픈 곳이 있는데 어른들이 병원에 데려가지 않은 적 있나요?
방임,13,어른들한테 아프다고 했는데 병원에 데려가지 않은 적 있어?
방임,13,어디 아픈 곳이 있는데 어른들이 병원에 안 데려간 적이 있을까?
방임,13,어디가 아픈 데 어른들이 병원에 데려가지 않은 적이 있나요?
방임,13,아픈 곳이 있는데 어른들이 병원에 데려가지 않은 적이 있나요? 몇 번이나 있나요?
방임,13,어른들한테 아프다고 했는데 병원을 데려가지 않은 적 있어?
방임,13,어디 아픈 곳이 있는데 부모님이 병원에 데려가지 않은 적이 있나요?
방임,13,어디 아픈 곳이 있는데 어른들이 병원에 데려가지 않은 적이 있을까?
방임,13,어디 아픈 곳이 있는데 어른들이 병원을 데려가지 않은 적이 있나요?
방임,13,어디 아픈 곳이 있는데 어른들이 병원에 데려가지 않은 적은 있어?
방임,13,어디 아픈 곳이 있는데 어른들이 병원에 데려가지 않았던 적도 있나요?
방임,13,어디 아픈 곳이 있는데 어른들이 병원에 안 데려간 적이 있나요?
방임,13,어디 아픈 곳이 있는데 어른들이 병원에 데려가지 않은 적 있어요?
방임,13,아픈데 어른들이 병원에 데려가지 않은 적이 있나요?
방임,13,어른들에게 아프다고 말했는데 병원에 가지 않은 적이 있어?
방임,13,몸이 아플 어른들이 병원 안 데려간 적 있어?
방임,13,어디 아픈 곳이 있는데 어른들이 병원에 데려가지 않은 적이 있나요? 얼마나 그랬나요?
방임,13,아플 때 어른들이 병원에 데려가지 않은 적 있어요?
방임,13,아픈 곳이 있을 때 어른들이 병원에 데려가지 않은 적이 있나요?
방임,13,"아픈 곳이 있는데, 어른들이 병원에 데려가지 않은 적이 있나요?"
방임,13,어디 아픈데 어른들이 병원 안 데려가서 못 간 적 있어?
방임,13,어디 아픈 곳이 있는데도 할머니나 어머니가 병원에 데려가지 않은 적이 있나요?
방임,13,어디 아픈데 어른들이 병원 안 데려간 적 있어?
방임,13,어디 아픈 곳이 있는데 어른들이 병원에 데려가지 않은 적 있니?
방임,13,어디 아픈데 어른들이 병원에 안 데려간 적 있어?
방임,13,어디 아픈데 어른들이 병원에 데려가지 않은 적이 있나요?
방임,13,아픈 곳이 있는데 어른들이 병원 안 데려간 적 있어?
방임,13,아플 때 어른들이 병원을 데려가지 않은 적 있어?
방임,13,그럼 아픈 곳이 있는데 부모님이 병원에 데려가지 않은 적이 있어요?
방임,13,어디 아픈데 어른들이 안 데려다줘서 병원 못 간 적 있어?
방임,13,"그럼, 어디 아픈 곳이 있는데 어른들이 병원에 데려가지 않은 적이 있어?"
방임,13,아픈 곳이 있는데 어른들이 병원에 데려가지 않은 적이 있나요? 몇 번이나 있었나요?
방임,13,어디 아픈 곳이 있는데 부모님이 병원에 데려가지 않은 적은?
방임,13,"어디 아픈 곳이 있는데, 어른들이 병원에 데려가지 않은 적이 있나요? 몇 번이나 있나요?"
방임,13,어디 아픈 곳이 있는데 어른들이 병원에 안데려간 적이 있을까?
방임,13,아픈 곳이 있는데 부모님이 병원에 데려가지 않은 적이 있어?
방임,13,몸이 아픈데 어른들이 병원에 데려가지 않은 적은 있나요?
방임,13,어디 아픈 곳이 있는데 어른들이 병원에 데려가지 않은 적이 있을까요?
방임,13,어디 아픈 곳이 있는데 할아버지가 병원에 데려가지 않은 적이 있어?
방임,13,어른들에게 아프다고 했는데 병원을 안 데려가신 적이 있나요?
방임,13,"어디 아픈 곳이 있는데, 어른들이 병원에 안 데려간 적이 있을까?"
방임,13,병원에 가야 하는데 어른들이 병원에 데려가지 않은 적이 있나요?
방임,13,많이 힘들겠어요. 어디 아픈 곳이 있는데 어른들이 병원에 데려가지 않은 적이 있나요?
방임,13,어디가 아픈 데가 있는데 어른들이 병원에 데려가지 않은 적이 있나요?
방임,13,아픈 곳이 있는데 어른들이 병원에 데려가지 않은 적이 있나요? 몇 번이나 그랬나요?
방임,13,"어디 아픈 곳이 있는데 어른들이 병원에 데려가지 않은 적이 
있나요?"
방임,13,"어디 아픈 곳이 있는데, 어른들이 병원에 데려가지 않았던 적 있어?"
방임,13,어른들한테 바프다고 했는데 병원을 데려가지 않은 적 있어?
방임,13,어디 아픈 곳이 있는데 어른들이 병원에 데려가지 않은 적 있을까?
방임,13,몸이 아플 때 어른들이 병원에 데려가지 않았던 적 있어?
방임,13,어디 아픈데 어른들이 병원 안 데려가서 더 아팠던 적 있어?
방임,13,어른들에게 아프다고 말했는데 병원에 가지 않은 적 있어?
방임,13,어디 아픈 곳이 있는데 어른들이 데려가지 않은 적이 있나요?
방임,13,"어디 아픈 곳이 있는데, 어른들이 나를 병원에 데려가지 않은 적이 있을까?"
방임,13,어디 아픈 곳이 있는데 어른들이 병원에 데려가 주지 않은 적은 있나요?
방임,13,몸이 아플 때 어른들이 병원에 데려가지 않았던 적이 있어요?
방임,13,어디 아픈 곳이 있었는데 어른들이 병원에 데려가지 않은 적이 있나요?
방임,13,"어디 아픈 곳이 있는데, 어른들이 병원에 데려가지 않은 적이 있어?"
방임,13,어디 아픈 곳이 있는데 부모님께서 병원에 데려가지 않은 적은?
방임,13,어디가 아픈데 어른들이 병원에 데려가지 않은 적이 있나요?
방임,13,아픈 곳이 있는데 어른들이 병원을 데려가지 않은 적이 있나요? 몇 번이나 있나요?
방임,13,어디 아픈 곳이 있는데 병+ 어른들이 병원에 데려가지 않은 적이 있나요?
방임,13,어른들에게 아프다고 말했는데 병원을 가지 않은 적이 있어?
방임,13,어디 아픈 곳이 있는데 할아버지가 병원에 데려가지 않은 적은 있어?
방임,13,어디가 아픈 데 할아버지가 병원에 데려가지 않은 적이 있나요?
방임,13,어디 아픈 곳이 있는데 어른들이 병원을 데려가지 않은 적은 있어요?
방임,13,어디가 아픈 데 어른들이 병원에 데려가지 않은 적 있나요?
방임,13,어디 아픈 곳이 있는데 어른들이 병원에 데려가지 않았던 적 있어?
방임,13,아플 때 어른들이 병원에 데려가지 않은 적이 있나요?
방임,13,어디가 아픈데 어른들이 병원에 데려가지 않은 적 있나요?
방임,13,어른들한테 아프다고 했는데 병원을 가지 않은 적 있어?
방임,13,"아픈 곳이 있는데 어른들이 병원에 데려가지 않은 적이 있나요, 몇 번이나 있나요?"
방임,13,몸이 아픈데 어른들이 병원에 데려가지 않은 적이 있나요?
방임,13,아픈 곳이 있는데 부모님이 병원에 데려가지 않은 적이 있어요?
방임,13,어디 아플 때 어른들이 병원에 데려가지 않은 적이 있나요?
방임,13,어디 아픈 곳에 있는데 어른들이 병원에 데려가지 않은 적이 있나요?
방임,13,어디 아픈 곳이 있는데 어른들이 병원에 데려가지 않은 적은 있나요?
방임,13,어디 아픈 곳이 있는데 부모님이 병원에 데려가지 않은 적이 있을까?
방임,13,어디가 아픈데 어른들이 안 데려가서 병원 못 간 적 있어?
방임,13,어디 아픈데 어른들이 병원에 안 데려간 적이 있나요?
방임,13,어디가 아픈데 어른이 병원을 데려가지 않은 적이 있나요?
방임,13,어른들한테 아프다고 했는데 병원에 가지 않은 적 있어?
방임,13,그럼 어디 아픈 곳이 있는데 어른들이 병원에 데려가지 않은 적이 있나요?
방임,13,우리 친구가 어디 아픈 곳이 있는데 어른들이 병원에 데려가지 않은 적 있어?
방임,13,우리 친구가 어디 아픈 곳이 있는데 부모님이 병원에 데려가지 않은 적은?
방임,13,"어디 아픈 곳이 있는데, 어른들이 친구를 병원에 데려가지 않은 적 있어?"
방임,13,우리 친구가 아픈데 어른들이 병원에 데려가지 않았던 적이 있어?
방임,13,"어디 아픈 곳이 있는데, 어른들이 친구를 병원에 데려가지 않은 적 있어요?"
방임,13,친구가 아픈데 어른들이 병원에 데려가지 않은 적이 있었어요?
방임,13,친구가 아픈데 어른들이 병원에 데려가지 않은 적이 있나요?
방임,13,혹시 친구가 아픈데 어른들이 병원에 데려가지 않은 적이 있었어요?
방임,13,혹시 친구가 아픈데 어른들이 병원에 데려가지 않은 적이 있나요?
방임,13,우리 친구가 어디 아픈 곳이 있는데 어른들이 병원에 데려가지 않은 적 있어요?
방임,13,우리 친구가 어디 아픈 곳이 있는데 어른들이 병원에 데려가지 않은 적이 있어?
방임,13,우리 친구가 어디 아픈 곳이 있는데 할머니가 병원에 데려가지 않은 적은?
방임,13,친구가 어디 아픈데 어른들이 병원에 안 데려간 적은 있을까?
방임,13,우리 친구가 어디 아픈 곳이 있는데 어른들이 병원에 데려가지 않은 적 있나요?
방임,13,우리 친구가 어디 아픈 곳이 있는데 부모님이 병원에 데려가지 않은 적이 있어?
방임,13,우리 친구가 아픈데 어른들이 병원에 데려가지 않은 적이 있어?
방임,13,혹시 친구가 아픈 데 어른들이 병원에 데려가지 않은 적이 있어요?
방임,13,우리 친구가 아픈데 어른들이 병원에 데려가지 않았던 적 있어?
방임,13,그래서 친구들이 아프다고 말 안 하나요?
방임,13,우리 친구가 어디 아픈 곳이 있는데 부모님이 병원에 데려가지 않은 적 있어?
방임,13,우리 친구가 어디 아픈 곳이 있는데 선생님들이 병원에 데려가지 않은 적이 있어?
방임,13,우리 친구가 어디 아픈 곳이 있는데 부모님이나 보모 선생님이 병원에 데려가지 않은 적은?
방임,13,혹시 친구가 아픈데 어른들이 병원에 데려가지 않은 적이 있어요?
방임,13,친구가 어디 아픈데 어른들이 병원에 안 데려간 적이 있을까?
방임,13,친구가 아픈데 어른들이 병원에 데려가지 않은 적이 있어요?
방임,13,우리 친구가 어디 아픈 곳이 있는데 어른들이 병원에 데려가지 않은 적은?
방임,13,혹시 친구가 아픈 데 어른들이 병원에 데려가지 않은 적이 있나요?
방임,13,우리 친구가 어디 아픈 곳이 있는데 어른들이 병원에 데려가지 않은 적이 있나요?
방임,13,우리 친구가 어디 아픈 곳이 있는데 선생님들이 병원에 데려가지 않은 적은?
방임,13,혹시 친구가 아픈데 어른들이 병원에 데려가지 않은 적 있었어요?
방임,13,친구가 아픈 데 어른들이 병원에 데려가지 않은 적이 있었어요?
방임,13,아플 때 선생님한테 말하면 잘 챙겨 주셔?
방임,13,친구가 아픈 곳이 있는데 어른들이 병원에 데려가지 않은 적이 있나요?
방임,13,친구는 어디 아픈 곳이 있는데 어른들이 병원에 데려가지 않은 적 있어?
성학대,-1,"학원 선생님은 남자야, 여자야?"
성학대,-1,여자친구는 몇 살인가요?
성학대,-1,지금도 계속 따라오나요?
성학대,-1,온라인에서 알게 된 사람을 실제로 만나본 적 있어?
성학대,-1,그 가해자들은 누구인가요?
성학대,-1,"정말 너무 미안하지만, 한 가지만 더 물어볼게요. 혹시 그 가해자들이 촬영까지 하던가요?"
성학대,-1,그 사람이 봉사를 얼마나 와?
성학대,-1,어떻게 나를 불편하게 해?
성학대,-1,부끄럽고 창피한 걸 시킨 사람이 있어요?
성학대,-1,아까 이야기를 들어보니까 학교에서 있었던 일인 것 같은데 내가 아는 사람이었어?
성학대,-1,그 아저씨를 나는 학교 어디에서 만났어?
성학대,-1,아까 얘기해준 그 학원 형이 어디를 만졌어요?
성학대,-1,그 형이 본인이 하기 싫은 부끄럽고 창피한 일도 시켰나요?
성학대,-1,자세히 설명해 줄래요?
성학대,-1,어떤 점이 억울해요?
성학대,-1,그 선생님이 어디를 만졌어요?
성학대,-1,아무것도 기억나는 게 없나요?
성학대,-1,"학원 선생님은 여자인가요, 남자인가요?"
성학대,-1,"아니요, 없어요."
성학대,-1,남자친구 이름이랑 나이는 알아요?
성학대,-1,체육 선생님이 왜 너의 바지를 벗겼어?
성학대,-1,사촌 오빠는 몇 살이에요?
성학대,-1,오빠가 안아주고 업어줄 때는 어땠어요?
성학대,-1,그 아저씨가 그런 걸 보여주면 돈을 주겠다고 했어요?
성학대,-1,누가 부끄럽고 창피한 일 시킨 적 있어?
성학대,-1,그 사람의 요구에 얼마나 더 사진을 보냈나요?
성학대,-1,전에 사귀었던 남자친구가 어떻게 했나요?
성학대,-1,친아빠가 그랬을까요? 아니면 지금 같이 사는 아빠일까요?
성학대,-1,그 앱은 어떻게 알게 된 거야?
성학대,-1,내 사진을 보내주고서 돈을 받았어?
성학대,-1,아빠가 나를 어떤 식으로 만졌어?
성학대,-1,내가 싫다고 하면 아빠는 어떤 반응을 보였어?
성학대,-1,아빠가 언제부터 나를 만졌어?
성학대,-1,그 아저씨는 어디 경비 아저씨예요?
성학대,-1,그 사람이 다른 행동도 했나요?
성학대,-1,또 있을까?
성학대,-1,다른 연락들에는 어떻게 행동했어?
성학대,-1,선생님이 너에게 부끄럽거나 창피한 행동을 시킨 적이 있어?
성학대,-1,아버지가 나에게 부끄럽고 창피한 것을 시킨 적이 있어?
성학대,-1,아까 얘기해준 그 학원 형이 어디를 만졌나요?
성학대,-1,부모님은 그 사실을 아시나요?
성학대,-1,그러면 그렇게 해달라고 한 어른이 있나요?
성학대,-1,보컬 선생님은 여자야 남자야?
성학대,-1,선생님이 어떤 선생님일까요?
성학대,-1,부끄럽고 창피한 것을 시켰나요?
성학대,-1,모르는 아저씨가 또 어떤 행동을 했어?
성학대,-1,담임 선생님이 어떻게 하나요?
성학대,-1,사범님은 남자예요? 여자예요?
성학대,-1,오빠랑은 아직도 연락하고 있나요?
성학대,-1,사범님은 여자일까요? 남자일까요?
성학대,-1,그 형과 알고 지낸 시간이 얼마나 되나요?
성학대,-1,그것 때문에 마음이 힘든가요? 혹시 어른 중에도 그런 사람이 있나요?
성학대,-1,이상하다고 생각할 수 있지만 중요한 질문이야.
성학대,-1,아저씨가 뭘 도와달라고 했어?
성학대,-1,상가에서 아저씨가 너한테 뭐 했어?
성학대,-1,경비 아저씨가 친구에게 어떻게 했나요?
성학대,-1,그 아저씨는 처음 보는 사람이었어?
성학대,-1,그래서 그 아저씨가 집까지 쫓아왔어?
성학대,-1,선생님이 나한테 부끄럽거나 창피한 행동을 시킨 적이 있어?
성학대,-1,그 이상한 게 아저씨 몸에 있었어?
성학대,-1,목사님이 어떻게 만졌어요?
성학대,-1,찜질방에서는 별일이 없었어?
성학대,-1,"그 뒤로도 아저씨를 다시 만나거나, 아저씨가 너희를 쫓아온 적이 있어?"
성학대,-1,그 아저씨는 아는 사람이야?
성학대,-1,혹시 부모님은 아셔?
성학대,-1,학원 선생님이 어떻게 만졌는지 자세히 말해줄 수 있을까?
성학대,-1,부원장님 말고 다른 사람은 없나요?
성학대,-1,시설 선생님이나 다른 어른들에게 이 일에 대해 말해본 적 있나요?
성학대,-1,방금 말한 것 말고도 또 있을까요? 다 이야기해 줄래요?
성학대,-1,아빠가 연락와서 어떻게 말해요?
성학대,-1,그 일 때문에 얼마나 힘든가요?
성학대,-1,아빠가 나에게 부끄럽고 창피한 것을 시킨 적이 있나요?
성학대,-1,아까 얘기한 선생님에 대해서 엄마가 아세요?
성학대,-1,오빠는 아는 사람이에요?
성학대,-1,오빠를 직접적으로 만난 적 있나요?
성학대,-1,친구가 말해줄 수 있는 만큼만 말해줄 수 있을까?
성학대,-1,삼촌이 언제까지 나를 만졌어?
성학대,0,이런 일이 자주 있었나요?
성학대,0,이런 일이 자주 있었어?
성학대,0,이런 일이 자주 있어?
성학대,0,그런 일이 자주 있었어?
성학대,0,이런 일이 자주 있어요?
성학대,0,그런 일이 여러 차례 있었나요?
성학대,0,그런 일이 자주 있었나요?
성학대,0,이런 일이 자주 있었어요?
성학대,0,일주일에 몇 번 정도 그런 거 같아?
성학대,0,이런 일이 한 달에 얼마나 자주 일어나나요?
성학대,0,연락하는 횟수가 얼마나 돼요?
성학대,0,이런 일이 자주 일어나?
성학대,0,그런 일이 자주 있나요?
성학대,0,한 달에 몇 번 정도 그랬어요?
성학대,0,그런 일이 한 번 있었나요?
성학대,0,이런 일이 자주 일어났나요?
성학대,0,다섯 번 넘은 거 같아요?
성학대,0,자주 그랬나요?
성학대,0,이런 일이 처음이야? 아니면 예전에도 누가 그런 적 있어?
성학대,0,그런 일이 얼마나 자주 있었나요?
성학대,0,얼마나 자주 그래?
성학대,0,지금 말한 이야기 말고 또 그런 적이 있어요?
성학대,0,얼마나 자주 그래요?
성학대,0,또 그런 적이 있나요?
성학대,0,아빠가 나를 억지로 만지는 일이 몇 번이나 있었어?
성학대,0,자주 그렇게 했어?
성학대,0,어떻게 보여달라고 했나요? 이런 일이 자주 있었나요?
성학대,0,실제로 만나본 적이 있나요?
성학대,0,얼마나 자주 연락이 와요?
성학대,0,이런 일이 여러 번 있었어?
성학대,0,어떻게 했나요? 이런 일이 자주 있었나요?
성학대,0,한 달에 몇 번 정도 그랬어?
성학대,0,한 달에 몇 번 정도 만났어?
성학대,0,그 선생님이 일주일에 몇 번이나 그렇게 해요? 언제부터 그랬어요?
성학대,0,한 달에 몇 번 정도 연락하거나 따라다녀요?
성학대,0,어떻게 보여달라고 했어요? 이런 일이 자주 있었어요?
성학대,0,일주일에 얼마나 있었어?
성학대,0,어떻게 보여달라 했나요? 이런 일이 자주 있었나요?
성학대,0,"또 있었나요? 힘들겠지만, 다 이야기해 줄래요?"
성학대,0,또 있을까요?
성학대,0,일주일에 원장님이 몇 번이나 그러는 것 같아요?
성학대,0,이런 일이 저번달에도 두세 번 정도 있었다고 했지?
성학대,0,"힘들겠지만, 혹시 다른 일이 또 있었다면 얘기해 줄 수 있어?"
성학대,0,얼마나 자주 그런 일이 있었어?
성학대,0,외삼촌이 어떻게 했나요? 그런 일이 자주 있어요?
성학대,0,이전에도 그런 일이 있었어?
성학대,0,그런 일이 이번이 처음이야?
성학대,0,아빠가 자주 그래요?
성학대,0,그런 일이 또 있었어요?
성학대,0,영어 선생님이 자주 그러나요?
성학대,0,그 외에 다른 일은 없었나요?
성학대,0,일주일에 몇 번 정도 그런 일이 일어나?
성학대,0,일주일에 몇 번 정도 그런 일이 있어?
성학대,0,새아빠가 어떻게 했나요? 그런 일이 자주 있어요?
성학대,0,누가 그랬어요? 그런 일이 자주 있었나요?
성학대,0,이런 일이 자주 있었니?
성학대,0,그런 일이 자주 있다고 했나요?
성학대,0,몇 번이나 그랬어요?
성학대,0,미술학원 선생님이 어떻게 했나요? 이런 일이 자주 있어요?
성학대,0,그런 적이 있었나요?
성학대,0,얼마나 자주 있었어요?
성학대,0,얼마나 자주 그랬어요? 한 달에 몇 번 그랬나요?
성학대,0,그런 일이 자주 일어나?
성학대,0,얼마나 자주 그랬어요?
성학대,0,한 달에 몇 번 그랬어?
성학대,0,전에도 그런 적이 있었어?
성학대,0,그런 일이 자주 일어났을까?
성학대,0,그 오빠가 어떻게 했나요? 그런 일이 자주 있었나요?
성학대,0,실제로 그러기도 했나요?
성학대,0,실제로 만난 적은 없을까?
성학대,0,누가 그랬나요? 어떻게 했어요? 이런 일이 자주 일어나요?
성학대,0,얼마나 자주 그러셨어?
성학대,0,어떻게 했어요? 이런 일이 자주 있었어요?
성학대,0,이런 일이 처음이야? 아니면 전에도 그랬어?
성학대,0,이런 일이 한 번 있었어?
성학대,0,그런 일이 이전에도 있었어요?
성학대,0,그런 일이 얼마나 있었어?
성학대,0,본가에 가면 늘 그런 일이 있어?
성학대,0,얼마나 자주 그랬어?
성학대,0,이런 일이 자주 있나요?
성학대,0,이런 일이 자주 있었나요? 한 달에 몇 번 정도일까요?
성학대,0,그런 적이 또 있었어?
성학대,0,그런 문자가 얼마나 자주 와요?
성학대,0,그런 일이 몇 번 있었나요?
성학대,0,그런 일이 자주 있었어요?
성학대,0,이런 일이 그전에도 있었어?
성학대,0,일주일에 몇 번이나 연락이 와?
성학대,0,그런 적이 몇 번이나 있었어요?
성학대,1,누가 그랬나요?
성학대,1,그 할아버지가 어떻게 했나요?
성학대,1,누가 그랬나요? 몇 살 정도 되어 보였나요?
성학대,1,그 사람이 언제 어떤 행동을 했나요?
성학대,1,누가 그런 건지 좀 더 자세히 이야기해 줘. 나이가 어느 정도였어?
성학대,1,원래 아는 사람이었어?
성학대,1,그날 친구에게 어떻게 했는지 좀 더 자세히 알려줄 수 있을까?
성학대,1,어떻게 했어요?
성학대,1,어떻게 만지고 보여달라고 했나요?
성학대,1,몇 살처럼 보였어요? 어떻게 만나게 됐나요?
성학대,1,어떻게 만졌나요?
성학대,1,몇 살 정도인지 기억나?
성학대,1,어떻게 만지고 한 거예요?
성학대,1,누가 그랬어?
성학대,1,어떻게 만지거나 보여달라고 했어?
성학대,1,어떤 걸 시켰어?
성학대,1,체육 선생님이 어떻게 했어요?
성학대,1,언제 어떤 일이 있었나요?
성학대,1,누가 그랬어? 몇 살 정도 되어 보였어?
성학대,1,할아버지가 어떻게 한 건지 조금 더 구체적으로 이야기해 줄 수 있어요?
성학대,1,그래서 어떻게 했어요?
성학대,1,아저씨가 언제부터 나를 만졌어?
성학대,1,어떤 걸 시켰어요?
성학대,1,누가 그랬나요? 나보다 몇 살이나 많아 보였어요?
성학대,1,그 오빠가 어떻게 했나요?
성학대,1,그다음은요?
성학대,1,누가 그랬어? 몇 살 정도인지 기억나?
성학대,1,아니면 혹시 누가 그렇게 해달라고 한 적이 있나요?
성학대,1,어디를 어떻게 만졌어요?
성학대,1,어떻게 했나요?
성학대,1,어떻게 만지고 한 거야?
성학대,1,아저씨가 어떤 행동을 했어?
성학대,1,선생님은 성별이 어떻게 되고 친구보다 몇 살 정도 많아 보였나요?
성학대,1,과외선생님은 몇 살 정도 되어 보이나요?
성학대,1,아니면 누가 그렇게 해달라고 한 적이 있나요?
성학대,1,처음 그 일이 있었던 게 언제부터인가요?
성학대,1,원래 알았던 사람이야? 우리 친구보다 몇 살이나 더 많아 보였어?
성학대,1,어떻게 만졌어?
성학대,1,어떻게 만졌어요?
성학대,1,언제부터 그랬어요?
성학대,1,어떻게 만지거나 보여달라고 했나요?
성학대,1,그 기사 아저씨가 어떻게 했어요?
성학대,1,그래서 친구 기분이 어땠어요?
성학대,1,아빠가 어떻게 했어요?
성학대,1,어떤 걸 시켰는지 물어봐도 될까요?
성학대,1,새아빠가 어떻게 했는지 자세히 말해줄 수 있을까?
성학대,1,누가 그랬나요? 나보다 몇 살이나 더 많아 보였나요?
성학대,1,어떻게 보여달라고 했어요?
성학대,1,뭐라고 하면서 연락이 왔어요?
성학대,1,아는 오빠가 어떻게 전화로 이야기했어요?
성학대,1,누가 그랬어요?
성학대,1,만나서 어떤 걸 했어?
성학대,1,친구보다 나이가 얼마나 많아 보였어요? 어떻게 했어요?
성학대,1,나이가 많아 보였어요?
성학대,1,아저씨가 어떻게 행동했나요?
성학대,1,언제 그랬는지 기억해요?
성학대,1,아저씨는 몇 살 정도 되어 보이나요?
성학대,1,그 아저씨가 어떻게 했어요?
성학대,1,실제로 무엇을 하기도 했나요?
성학대,1,그래서 어떻게 했나요?
성학대,1,할아버지가 어떻게 만지거나 보여달라고 했어?
성학대,1,연락해 온 사람들이 뭐라고 했어?
성학대,1,삼촌이 어떻게 했나요?
성학대,1,찍은 이유가 있었을까요?
성학대,1,어떻게 했어?
성학대,1,어떻게 했는지 이야기해 줄 수 있어?
성학대,1,그 연락을 보고 어떻게 했어? 그 이후엔 어떻게 했어?
성학대,1,어떻게 하라고 했어요?
성학대,1,선생님이 너한테 뭘 시켰어?
성학대,1,누가 어떻게 했는지 얘기해 줄 수 있을까?
성학대,1,나보다 몇 살이나 더 많아 보였어요? 어떻게 했나요? 이런 일이 자주 있나요?
성학대,1,누가 그랬나요? 나보다 몇 살이나 더 많아 보였나요? 어떻게 보여달라고 했나요? 이런 일이 자주 있었나요?
성학대,1,형은 우리 친구보다 몇 살이나 더 많아 보였어?
성학대,1,언제 그런 일이 있었어요?
성학대,1,누가 그랬어요? 친구보다 나이가 많았어요?
성학대,1,그 아저씨가 어떻게 했는지 알려줄 수 있어?
성학대,1,친구 기분은 어땠어요?
성학대,1,누가 그랬어? 몇 살이나 많아 보였어?
성학대,1,처음 있던 일이야?
성학대,1,선생님이 어떻게 했는지 얘기해 줄 수 있나요?
성학대,1,그 아저씨는 어떻게 만나게 됐어?
성학대,1,어떤 일이 있었는지 말해줄래?
성학대,1,그리고 또 어떤 행동을 했나요?
성학대,1,그래서 어떻게 했니?
성학대,1,그 아저씨가 나보다 몇 살이 많아 보였어?
성학대,1,그 사람이 어떻게 했나요?
성학대,1,오빠는 몇 살이에요?
성학대,1,어떻게 보여달라고 했나요?
성학대,1,아저씨가 어떻게 만졌어요?
성학대,1,언제 그랬나요?
성학대,1,어떻게 만졌는지 말해줄 수 있어?
성학대,1,그 아저씨랑 어떻게 만나게 됐어?
성학대,1,그리고 어떻게 했나요?
성학대,1,그 사람을 언제 어떻게 알게 되었나요?
성학대,1,어떻게 만졌는지 얘기해 줄 수 있어요?
성학대,1,누가 그랬어요? 어떻게 보여달라고 했어요?
성학대,1,아저씨가 어떤 걸 시켰어?
성학대,1,선생님이 어떻게 했어요?
성학대,1,그러고 나서 어떻게 했나요?
성학대,1,이후에 다른 일은 없었나요?
성학대,1,무슨 일이 있었어?
성학대,1,그 뒤로 어떻게 됐어?
성학대,1,누구였어?
성학대,1,나보다 몇 살이 많아 보였어?
성학대,1,그래서 어떻게 했어?
성학대,1,누가 어떻게 했나요?
성학대,1,그러고 나서 어떻게 했어요?
성학대,1,부모님이나 다른 선생님한테 이 사실을 말했나요?
성학대,1,기분이 어땠어요?
성학대,1,아빠가 어떻게 했어?
성학대,1,그래서요?
성학대,1,그 사람을 어떻게 알게 됐나요?
성학대,1,경비 아저씨는 몇 살 정도 되어 보였어요?
성학대,1,누가 너한테 어떤 행동을 해달라고 했어?
성학대,1,그 사람의 나이를 알고 있어?
성학대,1,어떤 이상한 짓을 했는지 말해줄 수 있어?
성학대,1,뭐라고 하면서 쫓아왔어?
성학대,1,몇 살처럼 보였어요?
성학대,1,어떻게 된 일인지 말해줄 수 있을까?
성학대,1,너한테 어디를 보여달라고 한 거야?
성학대,1,아저씨는 아는 사람이었어?
성학대,1,누가 그랬는지 말해줄 수 있을까요?
성학대,1,아까 어떤 아저씨가 생리하냐? 그러면서 쫓아왔다고 했는데 더 자세히 말해줄 수 있어?
성학대,1,누가 그랬던 거야?
성학대,1,나한테 뭐라고 하면서 쫓아왔어?
성학대,1,그때 일을 자세히 이야기해 줄 수 있어?
성학대,1,말해줄 수 있을까?
성학대,1,언제부터 강제추행을 했나요?
성학대,1,담당 선생님에게 말씀드렸나요?
성학대,1,누가 어떻게 했나요? 나보다 몇 살이나 더 많아 보였나요?
성학대,1,나보다 몇 살이나 더 많아 보였고 어떻게 만나게 됐나요?
성학대,1,그 형들이 어떻게 했나요?
성학대,1,그 사람이 언제 어떤 행동을 했어요?
성학대,1,그 오빠가 어떻게 했어?
성학대,1,그다음에는 어떻게 됐어?
성학대,1,"언제, 어떻게 했나요?"
성학대,1,몇 살 정도 된 사람이었어요? 만나서 무엇을 했어요?
성학대,1,어떻게 했는데?
성학대,1,어떤 사진인가요?
성학대,1,"봉사 선생님은 남자예요, 여자예요? 몇 살 정도 되어 보였나요?"
성학대,1,선생님이 어떻게 만졌어요?
성학대,1,누가 언제 그랬어?
성학대,1,아저씨가 또 어떤 행동들을 했어?
성학대,1,그래서 나는 어떻게 했어?
성학대,1,그 아줌마는 몇 살 정도 되어 보였나요?
성학대,1,언제 그런 일이 있었나요?
성학대,1,처음 그 일이 있던 게 언제였어요?
성학대,1,몇 살 정도 되어 보였나요?
성학대,1,그리고 또 어떻게 했나요?
성학대,1,이상한 짓을 어떻게 했어요?
성학대,1,무슨 일이 있었나요?
성학대,1,그 아저씨가 어떻게 했어?
성학대,1,언제부터 상황이 달라졌어?
성학대,2,누가 성적으로 소중한 부위를 아프게 한 적이 있나요?
성학대,2,누가 성적으로 소중한 부위를 아프게 한 적 있어?
성학대,2,그렇게 아프게 해서 병원에 가서 치료받은 적도 있어?
성학대,2,성적으로 소중한 부위를 아프게 한 적은 있어?
성학대,2,누가 나의 소중한 부위를 만지거나 아프게 한 적이 있나요?
성학대,2,누가 소중한 부위를 아프게 한 적 있어?
성학대,2,누가 성적으로 소중한 부위를 아프게 한 적이 있나요? 누가 무엇으로 아프게 했나요? 어떻게 만나게 됐나요?
성학대,2,그 가해자들이 본인의 소중한 부위를 아프게 하기도 했나요?
성학대,2,누가 성적으로 소중한 부위를 아프게 한 적이 있나요? 누가 어떤 걸로 아프게 했나요?
성학대,2,누가 성적인 소중한 부위를 아프게 한 적이 있나요?
성학대,2,누가 몸을 허락 없이 만지면서 아프게 한 적이 있어?
성학대,2,누가 소중한 부위를 아프게 한 적이 있어요?
성학대,2,소중한 부위에 상처가 나거나 다쳐서 병원에 간 적 있어요?
성학대,2,어떤 걸로 아프게 했어?
성학대,2,소중한 부위에 상처가 나거나 다쳐서 병원에 간 적이 있어?
성학대,2,또 만진 곳이 있나요?
성학대,2,그럼 혹시 누군가 혹은 외삼촌이 성적으로 친구의 소중한 부위를 아프게 한 적이 있나요?
성학대,2,그 사람이 성적으로 소중한 부위를 아프게 한 적이 있어?
성학대,2,소중한 부위를 아프게 하기도 했나요?
성학대,2,소중한 부위에 상처가 나갔거나 다쳐서 병원에 간 적 있어요?
성학대,2,아저씨가 내 몸을 아프게 하거나 상처 낸 적이 있어?
성학대,2,속옷 입는 부위에 상처가 나거나 다쳐서 병원에 간 적이 있나요?
성학대,2,누가 몸을 허락 없이 만지면서 아프게 한 적이 있어? 어떤 걸로 아프게 한 거야?
성학대,2,누가 소중한 부위를 아프게 한 적이 있나요?
성학대,2,소중한 부위에 상처가 나거나 다쳐서 병원에 간 적 있어?
성학대,2,아저씨가 너의 소중한 부분을 만지거나 아프게 했어?
성학대,2,누군가가 소중한 부위를 아프게 한 적 있어?
성학대,2,소중한 부위를 아프게 한 적도 있나요?
성학대,2,속옷을 입는 곳을 아프게 한 사람이 있어?
성학대,2,아픈 것 때문에. 병원에 가서 치료도 받았어?
성학대,2,친구 사촌오빠가 친구의 소중한 부위를 아프게 한 적이 있어?
성학대,2,"그럼, 누가 친구의 소중한 부위를 아프게 한 적이 있어요?"
성학대,2,"그때, 소중한 부위를 아프게 한 적이 있어?"
성학대,2,그 아저씨가 성적으로 소중한 부위를 아프게 했어요?
성학대,2,누가 성적으로 소중한 부위를 아프게 한 적이 있어요?
성학대,2,소중한 부위에 상처가 나거나 다쳐서 병원에 간 적이 있나요?
성학대,2,아빠가 나를 만져서 상처가 나거나 빨갛게 부은 적이 있어?
성학대,2,누가 소중한 부위를 아프게 한 적이 있나요? 어떤 걸로 아프게 했나요?
성학대,2,누가 소중한 부위를 아프게 한 적 있나요?
성학대,2,어디를 만졌어요?
성학대,2,"누가 나의 소중한 부위를 만지거나, 아프게 한 적이 있나요?"
성학대,2,친구의 소중한 부위를 아프게 한 적도 있어?
성학대,2,소중한 부위를 아프게 한 적 있어?
성학대,2,누군가 소중한 부위를 아프게 한 적 있어요?
성학대,2,속옷 입는 부위에 상처가 나거나 다쳐서 병원에 간 적 있어?
성학대,2,어떤 걸로 아프게 했어요?
성학대,2,누가 성적으로 소중한 부위를 아프게 한 적 있어요? 어떤 걸로 아프게 했어요?
성학대,2,소중한 부위에 상처가 나서 병원에 간 적 있어?
성학대,2,했다는 게 소중한 부위를 아프게 한 것일까요? 하면 안 되는 곳은 항문일까요?
성학대,2,내가 싫다는 데도 누군가 소중한 부위를 아프게 한 적 있나요?
성학대,2,혹시 아빠가 내 몸을 만지면서 나를 아프게 하거나 상처가 나게 한 적이 있어?
성학대,2,친구의 소중한 부위를 그 할아버지가 아프게 한 적이 있어?
성학대,2,친구에게 누군가가 소중한 부위를 아프게 한 적이 있어?
성학대,2,누가 성적으로 소중한 부위를 아프게 한 적이 있나요? 누가 무엇으로 아프게 했나요?
성학대,2,모르는 아저씨가 소중한 곳을 아프게도 했나요?
성학대,2,나의 소중한 부위를 아프게 했나요?
성학대,2,누가 성적으로 소중한 부위를 아프게 한 적이 있나요? 누가 무엇으로 아프게 했나요? 어떻게 만나게 됐어요?
성학대,2,그 상처 때문에 입원하거나 수술한 적 있어?
성학대,2,아버지가 소중한 부위를 아프게 한 적이 있어?
성학대,2,소중한 부위에 상처가 나거나 다쳐서 병원에 간 적이 있니?
성학대,2,그 아저씨가 성적으로 소중한 부위를 아프게 했나요? 몇 번이나 그랬어요?
성학대,2,성적으로 소중한 부위를 아프게 한 적이 있나요?
성학대,2,혹시 그런 일 때문에 소중한 부위가 아프거나 하진 않았어요?
성학대,2,소중한 부위를 아프게 한 적 있어요?
성학대,2,기사 아저씨가 성적으로 소중한 부위를 아프게 한 적이 있어?
성학대,2,아빠가 성적으로 소중한 부위를 아프게 한 적이 있어요?
성학대,2,친구를 아프게 하기도 했나요?
성학대,2,성기에 상처가 나거나 병원에 간 적 있어요?
성학대,2,친구에게 누군가가 소중한 부위를 아프게 한 적이 있었어?
성학대,2,누가 성적으로 소중한 부위를 아프게 한 적 있어요?
성학대,2,누군가가 나의 소중한 부위를 만지거나 아프게 한 적이 있나요?
성학대,2,누가 성적으로 소중한 부위를 아프게 한 적 있나요?
성학대,2,아저씨나 다른 사람이 성적으로 소중한 부위를 아프게 한 적 있어요?
성학대,2,누가 나의 소중한 부위를 만지거나 아프게 한 적 있을까?
성학대,2,누가 성적으로 소중한 부위를 아프게 한 적이 있어?
성학대,2,소중한 부위를 아프게 한 적이 있어요?
성학대,2,"아픈 것 때문에, 병원에 가서 치료도 받았어?"
성학대,2,아저씨가 소중한 부위를 아프게 했어요?
성학대,2,소중한 부위에 상처가 나서 병원에 간 적이 있니?
성학대,2,그 오빠가 나의 소중한 부위를 아프게 했나요? 어떻게 아프게 했나요?
성학대,2,아버지가 소중한 부위를 아프게 한 적이 있어요?
성학대,2,그럼 혹시 누가 성적으로 소중한 부위를 아프게 한 적 있을까?
성학대,2,나의 소중한 부위를 아프게 했나요? 어떻게 몸을 만졌나요?
성학대,2,새아빠가 소중한 부위를 아프게 한 적이 있어?
성학대,2,소중한 부위에 상처가 나서 병원에 간 적이 있었어?
성학대,2,소중한 부위도 아프게 했나요?
성학대,2,어떻게 아프게 했어요?
성학대,2,누가 내 소중한 부위를 아프게 한 적 있어?
성학대,2,어떤 걸로 어디를 아프게 했어?
성학대,2,누가 소중한 부위를 아프게 한 적 있어요?
성학대,2,상처 나거나 다쳐서 병원에 간 적 있어요?
성학대,2,소중한 부위에 상처가 나거나 다쳐서 병원에 간 적이 있어요?
성학대,2,내 몸의 소중한 부분을 아프게 하거나 만져서 상처 낸 적이 있어?
성학대,2,아까 이상한 거 넣어서 피가 났다고 그랬잖아. 그 일로 병원에도 갔어?
성학대,2,누가 소중한 부위를 아프게 한 적이 있나요? 어떤 걸로 아프게 했나요? 누가 그랬나요? 나보다 몇 살이나 더 많아 보였나요?
성학대,2,소중한 부위에 상처가 나거나 다쳐서 병원에 간 적 있나요?
성학대,2,아저씨가 만져서 내 몸에 상처를 내거나 다친 곳이 있었어?
성학대,2,상처 나거나 다쳐서 병원에 간 적 있어?
성학대,2,소중한 부위에 상처가 나거나 다쳐서 병원 간 적 있어?
성학대,2,친척 오빠가 친구의 소중한 부위를 아프게 했어?
성학대,2,그런 일을 하면서 친척 오빠가 친구의 소중한 부위를 아프게 한 적 있어?
성학대,2,아픈 것 때문에 병원에 가서 치료도 받았어?
성학대,2,누가 소중한 부위를 아프게 한 적 있었어?
성학대,2,소중한 부위를 아프게 한 적이 있나요?
성학대,2,친구의 소중한 부위도 아프게 했을까요?
성학대,2,친구에게 누군가가 친구 소중한 부위를 아프게 한 적 있어?
성학대,2,소중한 부위를 아프게 했어요?
성학대,2,누가 친구의 소중한 부위를 아프게 한 적 있나요?
성학대,2,그 사람이 친구의 소중한 부위를 아프게 했나요?
성학대,2,아빠가 소중한 부위를 아프게 한 적이 있나요? 어떤 걸로 아프게 했나요?
성학대,2,누가 친구의 소중한 부위를 아프게 한 적이 있나요?
성학대,2,누가 나의 소중한 부위를 아프게 한 적이 있나요?
성학대,2,삼촌이 내 몸의 어디를 만졌는지 기억해?
성학대,2,삼촌이 나를 만지면서 다치게 하거나 아프게 한 적 있어?
성학대,3,친구가 싫다고 하는데도 계속해서 연락하거나 따라다니는 사람이 있어?
성학대,3,친구가 싫다는 데도 연락하거나 따라다니는 사람이 있나요?
성학대,3,친구가 싫다는데도 계속해서 연락하거나 따라다니는 사람이 있어?
성학대,3,친구가 싫다는 데도 계속해서 따라다니는 사람 있어?
성학대,3,친구가 싫다는데도 계속 연락하거나 따라다니는 사람이 있어?
성학대,3,친구가 싫다고 했는데도 계속해서 연락하거나 따라다니는 사람이 있나요?
성학대,3,친구가 싫다는데도 계속해서 연락하거나 따라다니는 사람이 있어요?
성학대,3,친구가 싫다는 데도 계속해서 연락하거나 따라다니는 사람이 있어?
성학대,3,친구가 싫다는 데도 계속해서 연락하거나 따라다니는 사람이 있어요?
성학대,3,친구가 싫다는데도 계속해서 따라다니는 사람 있어?
성학대,3,친구가 싫다는데도 계속해서 따라다니는 사람 있어요?
성학대,3,친구가 싫다는 데도 계속해서 연락하거나 따라다니는 사람이 있나요?
성학대,3,그러면 친구가 싫다는데도 계속 따라다니고 연락하는 사람이 있을까요?
성학대,3,친구가 싫다는데도 계속해서 연락하거나 따라다니는 사람이 있나요?
성학대,3,친구가 싫다는데도 계속해서 연락하거나 따라다니는 사람이 있을까?
성학대,3,친구가 싫다는 데도 계속 연락하거나 따라다니는 사람이 있어?
성학대,3,친구가 싫다는 데도 연락하거나 따라다니는 사람이 있어?
성학대,3,친구가 싫다는 데도 게속해서 연락하거나 따라다니는 사람이 있어요?
성학대,3,친구가 싫다고 하는데도 계속해서 연락하거나 따라다니는 사람이 있어요?
성학대,3,친구가 싫어하는데도 자꾸 따라다니거나 연락하는 사람은 있나요?
성학대,3,친구가 싫다는데 자꾸 따라다니거나 연락하는 사람 있어?
성학대,3,친구가 싫다는 데도 계속해서 따라다니는 사람 있어요?
성학대,3,친구가 싫다는 데도 게속해서 연락하거나 따라다니는 사람 있어요?
성학대,3,친구가 싫다는 데도 계속해서 따라다니는 사람이 있어요?
성학대,3,친구가 싫다고 하는데도 계속해서 연락하거나 따라다니는 사람이 있나요?
성학대,3,친구가 싫다는데도 계속 연락하거나 따라다니는 사람이 있어요?
성학대,3,친구가 싫다는 데도 계속해서 연락하거나 따라다니는 사람은 있어요?
성학대,3,친구가 싫다는 데도 계속 연락하거나 따라다니는 사람이 있어요?
성학대,3,그 뒤에도 아저씨나 다른 사람이 친구를 따라다니거나 해?
성학대,3,친구가 싫다는 데도 계속해서 따리+ 따라다니는 사람 있어?
성학대,3,친구가 싫다고 하는데도 계속해서 연락하거나 따라다닌 사람이 있어요?
성학대,3,친구가 싫다는데도 계속해서 따라다니는 사람이나 연락하는 사람 있어?
성학대,3,친구가 싫다는 데도 계속해서 연락하거나 따라다니는 사람 있어?
성학대,3,친구가 싫다는데도 계속해서 따라다니거나 연락하는 사람이 있어요?
성학대,3,"그럼, 그 사람이 친구가 싫다고 했는데도 계속 연락을 했나요?"
성학대,3,친구가 싫다는 데도 친구를 따라오거나 연락하는 사람 있어?
성학대,3,친구가 싫다고 이야기했는데도 계속해서 연락하거나 따라다니는 사람이 있나요?
성학대,3,"친구가 싫다고 하는데도, 계속해서 연락하거나 따라다니는 사람이 있어?"
성학대,3,친구가 싫다고 하는 데도 계속해서 연락하거나 따라다니는 사람이 있어?
성학대,3,친구가 싫다는데도 계속해서 연락하거나 따라다니는 사람은 있어요?
성학대,3,친구가 싫다는데도 계속 따라다니는 사람 있어?
성학대,3,하지 말라고 했는데 계속 연락하거나 따라다니는 사람 있어?
성학대,3,내가 싫다는 데도 계속해서 연락하거나 따라다니는 사람이 있어요?
성학대,3,내가 싫다는 데도 계속해서 연락하거나 따라다니는 사람이 있나요?
성학대,3,싫다고 했는데 계속 연락하거나 따라다니는 사람이 있어?
성학대,3,내가 싫다는데도 계속해서 연락하거나 따라다니는 사람이 있나요?
성학대,3,내가 싫다는데도 계속 연락하거나 따라다니는 사람이 있나요?
성학대,3,내가 싫다는 데도 계속 연락하거나 따라다니는 사람이 있나요?
성학대,3,내가 싫어하는데도 계속 연락하거나 따라다니는 사람이 있나요?
성학대,3,원하지 않는 데 따라오거나 연락하는 사람 있어?
성학대,3,내가 싫다고 했는데도 계속해서 연락하거나 따라다니는 사람이 있나요?
성학대,3,내가 싫다는 데도 자꾸 연락하거나 따라다니는 사람이 있나요?
성학대,3,싫다고 이야기했는데도 지속적으로 연락하거나 따라다니는 사람이 있나요?
성학대,3,내가 싫다는 데 자꾸 따라다니거나 연락하는 사람이 있어요?
성학대,3,내가 싫다는데도 자꾸 연락하거나 따라다니는 사람이 있나요?
성학대,3,내가 싫다는 데도 계속해서 연락하거나 따라다니는 사람 있어?
성학대,3,내가 싫다고 하는데도 계속해서 연락하거나 쫓아온 사람이 있나요?
성학대,3,내가 싫다는데 계속 연락하거나 따라다니는 사람이 있어?
성학대,3,너가 싫다고 말했는데도 계속해서 연락하거나 따라다니는 사람 있어?
성학대,3,내가 싫다는 데도 계속 연락하거나 따라다니는 사람 있어?
성학대,3,"내가 싫다는데도 계속해서 연락하거나 따라다니는 사람이 있나요? 있다면, 얼마나 자주 그러나요?"
성학대,3,내가 싫다고 했는데도 계속 연락하거나 따라다니는 사람이 있어요?
성학대,3,내가 싫다는데도 계속해서 연락하거나 따라다니는 사람이 있어요?
성학대,3,내가 싫다고 하는데 계속해서 연락하거나 따라다니는 사람이 있나요?
성학대,3,네가 싫다고 말했는데도 계속해서 연락하거나 따라다니는 사람 있어?
성학대,3,내가 싫다는 데도 계속 연락하거나 따라다니는 사람이 있어요?
성학대,3,내가 싫다는데도 계속해서 연락하거나 따라다니는 사람이 있어?
성학대,3,내가 싫다고 했는데 계속해서 연락하거나 따라다니는 사람이 있어?
성학대,3,내가 싫다는 데도 계속해서 연락하거나 따라다니는 사람이 있어?
성학대,3,내가 싫다는데도 계속해서 연락하거나 따라다니는 사람이 있나요? 있다면 얼마나 자주 그러나요?
성학대,3,내가 싫다는데 자꾸 따라다니거나 연락하는 사람이 있어요?
성학대,3,내가 싫다는 데 계속 연락하거나 따라다니는 사람이 있었나요?
성학대,3,내가 싫다는데 계속 연락하거나 따라다니는 사람이 있나요?
성학대,3,너가 싫다고 말했는데 연락하거나 따라다니는 사람 있어?
성학대,3,싫다고 표현했는데 계속 연락하거나 따라다니는 사람이 있었나요?
성학대,3,아저씨가 너를 쫓아오거나 다음에도 만나자고 했어?
성학대,3,내가 싫다 하는데도 계속해서 연락하거나 따라다니는 사람이 있나요?
성학대,3,하지 말라고 말해도 따라오거나 연락하는 사람 있어?
성학대,3,내가 싫다는데도 계속해서 연락하거나 따라다니는 사람 있어?
성학대,3,원하지 않는데 따라오거나 연락하는 사람 있어?
성학대,3,내가 싫다고 하는데도 계속 따라다니거나 연락하는 사람이 있나요?
성학대,3,내가 싫다는 데도 계속 연락하고 따라다니는 사람 있어요?
성학대,3,싫다고 하는데 연락하거나 따라다니는 사람이 있나요?
성학대,3,내가 싫다는 데도 계속해서 연락하거나 찾아오는 사람은 있나요?
성학대,3,내가 싫다는 데도 계속해서 연락하거나 따라다니는 사람은 있어?
성학대,3,원하지 않는 데 따라오려 하거나 연락하는 사람 있어?
성학대,3,내가 싫다는 데도 자꾸 연락하고 따라다니는 사람이 있어요?
성학대,3,원하지 않는 연락을 받는다거나 누가 따라온 적 있어?
성학대,3,"내가 싫다는 데 자꾸 따라다니거나, 연락하는 사람이 있어요?"
성학대,3,싫다는데 자꾸 연락하거나 따라다니는 사람 있어?
성학대,3,내가 싫다는데도 계속 연락하거나 따라다니는 사람 있어요?
성학대,3,"하지 말라고 했는데, 따라오거나 연락하는 사람 있어?"
성학대,3,내가 싫다는 데도 계속해서 연락하거나 따라다니는 사람은 있나요?
성학대,3,싫다고 했는데도 계속 연락하거나 따라다니는 사람이 있나요?
성학대,3,내가 싫다는 데도 계속 연락하고 따라다닌 사람이 있었어요?
성학대,3,너가 싫다고 말했는데도 계속해서 연락하거나 따라다니는 사람이 있어?
성학대,3,너가 싫다는데도 계속해서 연락하거나 따라다니는 사람 있어?
성학대,3,내가 싫다는 데도 계속해서 연락하거나 따라다니는 사람이 있나요? 있다면 얼마나 자주 그러나요?
성학대,3,내가 원하지 않는데도 어떤 사람이 쫓아오거나 계속 연락한 적 있어?
성학대,3,내가 싫다고 하는데도 따라다니거나 계속 연락하는 사람이 있나요?
성학대,3,자꾸 따라오거나 연락하는 사람 있어?
성학대,3,원하지 않는 데 따라오거나 연락하려는 사람 있어?
성학대,3,싫다고 말했는데도 계속해서 연락하거나 따라다니는 사람 있어요?
성학대,3,내가 싫다고 하는데도 계속 연락하거나 따라다닌 적 있어?
성학대,3,내가 싫다는데도 계속해서 연락하거나 따라다니는 사람이 있니?
성학대,3,내가 싫다는데도 계속해서 연락하거나 따라다니는 사람이 있나요? 얼마나 자주 그러나요?
성학대,3,내가 싫다는데 계속해서 연락하거나 따라다니는 사람이 있어?
성학대,3,하지 말라고 했는데도 연락을 하거나 따라다니는 사람이 있어?
성학대,3,원하지 않는 데 따라다니거나 연락하는 사람 있어?
성학대,3,싫다는데 자꾸 따라다니거나 연락하는 사람이 있나요?
성학대,3,내가 싫다는 데도 계속 연락해서 따라다니는 사람이 있어?
성학대,3,내가 싫다는데도 계속 연락하거나 따라다니는 사람이 있을까?
성학대,3,싫다고 하는데도 계속해서 연락하거나 따라다니는 사람이 있어?
성학대,3,하지 말라고 하는데도 연락하거나 따라오는 사람 있어?
성학대,3,내가 싫다는데도 계속해서 연락하거나 따라다니는 사람이 있을까?
성학대,3,원치 않는데 누가 자꾸 따라오거나 연락하려 하지는 않아?
성학대,3,그럼 원하지 않는 데 따라오거나 연락하는 사람 있어?
성학대,3,원하지 않는데 따라오거나 연락하는 사람 있었어?
성학대,3,너가 싫다고 말했는데도 연락하거나 따라다니는 사람 있어?
성학대,3,내가 싫다는데도 계속 연락해서 따라다니는 사람이 있어?
성학대,3,내가 싫다는 데 자꾸 따라다니거나 연락하는 사람이 있어?
성학대,3,내가 싫다는데도 계속해서  연락하거나 따라다니는 사람이 있나요?
성학대,3,내가 싫다는데 계속해서 연락하거나 따라다니는 사람이 있어요?
성학대,3,내가 싫다는 데도 계속해서 연락하거나 따라다니는 사람이 있을까?
성학대,3,너가 싫다는 데도 계속 따라다니거나 연락하는 사람 있어?
성학대,3,내가 싫다는 데도 계속 연락하거나 따라다니는 사람 있어요?
성학대,3,너가 싫다는 대도 계속 연락하는 사람이나 따라다니는 사람 있어?
성학대,3,내가 싫다고 하는데도 계속해서 연락하거나 따라다니는 사람이 있나요?
성학대,3,그럼 혹시 원하지 않는 데 따라오거나 연락하는 사람 있어?
성학대,3,네가 싫다고 하는데도 계속해서 연락하거나 따라다니는 사람이 있어?
성학대,3,내가 싫다는데도 계속해서 연락하거나 따라다니는 사람은 있나요?
성학대,3,하지 말라고 해도 계속 연락하거나 따라다니는 사람 있어?
성학대,3,싫다고 이야기했는데도 지속해서 연락하거나 따라다니는 사람이 있나요?
성학대,3,내가 싫다고 해도 계속해서 연락하거나 따라다니는 사람이 있어요?
성학대,3,내가 싫다는 데도 계속 연락하거나 따라다니는 사람이 있어?
성학대,3,내가 싫다는 데도 계속 연락하거나 따라다니는 사람이 있었어?
성학대,3,내가 싫어하는 데도 계속 연락하거나 따라다니는 사람이 있나요?
성학대,3,네가 싫다고 말했는데도 연락하거나 따라다니는 사람 있어?
성학대,3,"나는 싫다고 표현했는데, 계속 연락하거나 따라다니는 사람이 있었나요?"
성학대,3,내가 싫다는데도 자꾸 연락하고 따라다니는 사람이 있어요?
성학대,3,싫다고 이야기 했는데도 지속적으로 연락하거나 따라다니는 사람이 있나요?
성학대,3,네가 싫다고 하는데도 계속 연락하거나 따라다니는 사람이 있어?
성학대,3,내가 싫다는 데도 계속해서 연락하거나 따라다니는 사람 있나요?
성학대,3,하지 말랬는데 따라오거나 연락하는 사람 있어?
성학대,3,너가 싫다고 말했는데도 계속 연락하거나 따라다니는 사람이 있어?
성학대,3,최근에 내가 싫어하는데도 계속 연락하거나 따라다니는 사람이 있나요?
성학대,3,내가 싫다는 데도 계속 따라다니거나 연락하는 사람이 있나요?
성학대,3,하지 말라고 했는데도 따라오거나 연락하는 사람 있어?
성학대,3,내가 싫다는 데도 계속 따라다니는 사람이 있어?
성학대,3,내가 싫다는데도 계속 연락하나요? 얼마나 자주 연락이 오나요?
성학대,3,내가 싫다는데도 계속해서 연락하거나 따라다니는 사람이 있나요 ?
성학대,3,내가 싫다는데도 계속 따라다니는 사람이 있어?
성학대,3,"하지 말라고 했는데 연락을 계속하거나, 따라오는 사람은 있었어?"
성학대,3,내가 싫다는 데 계속 연락하거나 따라다니는 사람이 있었어?
성학대,3,그럼 원하지 않는데 따라오거나 연락하는 사람 있어?
성학대,3,싫다는데 계속 따라다니거나 연락하는 사람 있어?
성학대,3,"내가 싫다는 데도 계속해서 연락하거나, 따라다니는 사람이 있나요?"
성학대,3,내가 싫다는데도 계속 연락하나요?
성학대,3,"내가 싫다는 데도 계속해서 연락하거나 따라다니는 사람이 있나요? 있다면, 얼마나 자주 그러나요?"
성학대,3,내가 싫다는데도 계속 연락하거나 따라오는 사람이 있나요?
성학대,3,싫다는 데도 계속해서 연락하거나 같이 다니려는 사람이 있어요?
성학대,3,원하지 않는데 따라다니거나 연락하는 사람 있어?
성학대,3,내가 싫다는데도 자꾸 연락하거나 따라다니는 사람이 있어?
성학대,3,내가 싫다는 데도 계속해서 연락하거나 따라다니는 사람 있어요?
성학대,5,몸 사진을 찍어서 어디 올리거나 보낸 적 있어?
성학대,5,성적인 목적으로 나의 신체 부위를 찍어 누구에게 보낸 적 있나요?
성학대,5,누가 성적인 목적으로 내 몸을 사진 찍거나 동영상을 찍은 적이 있나요?
성학대,5,성적인 목적으로 내 신체 부위 사진이나 영상을 찍어서 누구에게 보내거나 어디 올린 적이 있나요?
성학대,5,혹시 친구의 신체 부위를 사진이나 영상으로 찍은 적이 있어?
성학대,5,속옷만 입거나 옷을 입지 않은 모습을 사진이나 동영상을 찍어서 누구한테 보내거나 인터넷에 올린 적 있어?
성학대,5,휴대폰이나 인터넷으로 나의 신체 부위를 사진이나 영상을 찍어 누구에게 보내거나 올린 적이 있었나요?
성학대,5,인터넷이나 휴대폰을 통해 성적인 목적으로 나의 신체 부위를 사진이나 영상을 찍어 누구에게 보내거나 올린 적이 있나요?
성학대,5,인터넷이나 휴대폰을 통해 성적인 목적으로 나의 신체 부위를 사진이나 영상을 찍어 누구에게 보낸 적이 있나요?
성학대,5,인터넷이나 핸드폰으로 친구의 신체 부위를 사진이나 영상을 찍어서 누구한테 보내거나 올린 적이 있어요?
성학대,5,인터넷이나 휴대폰을 통해 성적인 목적으로 나의 신체 부위를 사진이나 영상을 찍어 보내거나 올린 적이 있나요?
성학대,5,누가 성적인 목적으로 내 몸을 사진 찍거나 동영상 찍은 적이 있나요?
성학대,5,누가 성적인 목적으로 친구의 몸을 사진 찍거나 동영상을 찍은 적 있어?
성학대,5,인터넷이나 휴대폰으로 성적으로 친구의 신체 부위를 사진이나 영상을 찍어 누구에게 보내거나 올린 적 있어?
성학대,5,"나의 신체 부위를 사진, 영상을 찍어 어디에 올리거나 보낸 적이 있나요? 아니면, 누가 그렇게 해달라고 한 적이 있나요?"
성학대,5,인터넷이나 휴대폰을 통해 성적인 목적으로 나의 신체부위를 사진이나 영상을 찍어 보내거나 올린 적이 있나요?
성학대,5,인터넷이나 휴대폰을 통해 성적인 목적으로 내 몸을 사진이나 영상을 찍어 누구에게 보내거나 올린 적이 있나요?
성학대,5,"그럼, 누가 성적인 목적으로 사진이나 영상을 찍은 적은 있어?"
성학대,5,친구 몸 사진을 찍어서 인터넷에 올리거나 다른 사람한테 보낸 적 있어?
성학대,5,친구가 직접 촬영하거나 어디 보낸 적은 있나요?
성학대,5,누가 성적 목적으로 친구 몸을 사진 찍거나 영상을 찍은 적 있어?
성학대,5,성적인 목적으로 친구 신체 부위를 사진이나 영상으로 찍어서 누군가한테 보낸 적 있어?
성학대,5,인터넷이나 휴대폰을 통해 성적인 목적으로 나의 신체부위를 사진이나 영상으로 찍어 누구에게 보내거나 올린 적이 있나요?
성학대,5,"혹시 사진, 동영상을 찍어 누구한테 보내거나 업로드한 적이 있나요? 아니면, 그렇게 해달라는 사람이 있었나요?"
성학대,5,몸 사진을 찍어서 인터넷에 올리거나 다른 사람한테 보낸 적 있어?
성학대,5,사진이나 동영상을 찍어 누구에게 보내거나 올린 적이 있나요?
성학대,5,나의 신체 부위를 사진이나 영상으로 찍어서 누구에게 보내거나 올린 적이 있나요?
성학대,5,신체 부위를 성적인 목적으로 찍어서 다른 사람에게 보내거나 인터넷에 올린 적이 있나요?
성학대,5,"혹시 나의 신체 부위의 사진, 영상을 찍어서 누구한테 보내거나 올린 적이 있어요?"
성학대,5,인터넷이나 휴대폰을 통해 성적인 목적으로 나의 신체 부위를 사진이나 영상으로 찍어 누구에게 보내거나 올린 적이 있나요?
성학대,5,누가 친구의 몸을 사진 찍거나 동영상을 찍은 적이 있나요?
성학대,5,인터넷이나 휴대폰으로 친구의 신체 부위를 사진이나 영상을 찍어서 누구한테 보내거나 올린 적이 있어요?
성학대,5,인터넷이나 휴대폰을 통해 성적인 목적으로 내 신체 부위를 찍어서 누군가에게 보내거나 올린 적 있어?
성학대,5,인터넷이나 휴대폰을 통해 성적인 목적으로 영상이나 사진을 찍어 보낸 적이 있나요?
성학대,5,인터넷이나 휴대폰을 통해 성적인 목적으로 친구의 신체 부위를 사진이나 영상을 찍어 누구에게 보내거나 올린 적이 있어?
성학대,5,누가 내 몸을 사진 찍거나 동영상 찍은 적 있어?
성학대,5,내 신체 부위를 사진이나 영상을 찍어 보내면 돈을 준다고 한 적이 있거나 그런 걸 보내서 돈을 받은 적 있어?
성학대,5,내 신체 사진이나 영상이 퍼져서 인터넷에 올라오거나 다른 사람이 본 적 있어?
성학대,5,누가 성적인 목적으로 내 사진이나 영상을 찍은 적이 있나요? 누가 그랬나요?
성학대,5,인터넷이나 휴대폰을 통해 성적인 목적으로 내 신체 부위를 사진이나 영상을 찍어 누구에게 보내거나 올린 적이 있나요?
성학대,5,혹시 친구 몸을 사진이나 동영상으로 찍었을까?
성학대,5,친구가 다른 사람에게 친구 신체 부위를 사진이나 영상으로 찍어서 올린 적 있어?
성학대,5,인터넷이나 휴대폰을 통해 성적인 목적으로 나의 신체 부위 사진이나 영상을 찍어 누구에게 보내거나 올린 적이 있나요?
성학대,5,인터넷이나 휴대폰으로 너의 몸을 사진 찍어서 영상 찍어서 누구한테 보내거나 올린 적 있어?
성학대,5,"휴대폰을 통해 성적인 목적으로 나의 신체 부위를 사진이나 영상을 찍어 
누구에게 보내거나 올린 적이 있나요?"
성학대,5,휴대폰이나 인터넷으로 나의 신체 부위를 영상이나 사진을 찍어 누구에게 보내거나 올린 적이 있었나요?
성학대,5,성적인 목적으로 나의 신체 부위를 찍어서 다른 사람에게 보낸 적이 있어?
성학대,5,인터넷이나 휴대폰으로 친구의 신체 부위를 사진이나 영상을 찍어서 누구한테 보내거나 올린 적이 있어?
성학대,5,"속옷만 입거나 옷을 입지 않은 모습을 사진이나 동영상을 찍어서, 누구한테 보내거나 인터넷에 올린 적 있어?"
성학대,5,성적인 목적으로 나의 신체 부위를 찍어서 다른 사람에게 보낸 적이 있어요?
성학대,5,성적인 목적으로 내 신체 부위를 촬영해서 누구한테 보내거나 어디 올린 적 있나요?
성학대,5,스스로 그런 걸 찍어본 적은 있어요?
성학대,5,인터넷이나 휴대폰을 통해 성적인 목적으로 나의 신체 부위를 사진이나 영상을 찍어 누구에게 올리거나 보낸 적이 있나요?
성학대,5,인터넷이나 휴대폰을 통해 성적인 목적으로 나의 신체 부위를 사진이나 영상을 찍어 누구에게 보내거나 올린 적 있어요?
성학대,5,"인터넷이나 휴대폰으로 친구의 신체 부위를 사진이나 영상을 찍어서, 누구한테 보내거나 올린 적이 있어요?"
성학대,5,그 오빠가 영상이나 사진을 찍었나요?
성학대,5,스스로 그런 촬영을 해본 적은 있나요?
성학대,5,누가 성적인 목적으로 내 몸을 사진 찍거나 동영상을 찍은 적이 있나요? 누가 그랬어요? 몇 살처럼 보였어요?
성학대,5,인터넷이나 휴대폰을 통해 성적인 목적을 가지고 신체 부위를 찍어 누구에게 보낸 적이 있나요?
성학대,5,누가 성적 목적으로 친구 몸을 사진 찍거나 영상을 찍은 적 있어요?
성학대,5,성적인 목적으로 친구 신체 부위를 사진이나 영상으로 찍어서 누군가한테 보낸 적 있어요?
성학대,5,누가 성적인 목적으로 내 몸을 찍거나 영상으로 찍은 적이 있나요?
성학대,5,누가 성적인 목적으로 내 몸을 사진이나 동영상을 찍은 적이 있어요?
성학대,5,"나의 신체 부위를 사진, 영상을 찍어 어디에 올리거나 보낸 적이 있나요?
아니면, 누가 그렇게 해달라고 한 적이 있나요?"
성학대,5,인터넷이나 휴대폰으로 너의 몸을 사진이나 영상 찍어서 누구한테 보내거나 올린 적 있어?
성학대,5,누가 너 몸을 허락 없이 사진 찍거나 동영상 찍은 적 있어?
성학대,5,"혹시 사진, 동영상을 찍어서 누구한테 보내거나 업로드한 적이 있나요?"
성학대,5,인터넷이나 휴대폰으로 친구의 신체 부위를 사진이나 영상으로 찍어서 보내달라고 요청한 사람이 있나요?
성학대,5,그러면 누군가가 친구가 직접 친구 몸을 사진 찍어서 그 사진을 자신에게 전송해 달라고 한 적이 있었나요?
성학대,5,인터넷이나 휴대폰으로 친구의 신체 부위를 사진이나 영상을 찍어서 누구한테 보내거나 올린 적이 있었어요?
성학대,5,인터넷이나 휴대폰으로 친구의 신체 부위를 사진이나 영상을 찍어서 누구한테 보내거나 올린 적 있어?
성학대,5,"성적인 목적으로 내 신체 부위 사진이나 영상을 찍어서, 누구에게 보내거나 어디 올린 적이 있나요?"
성학대,5,폰이나 인터넷으로 나의 신체 부위를 사진이나 영상을 찍어 누구에게 보내거나 올린 적이 있나요?
성학대,5,인터넷이나 휴대폰을 통해 성적인 목적으로 나의 신체 부위를 사진이나 영상을 찍어서 누구에게 보내거나 올린 적이 있나요?
성학대,5,누가 내 몸을 사진 찍거나 동영상을 찍은 적 있어?
성학대,5,인터넷이나 휴대폰을 통해 내 신체부위를 사진이나 영상으로 찍어서 보내달라고 요청한 사람이 있어?
성학대,5,"혹시 누가 내 신체 부위를 사진이나 영상을 찍어서 보내주면 돈을 준다고 한 적 있거나, 그런 걸 보내서 돈을 받은 적이 있어?"
성학대,5,온라인이나 휴대폰에서 알게 된 사람을 실제로 만나본 적이 있어?
성학대,5,"내 몸을 사진, 영상을 찍어 어디에 보내거나 올린 적이 있나요? 아니면 그렇게 해달라고 한 사람이 있나요?"
성학대,5,인터넷이나 휴대폰을 통해서 성적인 목적으로 친구의 신체 부위를 사진이나 영상을 찍어 누구한테 보내거나 올린 적이 있어?
성학대,5,누가 성적인 목적으로 친구 몸을 찍은 적이 있어?
성학대,5,휴대폰을 통해 성적인 목적으로 친구의 신체 부위를 사진이나 영상을 찍어 누구에게 보내거나 올린 적이 있나요?
성학대,5,아저씨가 내 몸을 사진이나 동영상으로 찍은 적이 있어?
성학대,5,내 신체 사진이나 영상이 퍼져서 인터넷에 올라오거나 다른 사람이 본 적 있어요?
성학대,5,인터넷이나 휴대폰으로 성적으로 친구의 신체 부위를 사진이나 영상을 찍어 누구에게 보내거나 올린 적 있나요?
성학대,5,그 오빠가 내 몸을 사진 찍거나 동영상을 찍었나요? 아니면 누군가가 그런 적이 있나요?
성학대,5,"혹시 나의 몸을 사진, 영상으로 찍어 누구한테 보내거나 올린 적이 있나요?
아니면 그렇게 해달라고 한 사람이 있나요?"
성학대,5,누가 몸을 허락 없이 사진 찍거나 동영상 찍은 적 있어?
성학대,5,인터넷이나 휴대폰으로 친구의 신체 부위를 사진이나 영상을 찍어서 누구한테 보내거나 올린 적이 있나요?
성학대,5,"인터넷이나 휴대폰을 통해 나의 신체 부위를 사진, 동영상으로 찍어 누구한테 보내거나 올린 적이 있나요?"
성학대,5,인터넷이나 휴대폰으로 몸 사진이나 영상 찍어서 누구한테 보내거나 올린 적 있어?
성학대,5,누가 성적인 목적으로 친구의 몸을 사진으로 찍거나 동영상을 찍은 적이 있어요?
성학대,5,누가 친구 몸을 사진 찍거나 동영상을 찍은 적 있어?
성학대,5,인터넷이나 휴대폰으로 친구의 신체 부위를 사진이나 영상으로 찍어서 보내달라고 요청한 사람이 있어?
성학대,5,온라인이나 휴대폰에서 알게 된 사람을 실제로 만나본 적 있어?
성학대,5,몸을 찍어서 인터넷에 올리거나 다른 사람한테 보낸 적 있어?
성학대,5,스스로 내 신체 부위를 촬영해서 어디 올리거나 보내본 적 있나요?
성학대,5,인터넷이나 휴대전화를 통해 성적인 목적으로 나의 신체 부위를 사진이나 영상을 찍어 누구에게 보내거나 올린 적이 있나요?
성학대,5,인터넷이나 휴대폰을 통해 성적인 목적으로 신체 부위를 사진이나 영상을 찍어 타인에게 보내거나 올린 적이 있나요?
성학대,5,아저씨가 너를 사진이나 동영상으로 찍었어?
성학대,5,인터넷이나 휴대폰으로 친구의 신체 부위를 사진이나 영상을 찍어서 누구한테 보내거나 올린적이 있어요?
성학대,5,사진 찍어서 보내라고 한 거랑 영상통화로 보여달라고 한 것 이외에 다른 것도 시켰어?
성학대,5,내 신체 부위를 찍어서 보내 주면 돈을 준다고 한 적이 있거나 돈 받은 적 있어?
성학대,5,그 오빠를 포함해서 온라인이나 휴대폰에서 알게 된 사람을 실제로 만난 적 있어?
성학대,5,인터넷이나 휴대폰으로 성적인 목적으로 나의 신체 부위를 사진이나 영상을 찍은 적이 있나요?
성학대,5,나의 신체 부위를 사진이나 동영상으로 찍어 누구한테 보내거나 인터넷에 올린 적이 있나요? 아니면 그렇게 해달라고 한 사람이 있나요?
성학대,5,그럼 친구는 휴대폰으로 친구의 신체부위를 찍어서 보내거나 올린적이 있어?
성학대,5,스스로의 몸 사진을 찍어서 인터넷에 올리거나 다른 사람한테 보낸 적 있어?
성학대,5,누가 마음대로 친구 몸을 사진 찍거나 동영상을 찍은 적 있어?
성학대,5,인터넷이나 휴대폰으로 성적으로 친구의 신체 부위를 사진이나 영상을 찍어서 누구에게 보내거나 올린 적 있어?
성학대,5,인터넷이나 휴대폰을 통해 성적인 목적으로 나의 신체 부위를 찍어서 누구에게 보내거나 올린 적 있어?
성학대,5,"나의 신체 부위를 사진, 영상을 찍어 어디에 올리거나 보낸 적이 있나요?"
성학대,5,나의 신체 부위를 사진이나 영상을 찍어 누구에게 보내거나 인터넷에 올린 적이 있나요?
성학대,5,친구의 몸을 찍어서 인터넷에 올리거나 다른 사람한테 보내준 적 있어?
성학대,5,인터넷이나 휴대폰을 통해서 성적인 목적으로 친구의 신체 부위를 사진 또는 영상으로 찍어서 누군가에게 보내거나 올린 적이 있나요?
성학대,5,휴대폰을 통해 성적인 목적으로 내 신체 부위를 사진이나 영상을 찍어 누구에게 보내거나 올린 적이 있나요?
성학대,5,성적인 목적으로 나의 신체 부위를 찍어 누구에게 보내거나 올린 적이 있나요?
성학대,5,인터넷이나 휴대폰을 통해 성적인 목적으로 친구의 신체 부위를 사진이나 영상을 찍어 누구에게 보내거나 올린 적이 있니?
성학대,5,나의 신체 부위를 사진이나 영상을 찍어서 누구에게 보내거나 올린 적이 있나요?
성학대,5,내 신체 부위를 찍어서 어디 올리거나 보내본 적 있어요?
성학대,5,누가 친구 몸을 사진 찍거나 동영상 찍은 적이 있어요?
성학대,5,누가 친구의 신체 부위를 사진이나 영상을 찍어서 보내주면 돈을 준다고 한 적 있어요?
성학대,5,인터넷이나 휴대폰으로 성적으로 친구의 신체 부위를 사진이나 영상을 찍어 누구에게 보내거나 올린 적 있었어?
성학대,5,누가 성적인 목적으로 내 몸을 사진 찍거나 동영상을 찍은 적이 있나요? 누가 그랬어요?
성학대,5,인터넷이나 핸드폰으로 나의 신체 부위 사진이나 영상을 누구에게 보내거나 올린 적이 있을까?
성학대,5,성적인 욕을 보낸 적도 있어?
성학대,5,"누가 내 몸을 사진, 동영상 찍은 적이 있나요? 아니면, 그렇게 찍어서 어디에 올리거나 보내달라고 한 사람이 있나요?"
성학대,5,친구 몸 사진을 찍어서 인터넷에 올리거나 다른 사람한테 보내준 적 있어?
성학대,5,뽀뽀한 걸 영상으로 찍은 적이 있어요?
성학대,5,성적인 목적으로 내 신체 부위를 촬영해서 누구한테 보내거나 어디 올린 적이 있나요?
성학대,5,인터넷이나 휴대폰으로 성적으로 친구의 신체 부위를 사진이나 영상을 찍어 누구에게 보내거나 올린 적 있어요?
성학대,5,인터넷이나 휴대폰을 통해 성적인 목적으로 내 신체를 사진이나 영상을 찍어 누구한테 보내거나 올린 적이 있어요? 혹시 그렇게 해달라는 사람이 있었어요?
성학대,5,몸 사진을 찍어서 인터넷에 올린다거나 누군가한테 보내준 적 있어?
성학대,5,혹시 사진을 찍거나 한 적도 있나요?
성학대,5,"내 몸을 사진, 동영상 찍어 다른 사람에게 보내거나 어디 올린 적이 있나요? 아니면, 그렇게 해달라는 사람이 있었나요?"
성학대,5,내가 직접 촬영해 본 적은요?
성학대,5,내 몸 사진을 찍어 어디 보내거나 올린 적 있어요?
성학대,5,인터넷이나 휴대폰을 통해 성적인 목적으로 나의 신체 부위를 사진이나 영상을 찍어 누구에게 보내거나 올린 적이 있니?
성학대,5,누가 내 몸을 사진이나 동영상으로 찍은 적이 있어?
성학대,5,누가 성적인 목적으로 친구 몸을 사진 찍거나 동영상을 찍은 적 있어?
성학대,5,누가 내 몸을 사진 찍거나 동영상을 찍은 적이 있나요?
성학대,5,신체 부위를 사진이나 영상을 찍어서 보내주면 돈을 준다고 한 적이 있거나 그런 걸 보내서 돈을 받은 적이 있나요?
성학대,5,인터넷이나 휴대폰을 통해 성적인 목적으로 내 신체 부위를 사진이나 영상을 찍어 보내거나 올린 적이 있나요?
성학대,5,인터넷이나 휴대폰으로 나의 신체 부위를 사진이나 영상을 찍어 누구에게 보내거나 올린 적이 있었나요?
성학대,5,인터넷이나 휴대폰을 통해 성적인 목적으로 친구의 신체 부위를 사진이나 영상을 찍어 누구에게 보내거나 올린 적이 있어요?
성학대,5,누가 친구 몸을 사진 찍거나 동영상을 찍은 적이 있어?
성학대,5,누가 친구의 신체 부위를 사진이나 영상을 찍어서 보내주면 돈을 준다고 한 적 있어?
성학대,5,인터넷이나 휴대폰을 통해 나의 신체 부위를 사진이나 영상으로 찍어서 누구한테 보내거나 올린 적 있어?
성학대,5,인터넷이나 휴대전화를 통해 성적인 목적으로 나의 신체 부위를 사진이나 영상으로 찍어 누구에게 보내거나 올린 적이 있나요?
성학대,5,성적인 목적으로 사진을 찍은 적은 있어?
성학대,5,"그럼, 스스로 찍어서 어디 보내거나 업로드 한 적은 있어?"
성학대,5,사진 찍어서 보내라고 한 거랑 영상통화로 보여달라고 한 것 이외에 다른 것도 시켰어요?
성학대,5,내 신체 부위를 찍어서 보내 주면 돈을 준다고 한 적이 있거나 돈 받은 적 있어요?
성학대,5,그 오빠를 포함해서 온라인이나 휴대폰에서 알게 된 사람을 실제로 만난 적 있어요?
성학대,5,인터넷이나 핸드폰을 통해 나의 신체 부위를 사진이나 영상으로 찍어 누구에게 보내거나 올린 적이 있어요?
성학대,5,누가 성적인 목적으로 내 몸을 찍은 적이 있어?
성학대,5,휴대폰이나 인터넷으로 신체 부위의 사진이나 영상을 누구에게 보내거나 올린 적이 있었나요?
성학대,5,누군가가 성적인 목적으로 친구의 몸 사진을 찍거나 동영상을 찍은 적이 있어요?
성학대,5,휴대폰으로 친구의 신체 부위를 사진이나 영상으로 찍어서 보내거나 올린 적이 있어?
성학대,5,스스로 몸 사진을 찍어서 인터넷에 올리거나 다른 사람한테 보낸 적 있어?
성학대,5,친구 몸을 사진 찍거나 동영상을 찍은 적이 있어요?
성학대,5,누가 성적인 목적으로 내 몸 사진을 찍거나 동영상을 찍은 적이 있나요?
성학대,5,"누가 내 몸을 사진, 동영상을 찍은 적이 있나요? 아니면, 그렇게 찍어서 어디에 올리거나 보내달라고 한 사람이 있나요?"
성학대,5,인터넷이나 휴대폰을 통해 알게 된 사람이 속옷 입는 부위를 사진이나 영상으로 찍어서 보내달라고 한 적 있어?
성학대,5,그런 사진이나 동영상을 찍어서 보내주면 돈을 주겠다고 한 사람은 있어?
성학대,5,친구의 신체 사진이나 동영상이 인터넷에 올라오거나 그걸 누가 본 적 있어?
성학대,5,인터넷이나 휴대폰을 통해 알게 된 사람을 실제로 만난 적 있어?
성학대,5,누가 성적인 목적으로 친구의 몸을 사진 찍거나 동영상을 찍은 적이 있어요?
성학대,5,인터넷이나 휴대전화를 통해서 성적인 목적으로 나의 신체 부위를 사진이나 영상을 찍어 누구에게 보내거나 올린 적이 있나요?
성학대,5,누군가 성적인 목적으로 내 몸을 사진 찍거나 동영상을 찍은 적이 있나요?
성학대,5,누가 성적인 목적으로 너의 몸 사진이나 영상을 찍어서 보내거나 올린 적 있어요?
성학대,5,그 아저씨가 찍어서 보내달라고 한 적은 있나요?
성학대,5,누군가 나의 신체 부위를 찍어서 보내달라고 한 적이 있어요?
성학대,5,"내 몸을 사진, 동영상 찍어 다른 사람에게 보내거나 어디 올린 적이 있나요? 아니면, 그렇게 해달라는 사람이 있나요?"
성학대,5,성적인 목적으로 나의 신체 부위를 찍어서 다른 사람에게 보낸 적 있어요?
성학대,5,누가 몸 사진 찍거나 동영상 찍은 적 있어요?
성학대,5,인터넷이나 휴대전화를 통해 성적인 목적으로 나의 신체 부위를 사진이나 영상을 찍어 누구에게 보내거나 올린 적이 있어요?
성학대,5,그래서 사진을 보내줬어?
성학대,5,인터넷이나 앱에서 연락한 사람이랑 실제로 만난 적 있어?
성학대,5,휴대폰이나 인터넷을 통해 신체 부위 사진을 올리거나 보내본 적 있어요?
성학대,5,몸을 촬영하여 인터넷에 올리거나 다른 사람한테 보낸 적 있어?
성학대,5,친구 스스로 몸 사진을 찍어서 인터넷에 올리거나 다른 사람한테 보낸 적 있어?
성학대,5,누가 친구의 몸을 사진이나 동영상으로 찍은 적이 있나요?
성학대,5,"나의 신체 부위를 사진이나 영상을 찍어 보내거나 올린 적이 있나요?
아니면 그렇게 해달라고 한 사람이 있나요?"
성학대,5,누가 내 몸을 찍은 적 있어?
성학대,5,누가 내 몸을 찍어서 보내주면 돈을 준다고 한 적 있어?
성학대,5,내 신체 사진이나 영상이 인터넷에 올라오거나 다른 사람이 본 적 있어?
성학대,5,온라인이나 휴대폰으로 알게 된 사람을 실제로 만난 적 있어?
성학대,5,인터넷이나 휴대폰으로 성적으로 친구의 신체 부위를 사진이나 영상을 찍어 누구에게 보내거나 올린 적이 있어?
성학대,5,혹시 아빠가 내 몸을 사진이나 동영상으로 찍었어?
성학대,5,인터넷이나 휴대폰을 통해 알게 된 사람을 실제로 만난 적이 있어?
성학대,5,내 몸을 사진으로 찍어서 보내주면 돈을 주겠다고 한 사람이 있었어?
성학대,5,누가 내 몸을 사진 찍거나 동영상 찍은 적 있나요?
성학대,5,내 신체 부위를 찍어서 보내면 돈을 준다고 한 적이 있거나 그런 걸 보내서 돈을 받은 적 있나요?
성학대,5,인터넷이나 휴대폰을 통해 성적인 목적으로 친구의 신체 부위를 사진이나 영상을 찍어 누구한테 보내거나 올린 적이 있어요?
성학대,5,"그럼, 친구는 인터넷이나 휴대폰으로 친구의 신체 부위를 사진이나 영상으로 찍어서 보내거나 올린 적이 있어요?"
성학대,5,인터넷이나 휴대폰으로 몸을 사진 찍거나 영상 찍어서 누구한테 보내거나 올린 적 있어요?
성학대,5,인터넷이나 휴대폰을 통해 성적인 목적으로 내 몸을 사진이나 영상을 찍어 보내거나 올린 적이 있나요?
성학대,5,인터넷이나 휴대폰을 통해 성적인 목적으로 나의 신체 부위를 사진이나 영상으로 찍어 누구에게 보내거나 올린 적 있나요?
성학대,5,인터넷이나 휴대폰을 통해 성적인 목적으로 나의 신체 부위를 사진이나 영상을 찍어 누구에게 보낸 적 있어?
성학대,5,"인터넷이나 휴대폰을 통해 성적인 목적으로 나의 신체 부위를 사진이나 영상으로 찍어서, 누구에게 보내거나 올린 적이 있나요?"
성학대,5,친구는 성적인 목적으로 몸 사진을 찍거나 동영상을 찍어서 남에게 보여준 적이 있나요?
성학대,5,아저씨가 성적인 목적으로 사진을 찍거나 혹은 동영상을 촬영했나요?
성학대,5,"혹시 외삼촌이나 다른 사람이 내 몸을 사진, 동영상 찍은 적이 있나요?"
성학대,5,"내 몸을 사진, 영상을 찍어 누구한테 보내거나 올린 적이 있나요? 아니면 누가 그렇게 해달라고 한 적이 있나요?"
성학대,5,인터넷이나 휴대폰으로 성적으로 친구의 신체 부위를 사진이나 영상을 찍어 누군가에게 보내거나 올린 적 있어?
성학대,5,인터넷이나 휴대폰으로 친구의 신체 부위를 사진이나 영상을 찍어 누구에게 보내거나 올린 적 있어?
성학대,5,성적인 목적으로 친구 신체부위 사진이나 영상을 누군가한테 촬영해서 보낸 적 있어?
성학대,5,그 사람에게 그래서 친구 몸을 사진이나 영상으로 찍어서 보냈어?
성학대,5,누군가가 친구 몸을 성적인 목적으로 사진을 찍거나 동영상을 찍은 적은 있어?
성학대,5,"누가 성적인 목적으로 내 몸을 사진 찍거나 동영상을 찍거나, 내가 누군가에게 보내거나 올린 적이 있나요?"
성학대,5,인터넷이나 휴대폰을 통해 성적인 목적으로 친구의 신체 부위를 사진이나 영상을 찍어 누구에게 보내거나 올린 적이 있나요?
성학대,5,선생님이 너를 사진이나 동영상으로 찍은 적 있어?
성학대,5,성적인 목적으로 나의 신체 부위 사진을 찍어 보내거나 어디 올린 적이 있나요?
성학대,5,누가 내 몸을 사진 찍거나 동영상을 찍은 적이 있어?
성학대,5,나의 신체 부위를 사진이나 영상을 찍어서 보내주면 돈을 준다고 한 적이 있니?
성학대,5,내 신체 사진이나 영상이 퍼져서 인터넷에 올라오거나 다른 사람이 본 적 있니?
성학대,5,온라인이나 휴대폰에서 알게 된 사람을 실제로 만나본 적이 있니?
성학대,5,그 아저씨가 혹시 내 몸을 사진 찍었나요?
성학대,5,아니면 평소 내 몸을 사진 찍거나 동영상을 찍어 누구한테 전송하거나 올린 적이 있나요? 아니면 그렇게 해달라고 한 사람이 있나요?
성학대,5,인터넷이나 휴대폰을 통해 나의 신체 부위를 사진이나 영상으로 찍어서 누구한테 보낸 적 있어?
성학대,5,"나의 신체 부위를 사진, 영상을 찍어 어디에 올리거나 보낸 적이 있나요? 아니면, 누가 그렇게 해달라고 한 적 있나요?"
성학대,5,누가 내 몸을 사진 찍거나 동영상을 찍은 적이 있나요? 누가 그랬나요?
성학대,5,몸을 사진으로 찍어서 어디 올리거나 보내준 적 있어?
성학대,5,인터넷이나 휴대폰을 통해 성적인 목적으로 나의 신체 부위를 사진이나 영상을 찍어 보내거나 올린 적 있나요?
성학대,5,인터넷이나 휴대폰을 통해 성적인 목적으로 나의 신체 부위를 사진이나 영상을 찍어 보내거나 올린 적이 있을까?
성학대,5,몸을 촬영해서 인터넷에 올리거나 다른 누군가한테 보낸 적 있어?
성학대,5,내 몸 사진을 어디 올리거나 보내본 적 있어요?
성학대,5,인터넷이나 휴대폰을 통해서 성적인 목적으로 나의 신체 부위를 사진이나 영상을 찍어 누구에게 보내거나 올린 적 있어?
성학대,5,인터넷이나 휴대폰으로 성적인 목적으로 친구 신체 부위를 사진이나 영상으로 남겨서 누구한테 보낸 적 있었어?
성학대,5,"혹시 나의 신체 부위의 사진, 영상을 찍어서 누구한테 보내거나 올린 적이 있나요?"
성학대,5,핸드폰이나 인터넷으로 나의 신체 부위를 사진이나 영상을 찍어 누구에게 보내거나 올린 적이 있었나요?
성학대,5,스스로 신체 부위를 촬영해서 어디 올리거나 보낸 적 있나요?
성학대,5,인터넷이나 휴대폰으로 너의 몸을 사진이나 영상 찍어서 누구한테 뭐 보내거나 올린 적 있어?
성학대,5,"나의 신체 부위를 사진, 영상을 찍어 어디에 올리거나 보낸 적이 있어?"
성학대,5,휴대폰으로 친구의 신체 부위를 사진이나 영상으로 찍어서 보내거나 올린 적이 있나요?
성학대,5,"누가 성적인 목적으로 내 몸을 사진 찍거나, 동영상을 찍은 적이 있나요?"
성학대,5,"나의 신체 부위를 사진이나 영상으로 찍어서, 누구에게 보내거나 올린 적이 있나요?"
성학대,5,성적인 목적으로 내 신체부 위를 촬영해서 누구한테 보내거나 어디 올린 적 있나요?
성학대,5,"혹시 새아빠나 다른 사람이 내 몸을 사진, 동영상 찍은 적이 있나요?"
성학대,5,"나의 신체 부위를 사진이나 영상을 찍어서 
누구에게 보내거나 올린 적이 있나요?"
성학대,5,누가 성적인 목적으로 친구의 몸을 사진이나 동영상으로 찍은 적이 있어?
성학대,5,친구가 신체 부위를 사진이나 영상으로 찍은 적이 있어?
성학대,5,인터넷이나 휴대폰을 통해 성적인 목적으로 내 신체 부위를 사진이나 영상을 찍어 누구에게 보내거나 올린 적이 있어요?
성학대,5,인터넷이나 휴대폰을 통해 성적인 목적으로 나의 신체 부위를 사진이나 영상을 찍어 누구에게 내거나 올린 적이 있었나요?
성학대,5,성적인 목적으로 내 신체 부위를 촬영해서 누구한테 보내거나 어디 올린 적 있어요?
성학대,5,몸 사진을 찍어서 어디 업로드 하거나 보내준 적 있어?
성학대,5,인터넷이나 휴대폰을 통해 성적인 목적으로 나의 신체 부위를 사진이나 영상을 찍어 보내거나 올린 적이 있어?
성학대,5,휴대폰이나 인터넷을 통해 성적인 목적으로 나의 신체 부위를 사진이나 영상을 찍어 누구에게 보내거나 올린 적이 있었나요?
성학대,5,몸 사진을 찍어서 인터넷에 올리거나 누군가한테 전송해 본 적 있어?
성학대,5,누가 내 몸 사진을 찍거나 동영상을 찍은 적이 있어?
성학대,5,나의 신체 부위를 사진이나 영상을 찍어서 보내주면 돈을 준다고 한 적 있어?
성학대,5,친구 몸 사진을 찍어서 인터넷에 올리거나 다른 사람한테 보낸 적 있을까?
성학대,5,친구 몸 사진을 찍어서 인터넷에 업로드 하거나 다른 사람한테 보낸 적 있어?
성학대,5,누가 성적인 목적으로 친구의 몸을 사진 찍거나 동영상을 찍은 적이 있나요?
성학대,5,인터넷이나 휴대폰을 통해 성적인 목적으로 나의 신체 부위를 사진이나 영상으로 찍어서 누구에게 보내거나 올린 적이 있나요?
성학대,5,휴대폰을 통해 성적인 목적으로 나의 신체 부위를 사진이나 영상으로 찍어 누구에게 보내거나 올린 적이 있나요?
성학대,5,휴대폰을 통해 성적인 목적으로 나의 신체 부위를 사진이나 영상을 찍어 누구에게 보내거나 올린 적이 있나요?
성학대,5,그 뒤에도 누구에게 사진이나 영상을 찍어 보내거나 올린 적이 있나요?
성학대,5,인터넷이나 휴대폰으로 네 몸 사진이나 영상 찍어서 누구한테 보내거나 올린 적 있어?
성학대,5,누가 성적인 목적으로 내 몸을 찍은 적이 있나요?
성학대,5,내 몸 사진이나 영상을 누구에게 보내거나 올린 적은 있어?
성학대,5,"내 몸을 사진, 영상을 찍어 어디 보내거나 올린 적이 있나요? 아니면 그렇게 해달라고 한 사람이 있나요?"
성학대,5,누가 성적인 목적으로 친구의 몸을 사진으로 찍거나 동영상을 찍은 적이 있나요?
성학대,5,휴대폰이나 인터넷을 통해 나의 신체 부위를 사진이나 영상을 찍어 누구에게 보내거나 올린 적이 있었나요?
성학대,5,"혹시 내 몸을 사진, 동영상을 찍은 적이 있나요?"
성학대,5,인터넷이나 휴대폰을 통해 성적인 목적으로 나의 신체 부위를 사진이나 영상으로 찍어 누군가에게 보내거나 올린 적이 있나요?
성학대,5,"혹시 나의 신체 부위의 사진, 영상을 찍어서 누구한테 보내거나 올린 적이 있어? 아니면 누가 그렇게 해달라고 한 적이 있어?"
성학대,5,사진이나 동영상을 찍어 누구에게 보내거나 올린적이 있나요?
성학대,5,혹시 친구의 신체 부위를 사진이나 영상으로 찍어서 보내거나 올린 적이 있어?
성학대,5,누가 성적인 목적으로 너의 몸 사진이나 영상을 찍어서 올린 적이나 보낸 적 있어요?
성학대,5,누가 성적인 목적으로 사진이나 동영상을 찍은 적이 있어요?
성학대,5,인터넷이나 휴대폰을 통해 성적인 목적으로 나의 신체 부위를 사진이나 영상을 찍어 누구에게 보낸 적이 있어?
성학대,5,누가 성적 목적으로 친구 몸을 사진을 찍거나 동영상을 찍은 적 있어?
성학대,5,친구가 성적인 목적으로 친구 신체를 사진이나 영상을 찍어서 보내거나 올린 적 있어?
성학대,5,나의 신체 부위를 사진이나 영상을 찍어서 보내주면 돈을 준다고 한 적이 있거나 그런 걸 보내서 돈을 받은 적이 있나요?
성학대,5,우리 친구에게 누군가가 친구의 몸을 사진 찍거나 동영상을 찍은 적이 있어?
성학대,5,인터넷으로 휴대폰으로 너의 몸을 사진 찍어서 영상 찍어서 누구한테 보내거나 올린 적 있어?
성학대,5,인터넷이나 휴대폰으로 너 몸 찍어서 올리거나 보낸 적 있어?
성학대,5,아저씨가 내 몸을 사진이나 동영상으로 찍었어?
성학대,5,인터넷이나 휴대폰으로 너 몸을 사진 찍어서 영상 찍어서 올리거나 아니면 누구한테 보낸 적 있어?
성학대,5,몸을 사진으로 찍어서 인터넷에 올리거나 다른 사람한테 보낸 적 있어?
성학대,5,휴대폰으로 친구의 신체부위를 사진이나 영상으로 찍어서 보내거나 올린 적이 있어?
성학대,5,친구의 신체 부위를 사진이나 영상으로 찍어서 보내달라고 하는 사람이 있었어요?
성학대,5,"그러면 누군가가 친구가 직접 친구 몸을 사진 찍어서, 그 사진을 자신에게 전송해 달라고 한 적이 있었나요?"
성학대,5,인터넷이나 휴대폰으로 성적으로 친구의 신체부위를 사진이나 영상을 찍어 누구에게 보내거나 올린 적 있어?
성학대,5,인터넷이나 휴대폰을 통해 성적인 목적으로 나의 신체 부위를 사진이나 영상을 찍어 보내거나올린 적이 있나요?
성학대,5,혹시 내 몸을 사진 찍거나 동영상을 찍었나요?
성학대,5,"평소 내 몸을 사진, 동영상 찍어서 올린 적이 있나요? 아니면 그렇게 해달라는 사람이 있었나요?"
성학대,5,휴대폰이나 인터넷으로 나의 신체 부위를 사진이나 영상을 찍어 누구에게 보내거나 올린 적이 있었어?
성학대,5,누가 성적인 목적으로 내 몸을 사진이나 동영상 찍은 적 있어?
성학대,5,"누가 내 몸을 사진, 동영상 찍은 적이 있나요? 아니면 내가 찍어서 올리거나 누군가가 찍어 올려달라고 한 적이 있나요?"
성학대,5,"나의 신체 부위를 사진, 영상을 찍어 어디에 올리거나 보낸 적이 있을까? 아니면, 누가 그렇게 해달라고 한 적이 있어?"
성학대,5,인터넷에 몸 사진이나 영상을 찍어서 올리거나 누구한테 보낸 적 있어?
성학대,5,누가 내 몸을 사진 찍거나 동영상을 찍은 적은 있어?
성학대,5,인터넷이나 휴대전화를 통해 성적인 목적으로 내 몸을 사진이나 영상을 찍어 누구에게 보내거나 올린 적이 있나요?
성학대,5,휴대폰이나 인터넷으로 나의 신체 부위를 사진이나 영상을 찍어 누구에게 보내거나 올린 적 있어요?
성학대,5,"나의 신체 부위를 사진, 영상을 찍어 어디에 올리거나 보낸 적 있을까? 아니면 누가 그렇게 해달라고 한 적 있어?"
성학대,5,인터넷이나 휴대폰을 통해 성적인 목적으로 나의 신체 부위를 사진이나 영상으로 찍어 보내거나 올린 적이 있나요?
성학대,5,인터넷이나 휴대폰을 통해 성적인 목적으로 나의 신체 부위를 사진이나 영상으로 찍어 누군가한테 보내거나 올린 적이 있나요?
성학대,5,인터넷이나 휴대폰을 통해 성적인 목적으로 내 신체를 사진이나 영상을 찍어 누구한테 보내거나 올린 적이 있어요? 혹은 그렇게 해달라고 한 사람이 있어요?
성학대,5,"인터넷이나 휴대폰을 통해 나의 신체부위를 사진, 영상으로 찍어 누구한테 보내거나 올린 적이 있어요? 아니면 그렇게 하라고 한 사람이 있나요?"
성학대,5,누가 성적인 목적으로 나의 몸을 사진 찍거나 동영상을 찍은 적이 있어요?
성학대,5,인터넷이나 휴대폰으로 성적인 목적으로 친구 신체 부위를 사진이나 영상을 찍어서 누구한테 보낸 적 있어?
성학대,5,신체 부위를 성적인 목적으로 찍어서 다른 사람에게 보내거나 인터넷에 올린적이 있나요?
성학대,5,"신체 부위를 사진 찍어서 보내달라고 했잖아. 사진을 보내주면 돈을 준다고 한 적이 있거나, 그런 걸 보내서 돈을 받은 적이 있어?"
성학대,5,너의 사진이 인터넷에 올라오거나 다른 사람이 본 적 있어?
성학대,5,본인이 본인 몸을 직접 촬영해 본 적은 있어요?
성학대,5,친구 몸 사진을 찍어서 인터넷에 올리거나 다른 사람 핸드폰으로 보낸 적 있어?
성학대,5,인터넷이나 휴대폰을 통해 성적인 목적으로 나의 신체 부위를 사진이나 영상을 찍어 누구에게 보내거나 올린 적이 있어요?
성학대,5,누가 내 몸을 사진 찍거나 동영상 찍은 적 있어요?
성학대,5,나의 신체 부위를 사진이나 영상을 찍어 누구에게 보낸 적이 있나요?
성학대,5,인터넷이나 휴대폰을 통해 성적인 목적으로 나의 신체 부위를 사진이나 영상을 찍어 누구에게 보내거나 올린 적이 있었나요?
성학대,5,인터넷이나 휴대폰으로 친구 신체 부위를 사진이나 영상을 찍어서 보내거나 올린 적 있어?
성학대,5,인터넷을 통해 성적인 목적으로 나의 신체 부위를 찍어 올린 적이 있어?
성학대,5,그러면 친구도 친구의 신체 부위를 사진이나 영상을 찍어 누구에게 보낸 적이 있나요?
성학대,5,친구의 신체 사진이나 영상이 퍼져서 인터넷에 올라오거나 다른 사람이 본 적이 있어요?
성학대,5,친구의 신체 부위를 사진이나 영상으로 찍어서 보내달라고 요청한 사람이 있어요?
성학대,5,"혹시 친구의 신체 부위를 사진이나 영상을 찍어서 보내주면 돈을 준다고 한 적이 있거나, 그런 걸 보내도 돈을 받은 적이 있어요?"
성학대,5,온라인이나 휴대폰에서 알게 된 사람을 실제로 만나본 적이 있어요?
성학대,5,내 몸 사진을 찍어서 누구에게 보내거나 어디 올려본 적 있어요?
성학대,5,선생님이 내 사진이나 동영상을 찍은 적이 있어?
성학대,5,인터넷이나 핸드폰으로 너의 몸을 사진이나 영상 찍어서 누구한테 보내거나 올린 적 있어?
성학대,5,몸을 촬영해서 인터넷에 올리거나 다른 사람한테 보낸 적 있어?
성학대,5,"친구의 신체 부위를 사진이나 영상을 찍어서 보내주면 돈을 준다고 한 적이 있거나, 그런 걸 보내서 돈을 받은 적이 있어?"
성학대,5,내 신체를 사진이나 영상을 찍어 보내면 돈을 준다고 한 적이 있거나 그런 걸 보내서 돈을 받은 적 있어?
성학대,5,친구의 어떤 사진이요?
성학대,5,그래서 친구는 그 사람에게 사진을 전송했나요?
성학대,5,인터넷이나 휴대폰을 통해 친구의 신체 부위를 사진이나 영상으로 찍어서 보내달라고 요청한 사람이 있어?
성학대,5,온라인이나 휴대폰에서 알게 된 사람을 실제로 만난 적 있어?
성학대,5,친척 오빠나 다른 사람이 친구 몸을 성적 목적으로 사진이나 영상을 촬영한 적 있어?
성학대,5,인터넷이나 휴대폰을 통해 성적인 목적으로 내 신체 부위를 찍어서 누구에게 보내거나 올린 적 있어?
성학대,5,누가 내 몸을 찍어서 보내주면 돈을 준다고 하거나 보내서 돈을 받은 적 있어?
성학대,5,내 몸 사진을 찍거나 영상을 찍은 적이 있었나요?
성학대,5,인터넷이나 휴대폰을 통해 성적인 목적으로 나의 신체 부위를 사진이나 영상을 찍어 누구에게 보내거나 올린적이 있나요?
성학대,5,휴대폰이나 인터넷으로 나의 신체 부위를 사진이나 영상을 찍어 누구에게 보내거나 올린 적이 있어요?
성학대,5,그 아저씨가 내 몸을 사진이나 동영상을 찍었나요?
성학대,5,누가 성적인 목적으로 내 사진이나 영상을 찍은 적이 있나요?
성학대,5,몸 사진을 찍어서 인터넷에 올리거나 전송해 본 적 있어?
성학대,5,그 오빠가 내 몸을 사진이나 영상으로 찍기도 했어? 아니면 다른 누군가가 그런 적이 있을까?
성학대,5,"혹시 나의 몸을 사진, 영상으로 찍어 누구한테 보내거나 올린 적이 있을까?"
성학대,5,친구 몸 사진을 찍어서 인터넷에 올리거나 다른 누군가한테 보낸 적 있어?
성학대,5,인터넷이나 휴대폰을 사용해서 성적인 목적으로 나의 신체 부위를 사진이나 영상을 찍어본 적이 있나요?
성학대,5,누군가가 친구 몸을 성적 목적으로 사진 찍거나 동영상을 찍은 적 있어?
성학대,5,"나의 신체 부위를 사진이나 영상을 찍어서 보내주면 돈을 준다고 한 적이 있거나, 그런 걸 보내서 돈을 받은 적이 있나요?"
성학대,5,온라인이나 휴대폰에서 알게 된 사람을 실제로 만나본 적이 있나요?
성학대,5,너 몸을 사진 찍거나 영상 찍어서 누구한테 보내거나 어디에 올린 적 있어?
성학대,5,누가 내 신체부위를 사진이나 영상으로 찍어서 보내주면 돈을 준다고 한 적이 있거나 그런 걸 보내서 돈을 받은 적이 있어?
성학대,5,인터넷이나 휴대폰을 통해 성적인 목적으로 나의 신체부위를 사진이나 영상을 찍어 누구에게 보내거나 올린 적이 있나요?
성학대,5,성적인 목적으로 친구의 몸을 사진이나 동영상으로 찍은 적 있어요?
성학대,5,인터넷이나 핸드폰으로 친구의 신체 부위를 사진이나 영상을 찍어 누구한테 보내거나 올린 적이 있어요?
성학대,5,성적인 목적으로 내 몸을 사진이나 동영상을 찍은 사람이 있어요?
성학대,5,내 몸 사진을 찍어서 누구에게 보내거나 인터넷에 올린 적 있어요?
성학대,5,누가 성적인 목적으로 친구 몸 사진이나 동영상을 찍은 적이 있어요?
성학대,5,인터넷이나 휴대폰을 사용해서 성적인 목적으로 나의 신체 부위를 사진이나 영상을 찍어서 누구에게 보내거나 올린 적이 있나요?
성학대,5,인터넷이나 휴대폰을 통해 성적인 목적으로 나의 신체 부위 사진이나 영상을 찍어서 누군가에게 보내거나 올린 적이 있나요?
성학대,5,누가 성적인 목적으로 친구 몸 사진을 찍거나 동영상을 찍은 적 있나요?
성학대,5,"나의 신체 부위를 사진, 영상을 찍어 어디에 올리거나 보낸 적이 있어? 아니면, 누가 그렇게 해달라고 한 적이 있을까?"
성학대,5,"혹시 나의 신체 부위의 사진, 영상을 찍어서 누구에게 보내거나 올린 적이 있어요?"
성학대,5,인터넷이나 휴대폰를 통해 알게 된 사람이 속옷 입는 부위를 사진이나 영상으로 찍어서 보내달라고 한 적 있어?
성학대,5,"누가 내 몸을 사진, 동영상 찍은 적이 있나요? 아니면, 그렇게 찍어서 어디 올리거나 보내달라고 한 사람이 있나요?"
성학대,5,나의 신체 부위를 사진이나 영상으로 찍어서 누구에게 보내거나 올린 적이 있어요?
성학대,5,누가 성적인 목적으로 너의 몸을 사진이나 영상 찍어서 보내거나 올린 적 있어요?
성학대,5,인터넷이나 스마트폰을 통해서 성적인 목적으로 친구의 몸을 사진이나 영상을 찍어서 다른 사람한테 보낸 적이 있어요?
성학대,5,sns을 통해 성적인 목적으로 친구의 신체 부위를 사진이나 영상을 찍어 누구에게 보내거나 올린 적 있어요?
성학대,5,어떤 사진을 보내달라고 했어?
성학대,5,그래서 우리 친구는 그 사진을 보냈어?
성학대,5,친구의 신체 부위 사진이나 영상을 어디에 보내거나 올려본 적 있어요?
성학대,5,그 후에도 만나거나 사진을 보낸 적 있나요?
성학대,5,인터넷이나 휴대폰으로 성적인 목적으로 친구 신체 부위를 사진을 찍거나 영상을 찍어서 누구한테 보낸 적 있어?
성학대,5,게임이나 어플로 내 몸을 사진을 찍어서 보내달라고 한 사람이 있었어?
성학대,5,몸 사진을 찍어서 인터넷에 올리거나 다른 사람한테 보낸 적은 있어?
성학대,5,삼촌이 내 신체 부위를 사진이나 동영상으로 찍었어?
성학대,6,내가 싫다고 했는데도 누군가가 내 몸을 만지려고 하거나 보여달라고 한 적이 있어?
성학대,6,하지 말라고 했는데 몸을 만지거나 보여달라고 한 적 있어?
성학대,6,내가 원하지 않는데 누군가가 내 몸을 만지거나 보여달라고 한 적 있어요?
성학대,6,내가 원하지 않는데도 누군가가 내 몸을 만지거나 보여달라고 한 적 있나요?
성학대,6,내가 원하지 않는데도 누군가가 내 몸을 만지거나 보여달라고 한 적 있어요?
성학대,6,누군가 원하지 않는데도 몸을 만지거나 보여달라고 한 적 있어?
성학대,6,내가 원하지 않는데도 누군가가 내 몸을 만지거나 보여달라고 한 적이 있나요?
성학대,6,내가 원하지 않는데도 누군가가 내 몸을 만지거나 보여달라고 한 적 있어?
성학대,6,내가 원하지 않는데도 누가 내 몸을 만지거나 보여달라고 한 적 있어요?
성학대,6,원하지 않는데 누가 몸을 만지거나 보여달라고 한 적 있어?
성학대,6,내가 원하지 않는데도 누군가가 내  몸을 만지거나 보여달라고 한 적 있어?
성학대,6,누군가가 내 몸을 만지거나 보여달라고 한 적 있어요?
성학대,6,내가 원하지 않는데 누군가가 내 몸을 만지거나 보여달라고 한 적 있어?
성학대,6,누군가가 나의 몸을 만지려고 하거나 억지로 보려고 한 적이 있나요?
성학대,6,그러면 그렇게 해달라고 한 사람이 있어요?
성학대,6,내가 싫다고 했는데도 누군가가 내 몸을 만지려고 하거나 보여달라고 한 적 있어?
성학대,6,내가 원하지 않는데도 누군가 내 몸을 만진 적이 있나요?
성학대,6,내가 원하지 않았는데도 누군가가 내 몸을 만지거나 보여달라고 한 적 있을까?
성학대,6,내가 원하지 않는데 누군가 내 몸을 만지거나 보여달라고 한 적 있어요?
성학대,6,누가 나에게 부끄럽고 창피한 짓을 시킨 적 있어?
성학대,6,내가 싫다고 했는데도 누군가가 내 몸을 만지려고 했거나 보여달라고 한 적이 있어?
성학대,6,내가 원하지 않는데 누군가가 내 몸을 만지거나 보여달라고 한 적이 있어?
성학대,6,내가 원하지 않는데도 누군가가 내 몸을 만지거나 보여달라고 한 적이 있어요?
성학대,6,내가 원하지 않는 데도 누군가 내 몸을 만지거나 보여달라고 한 적이 있나요?
성학대,6,내가 원하지 않았는데도 누군가가 내 몸을 만지거나 보여달라고 한 적이 있을까?
성학대,6,어떤 사람이 싫은데도 내 몸을 만지거나 보여주라고 한 적 있었어요?
성학대,6,내가 원하지 않는데도 누군가 내 몸을 만지거나 보여달라 한 적이 있나요?
성학대,6,너를 만지거나 어디를 보여달라거나 한 거야?
성학대,6,내가 원하지 않는데 누군가가 내 몸을 만지거나 보여 달라고 한 적 있어?
성학대,6,내가 원하지 않는데 내 몸을 만지거나 보여달라고 한 적은 있어요?
성학대,6,내가 원하지 않는데도 누군가 내 몸을 만지거나 보여달라고 한 적이 있나요?
성학대,6,누가 나에게 부끄럽고 창피한 것을 시킨 적이 있어?
성학대,6,내가 원하지 않았는데도 누군가가 내 몸을 만지거나 보여 달라고 한 적이 있을까?
성학대,6,내가 원하지 않은데도 누가 내 몸을 만지거나 보여달라고 한 적 있어요?
성학대,6,"내가 싫다고 했는데도 누군가가 내 몸을 만지려고 했거나 보여달라고 
한 적이 있어?"
성학대,6,"누군가가 나의 몸을 만지려고 하거나 억지로 보려고 한 적이 있나요? 
아니면 소중한 부위를 아프게 한 적이 있나요?"
성학대,6,누군가가 나의 몸을 만지려고 하거나 억지로 보려고 한 적이 있어요?
성학대,6,너 허락 없이 누군가가 몸을 만지거나 보여달라고 한 적 있어?
성학대,6,누가 원치 않는데 소중한 부위를 만지거나 보여달라고 한 적 있어요?
성학대,6,내가 원하지 않는데도 누가 내 몸을 만지거나 보여달라고 한 적이 있나요?
성학대,6,내가 원하지 않는데 누군가 내 몸을 만지거나 보여달라 한 적이 있나요?
성학대,6,거절을 했는데도 누가 몸을 만지거나 보여달라고 한 적 있어?
성학대,6,원하지 않는데 내 몸을 만지려고 하거나 보여달라고 한 적 있어?
성학대,6,원하지 않는데 몸을 만지거나 보여달라고 하는 사람 있어?
성학대,6,내가 원하지 않는데도 누가 내 몸을 만지거나 보여달라 한 적이 있나요?
성학대,6,누군가 내가 원하지 않는데 내 몸을 사진 찍거나 동영상을 찍은 적이 있나요?
성학대,6,내가 원하지 않았는데도 누군가가 내 몸을 만지거나 보여달라고 한 적 있어요?
성학대,6,내가 원하지 않는데 누가 내 몸을 만지거나 보여달라고 한 적이 있어요?
성학대,6,내가 원하지 않는데도 누군가가 내 몸을 만지거나 보여달라고 한 적이 있어?
성학대,6,누군가 원하지 않는데 억지로 내 몸을 만지거나 보여달라고 한 적이 있어요?
성학대,6,누가 몸을 억지로 만지거나 보여달라고 한 적 있을까?
성학대,6,내가 원하지 않는데 내 몸을 만지거나 보여달라고 한 적 있어요?
성학대,6,내기 원하지 않았는데도 누군가가 내 몸을 만지거나 보여달라고 한 적이 있을까요?
성학대,6,내가 원하지 않는데도 누가 내 몸을 만지거나 보여달라고 한 적 있어?
성학대,6,너가 원하지 않는데도 누군가 내 몸을 만지거나 보여달라고 한 적 있어?
성학대,6,내가 원하지 않는데도 누군가 내 몸을 만지거나 보여달라고 한 적 있어?
성학대,6,누가 나에게 부끄럽고 창피한 것을 시킨 적이 있나요? 어떤 걸 시켰나요?
성학대,6,"누군가가 나의 몸을 만지려고 하거나, 억지로 보려고 한 적이 있나요?"
성학대,6,또 누가 부끄럽고 창피한 것을 시킨 적이 있어?
성학대,6,누가 몸을 만지거나 보여달라고 한 적 있나요?
성학대,6,부끄럽고 창피한 걸 시킨 사람이 있어?
성학대,6,내가 원하지 않는데도 누군가 내 몸을 만지거나 보여달라고 한 적 있어요?
성학대,6,누군가가 부끄럽고 창피한 걸 시킨 적이 있나요?
성학대,6,내가 원하지 않는데 누군가가 내 몸을 만지거나 보여달라고 한 적이 있어요?
성학대,6,내가 싫다고 하는데도 누군가가 내 몸을 만지려고 하거나 보여달라고 한 적이 있어?
성학대,6,누군가 원하지 않는데도 몸을 만지거나 보여달라고 한 적 있나요?
성학대,6,누가 몸을 만지거나 보여달라고 한 적 있어?
성학대,6,내가 원하지도 않는데도 누군가 내 몸을 만지거나 보여달라고 한 적이 있나요?
성학대,6,내가 원하지 않는데도 누군가 내 몸을 만지거나 보여달라고 한 적 있나요?
성학대,6,내가 원하지 않는데도 누군가가 내 몸을 만지거나 보여달라고 한 적이 있을까요?
성학대,6,"혹시 내가 원하지 않는데도 누군가 내 몸을 만지거나 보여달라고 한 적이 
있나요?"
성학대,6,원하지 않는데도 누군가 내 몸을 만지거나 보여달라고 한 적이 있어요?
성학대,6,내가 원하지 않는데도 누군가 내 몸을 만지거나 보여 달라고 한 적 있어?
성학대,6,내가 원하지 않았는데도 누군가나 내 몸을 만지거나 보여달라고 한 적이 있나요?
성학대,6,원하지 않는데도 누군가가 몸을 만지거나 보여달라고 한 적 있었을까?
성학대,6,누군가가 몸을 만지거나 보여달라 한 적 있었어요?
성학대,6,"내가 원하지 않는데도 누군가가 내 몸을 만지거나 보여달라고 한 적이 
있어요?"
성학대,6,싫다고 했는데도 몸을 만지거나 보여달라고 강요당한 적 있어?
성학대,6,내가 원하지도 않는데도 누군가 내 몸을 만지거나 보여달라고 한 적 있나요?
성학대,6,싫다고 말했는데도 누가 몸을 만지거나 보여달라고 한 적 있어?
성학대,6,내가 원하지 않는데 누가 내 몸을 만지거나 보여달라고 한 적 있어요?
성학대,6,누군가가 나의 몸을 만지려고 하거나 억지로 보려고 한 적 있어요?
성학대,6,내가 원하지 않았는데도 누군가가 몸을 만지거나 보여달라고 한 적이 있어?
성학대,6,내가 원하지 않는 데도 누군가가 내 몸을 만지거나 보여달라고 한 적 있어요?
성학대,6,어디를 만지거나 보여달라고 했어?
성학대,6,원하지 않는데 몸을 만지려 하거나 보여달라고 하는 사람 있어?
성학대,6,내가 원하지 않는데도 누군가 내 몸을 만지거나 보여달라고 한 적이 있어?
성학대,6,내가 싫은데도 누군가 내 몸을 만지거나 보여달라고 한 적이 있니?
성학대,6,누가 억지로 몸을 만지려 하거나 보여달라고 한 적 있어?
성학대,6,주변 어른들 중 원하지 않는데 누가 몸을 만지거나 보여달라고 한 적 있어?
성학대,6,나에게 부끄럽고 창피한 것을 시킨 적도 있나요?
성학대,6,원하지 않았는데도 누군가가 내 몸을 만지거나 보여달라고 한 적이 있나요?
성학대,6,누가 나를 부끄럽고 창피한 것을 시킨 적이 있어?
성학대,6,너 허락 없이 누군가가 내 몸을 만지거나 보여달라고 한 적 있어?
성학대,6,그러면 그렇게 해달라고 한 사람이 있나요?
성학대,6,내가 원하지 않는데도 누군가 내 몸을 만지거나 보여달라고 한 적이 있어요?
성학대,6,누군가가 나의 몸을 만지려고 하거나 억지로 보려고 한 적 있어?
성학대,6,내가 원하지 않는데도 누군가가 내 몸을 만지거나 보여달라고 한 적 있었어요?
성학대,6,내가 원치 않는데도 누군가가 내 몸을 만지거나 보여달라고 한 적 있어요?
성학대,6,내가 원하지 않는 데도 누군가가 내 몸을 만지거나 보여달라고 한 적이 있어요?
성학대,6,누가 나에게 부끄럽고 창피한 것을 시킨 적이 있나요? 어떤 걸 시켰어요?
성학대,6,원하지 않는데 누가 몸을 만지거나 보여달라고 부탁한 적 있어?
성학대,6,아저씨가 내 몸을 만지거나 옷을 벗겼어?
성학대,6,내가 원하지 않았는데도 누군가가 내 몸을 만지거나 보여달라고 한 적이 있어요?
성학대,6,내가 싫다고 했는데도 누군가가 내 몸을 만지려고 하거나 보여달라고 한 적이 있어요?
성학대,6,원하지 않는데 누가 몸을 만지려 하거나 보여달라고 한 적 있어?
성학대,6,"내가 원하지 않는데도 누군가가 내 몸을 만지거나, 보여달라고 한 적 있어요?"
성학대,6,누가 나에게 부끄럽고 창피한 것을 시킨 적 있나요? 어떤 걸 시켰나요?
성학대,6,내가 원하지 않는데도 누군가가 내 몸을 만지거나 보여 달라고 한 적 있어요?
성학대,6,내가 원하지 않는데도 누군가가 내 몸을 만지거나 보여달라고 한 적이 있나요? 그랬다면 누가 그랬나요? 나보다 몇 살이나 더 많아 보였어요?
성학대,6,누가 나를 만지려고 하거나 가까이 다가온 적이 있어?
성학대,6,내가 원하지 않는데도 누군가나 내 몸을 만지거나 보여달라고 한 적이 있나요?
성학대,6,너를 만지거나 어디를 보여달라거나 한 건가요?
성학대,6,누가 나에게 부끄럽고 창피한 것을 시킨 적 있어?
성학대,6,너 허락 없이 누군가가 너 몸을 만지거나 보여달라고 한 적이 있어?
성학대,6,누군가 원치 않는데 나의 소중한 부위를 만지거나 보여달라고 한 적 있어요?
성학대,6,누군가 억지로 내 몸을 만지거나 보여달라고 한 적 있어요?
성학대,6,그 사람을 실제로 만난 적이 있어?
성학대,6,하지 말라고 했는데도 누가 몸을 만지거나 보여달라고 한 적 있어?
성학대,6,내가 원하지 않는데 내 몸을 만지거나 보여달라고 한 적 있어?
성학대,6,그 외에 누가 나에게 부끄럽고 창피한 짓을 시킨 적 있어요?
성학대,6,내가 원치 않는데 누군가가 내 몸을 만지거나 보여달라고 한 적이 있어?
성학대,6,거절했는데 누가 몸을 만지거나 보여달라고 한 적 있어?
성학대,6,그 외에 누가 나에게 부끄럽고 창피한 짓을 시킨 적 있어?
성학대,6,몸을 만진 것 외에 다른 짓도 했어?
성학대,6,내가 원하지도 않는데도 누군가 내 몸을 만진 적이 있나요?
성학대,6,"하지 말라고 분명히 말했는데도 몸을 만지거나, 보여달라고 하는 사람이 있어?"
성학대,6,내가 원하지 않는데 내 몸을 만지거나 보여달라고 한 적 있을까요?
성학대,6,누가 나에게 부끄럽고 창피한 것을 시킨 적이 있나요?
성학대,6,내가 원하지 않는데 누군가가 내 몸을 만지거나 보여 달라 한 적 있어?
성학대,6,내가 원하지 않는데도 누군가가 몸을 만지거나 보여달라고 한 적 있어요?
성학대,6,원하지 않는데도 누군가가 내 몸을 만지거나 보여달라고 한 적 있어요?
성학대,6,너 허락 없이 누군가가 너 몸을 만지거나 보여달라고 한 적 있어?
성학대,6,누가 원하지 않는데도 내 몸을 만지거나 보여달라고 한 적 있어요?
성학대,6,"조금 예민한 질문인데, 친구가 원하지 않는데도 누군가 친구 몸을 만지거나 보여달라고 한 적 있었어?"
성학대,6,친구가 원하지 않는데도 누가 몸을 만지거나 보여달라고 한 적 있어요?
성학대,6,우리 친구가 원하지 않는데도 누군가가 친구 몸을 만지거나 보여달라고 한 적 있었을까?
성학대,6,친구가 원하지 않는데도 누군가가 친구 몸을 만지거나 보여달라 한 적 있어?
성학대,6,친구가 원하지 않는데도 누군가가 친구 몸을 만지거나 보여달라고 한 적 있어?
성학대,6,어떤 사람이 친구가 싫다고 이야기했는데도 친구의 몸을 만지거나 보여주라고 한 적 있었어요?
성학대,6,원하지 않는데도 누군가가 친구의 몸을 만지거나 보여달라고 한 적 있어요?
성학대,6,친구한테 어떻게 했나요?
성학대,6,누가 친구에게 부끄럽고 창피한 일을 시킨 적이 있나요?
성학대,6,우리 친구가 원하지 않는데도 누군가가 친구 몸을 만지거나 보여달라고 한 적 있었어?
성학대,6,친구가 원하지 않는데도 누군가가 몸을 만지거나 보여달라고 한 적이 있어?
성학대,6,혹시 그 뒤로 그 아저씨나 다른 사람이 친구를 따라다닌 적은 있어?
성학대,6,친구가 원하지 않는데도 누군가 친구 몸을 만지거나 보여달라고 한 적 있어?
성학대,6,친구가 원하지 않는데도 누가 몸을 만지거나 보여달라고 한 적 있어?
성학대,6,친구가 원하지 않는데도 누군가 친구 몸을 만지거나 보여달라고 한 적 있어요?
성학대,6,친구가 원하지 않는데도 누군가가 친구 몸을 만지거나 보여달라 한 적 있어요?
성학대,6,누가 친구에게 부끄럽고 창피한 걸 시킨 적 있어요?
성학대,6,친구가 원하지 않는데도 누군가가 친구 몸을 만지거나 보여달라고 한 적이 있었어요?
성학대,6,혹시 친구가 원하지 않는데도 누군가가 친구 몸을 만지거나 보여달라고 한 적이 있을까요?
성학대,6,또 다른 친구들한테도 그랬나요?
성학대,6,혹시 친구가 원하지 않는데도 누군가 친구 몸을 만지거나 보여달라고 한 적이 있을까요?
성학대,6,혹시 친구가 원하지 않는데도 누군가가 친구 몸을 만지거나 보여달라고 한 적 있었을까?
성학대,6,친구가 원하지 않는데도 누군가가 몸을 만지거나 보여달라고 한 적 있어?
성학대,6,혹시 친구가 원하지 않는데도 누군가가 친구 몸을 만지거나 보여달라고 한 적 있어요?
성학대,6,친구가 원하지 않는데도 누가 친구 몸을 만지거나 보여달라고 한 적 있어요?
성학대,6,친구가 원치 않는데도 누가 몸을 만지거나 보여달라고 요구한 적이 있었나요?
성학대,6,혹시 친구가 원하지 않는데도 누군가가 친구 몸을 만지거나 보여달라고 한 적이 있어요?
성학대,6,친구한테 누가 몸을 만지거나 보여달라고 한 적 있어요?
성학대,6,우리 친구가 원하지 않는데도 누군가가 친구 몸을 만지거나 보여달라고 한 적 있었을까요?
성학대,6,누가 친구의 몸을 만지거나 친구 몸을 보여달라고 한 적 있어요?
성학대,6,우리 친구가 원하지 않는데도 누군가 친구 몸을 만지거나 보여달라고 한 적이 있어?
성학대,6,누가 친구에게 부끄럽고 창피한 걸 시킨 적 있어?
성학대,6,조금 예민한 질문인데 친구가 원하지 않는데도 누군가가 친구 몸을 만지거나 보여달라고 한적 있었어?
성학대,6,우리 친구가 원하지 않는데도 누군가가 친구 몸을 만지거나 보여달라고 한 적 있을까?
성학대,6,또 친구에게 어떻게 했나요?
성학대,6,과외 선생님이 친구에게 나쁜 짓을 하는 일이 자주 있나요?
성학대,6,친구가 원하지 않는데도 누군가가 몸을 만지거나 보여달라고 한 적 있니?
성학대,6,"조금 예민한 질문인데, 친구가 원하지 않는데도 누군가가 친구 몸을 만지거나 보여달라고 한 적 있었어?"
성학대,6,친구는 어떤 욕을 보내는 거야?
성학대,6,친구가 원하지 않는데도 누가 친구의 몸을 만지거나 보여달라고 한 적 있어?
성학대,6,내가 원하지 않는데도 누군가가 친구 몸을 만지거나 보여달라고 한 적 있을까요?
성학대,6,내가 원하지 않는데도 누군가가 친구 몸을 만지거나 보여달라고 한 적 있었을까요?
성학대,6,친구가 원치 않는데도 누군가 내 몸을 만지거나 보여달라고 한 적이 있어요?
성학대,6,혹시 친구가 원하지 않는데도 누군가가 친구 몸을 만지거나 보여달라고 한 적 있을까요?
성학대,6,친구의 어디를 만졌어요?
성학대,6,조금 예민한 질문인데 친구가 원하지 않는데도 누군가가 친구 몸을 만지거나 보여달라고 한 적 있었어?
성학대,6,그리고 또 친구한테 시킨 게 있어요?
성학대,6,친구에게 어떻게 했나요?
성학대,6,친구에게 부끄럽고 창피한 것을 시킨 적이 있나요?
성학대,6,그리고 또 친구한테 어떻게 했나요?
성학대,6,친구가 원하지 않는데도 누군가가 몸을 만지거나 보여달라고 한 적이 있어요?
성학대,6,친구가 원하지 않는데도 누가 친구의 몸을 만지거나 보여달라고 한 적 있어요?
성학대,6,혹시 그 아저씨가 친구의 소중한 부위를 성적으로 아프게 하기도 했나요?
성학대,6,실제로 남자친구를 만난 적 있어요?
성학대,6,우리 친구가 원하지 않는데도 누군가 친구 몸을 만지거나 보여달라고 한 적 있어?
성학대,6,조금 예민한 질문인데 친구가 원하지 않는데도 누군가 친구 몸을 만지거나 보여달라고 한 적 있었어?
성학대,6,친구의 몸을 사진이나 동영상을 찍기 싫은데 찍은 사람이 있어?
성학대,6,친구가 원하지 않는데 누가 몸을 만지거나 보여달라고 한 적 있어?
성학대,6,원하지 않는데도 누군가가 친구 몸을 만지거나 보여달라고 한 적 있었을까?
성학대,6,그 사람이 친구에게 어떻게 했나요?
성학대,6,"친구가 걱정이 되거나 힘든 게 있으면 선생님이 도와주고 싶은데, 친구가 이야기해 주면 선생님한테 도움이 많이 될 거 같아요. 이야기해 줄 수 있어요?"
성학대,6,혹시 친구가 원하지 않는데도 누군가 친구 몸을 만지거나 보여달라고 한 적이 있나요?
성학대,6,선생님은 친구가 직접 알려주지 않으면 알 수 없거든 말해주고 싶은 만큼만 알려줄 수 있어?
성학대,6,아까 할아버지 친구가 친구 몸을 만진 적이 있다고 했지?
성학대,6,혹시 어떤 사람이 친구의 몸을 잠시 봐도 되냐고 물었던 적 있어요?
성학대,6,친구가 원하지 않는데도 누군가가 내 몸을 만지거나 보여달라고 한 적 있어요?
성학대,6,친구가 원하지 않는데도 누가 내 몸을 만지거나 보여달라고 한 적 있어요?
성학대,6,"그럼 혹시, 누군가가 친구 몸을 보여달라거나 만지거나 그런 적 있었어요?"
성학대,6,"누군가가 친구의 몸을 만지려 하거나, 억지로 보여달라 한 적 있었어요?"
성학대,6,"아까 말했던 그 아저씨가 친구한테 엄마한테 한 행동을 하거나, 친구의 몸을 만지지는 않았어요?"
성학대,6,친구가 싫은데도 누군가가 내 몸을 만지거나 보여달라고 한 적이 있나요?
성학대,6,친구 몸을 억지로 만지려 하거나 보여달라고 한 사람 있었어?
성학대,6,친구가 원하지 않는데도 누군가가 몸을 만지거나 보여달라고 한 적 있어요?
성학대,6,누군가 친구 몸을 만지거나 보여달라고 한 적 있어?
성학대,6,누가 친구에게 보여달라 했어?
성학대,6,친구를 실제로 뒤따라오는 사람은 있었어?
성학대,6,조금 예민한 질문인데 친구가 원하지 않는데도 누군가가 친구 몸을 만지거나 보여달라고 한 적 있었어요?
성학대,6,친구의 몸을 사진이나 동영상을 찍기 싫은데 찍은 사람 있어?
성학대,6,친구가 원하지 않는데도 누군가가 친구 몸을 만지거나 보여달라고 한 적 있어요?
성학대,6,혹시 친구가 원하지 않는데도 누군가가 친구 몸을 만지거나 보여달라고 한 적이 있었어요?
성학대,6,친구가 원하지 않는데도 누군가가 친구 몸을 만지거나 보여달라고 한 적 있었어?
성학대,6,친구한테 어떻게 했어요?
성학대,6,친구가 원하지 않는데도 누군가가 친구 몸을 만지거나 보여달라고 한 적 있었어요?
성학대,6,영어 선생님이 친구 몸을 어떻게 강제로 만졌어요?
성학대,6,친구 어디를 어떻게 만졌어요?
성학대,6,친구가 원하지 않는데도 친구 몸을 만지거나 보여달라고 한 사람 있었어?
성학대,6,누가 친구한테 부끄럽고 창피한 것을 시킨 적 있어? 어떤 거 시켰어?
성학대,6,새아빠가 친구의 몸을 어떻게 만졌는지 말해줄 수 있어요?
성학대,6,"예민한 질문인데, 친구가 원하지 않는데도 누군가 친구 몸을 만지거나 보여달라고 한 적 있었어?"
성학대,6,우리 친구가 원하지 않는데도 누군가가 친구 몸을 만지거나 보여달라고 한 적 있나요?
성학대,6,아저씨가 친구한테 어떻게 했는지 말해줄 수 있어?
성학대,6,"친구를 도와주기 위해선, 친구의 이야기가 꼭 필요해. 이야기해 줄 수 있을까?"
성학대,6,어떤 사람이 친구가 싫다고 이야기했는데도 친구의 몸을 만지거나 보여주라고 한 적이 있었어요?
성학대,6,혹시 친구가 원하지 않는데도 누군가가 내 몸을 만지거나 보여달라고 한 적 있었어요?
성학대,6,혹시 친구가 원하지 않는데도 누군가가 내 몸을 만지거나 보여달라고 한 적 있어요?
성학대,6,"혹시 친구가 원하지 않는데도 누군가가 친구 몸을 만지거나, 보여달라고 한 적 있어요?"
성학대,6,친구한테 부끄럽고 창피한 것을 시킨 적이 있어요?
성학대,6,"그러면, 누군가가 우리 친구 몸을 만지거나 보여달라고 한 적 있었어요?"
성학대,6,친구는 원하지 않는데 누가 몸을 만지거나 보여달라고 한 적 있어?
성학대,6,우리 친구가 원하지 않는데도 누군가가 친구 몸을 만지거나 보여달라고 한 적 있었나요?
성학대,6,혹시 친구가 원하지 않는데도 누군가가 친구의 몸을 만지거나 보여달라고 한 적이 있나요?
성학대,6,"친구의 몸을 사진 찍어서 보여달라고 했을 때, 친구는 어떻게 했어?"
성학대,6,친구가 말 못 할 고민이 있으면 선생님이 들어주고 싶은데 얘기해줄 수 있어요?
성학대,6,친구가 원치 않는데도 누군가 친구의 몸을 만지거나 보여달라고 한 적이 있어?
성학대,6,친구에게 부끄럽거나 창피한 것을 시킨 사람이 있나요?
성학대,6,내가 싫다고 이야기했는데도 어떤사람이 친구의 몸을 만지거나 보여주라고 한 적 있었어요?
성학대,6,친구가 싫은데도 누군가가 내 몸을 만지거나 보여달라고 한 적이 있을까요?
성학대,6,혹시 친구가 원하지 않는데도 누군가가 내 몸을 만지거나 보여달라고 한 적이 있을까요?
성학대,6,우리 친구가 원하지 않는데도 어떤 사람이 친구 몸을 만지거나 보여달라고 한 적 있었을까?
성학대,6,누가 친구에게 부끄럽고 창피한 것을 시킨 적이 있어?
성학대,6,혹시 친구가 원하지 않는데도 누군가 친구 몸을 만지거나 보여달라고 한 적 있을까요?
성학대,6,그 아저씨가 친구에게 어떻게 했어요?
성학대,6,"그럼, 친구는 직접 그 사람을 만난 적은 혹시 있을까?"
성학대,6,누가 친구에게 부끄럽고 창피한 것을 시킨 적 있어?
성학대,6,그 아저씨가 친구의 몸을 어떻게 만졌는지 말해줄 수 있어요?
성학대,6,언제 누가 친구에게 그런 짓을 했어?
성학대,6,친구에게 도움을 주고 싶어서 그래. 자세히 이야기해 줄 수 있을까?
성학대,6,"그러면, 혹시 친구가 원하지 않는데도 누군가 친구 몸을 만지거나 보여달라고 한 적이 있을까요?"
성학대,6,친구가 싫은데도 누군가 내 몸을 만지거나 보여주라고 한 적이 있었어요?
성학대,6,누군가가 나의 몸을 만지려고 하거나 억지로 보려고 한 적 있어? 아니면 친구의 소중한 부위를 아프게 한 적이 있어?
성학대,6,친구는 원하지 않는데 몸을 만지려 하거나 보여달라고 하는 사람 있어?
성학대,6,누가 친구에게 부끄럽고 창피한 것을 시킨 적이 있나요?
성학대,6,그 사람이 친구의 신체 어느 부위를 만졌나요?
성학대,6,친구가 원하지 않는데도 누군가가 친구 몸을 만지거나 보여달라고 한 적이 있나요?
성학대,6,우리 친구가 싫다고 했는데도 누군가가 친구 몸을 만지거나 보여달라고 한 적 있어요?
성학대,6,오빠가 만나서 친구의 몸을 만지거나 보여달라고 했나요?
신체학대,-1,누가 그랬어?
신체학대,-1,그렇게 한 게 이번이 처음이야?
신체학대,-1,최근에도 그랬어?
신체학대,-1,한 달에 몇 번 정도 그러는 것 같아?
신체학대,-1,일주일에 몇 번 정도 그런 일이 있어?
신체학대,-1,아까부터 다리를 심하게 떠네요. 불편한 곳이 있나요?
신체학대,-1,친구가 해놓은 것들이라는 게 공부를 말하는 거야?
신체학대,-1,한 달에 몇 번 정도 그러시나요?
신체학대,-1,아까부터 손을 많이 만지고 있네요. 불편한 곳이 있나요?
신체학대,-1,누가 그렇게 하나요?
신체학대,-1,방에는 몇 시간 정도 들어가 있어요?
신체학대,-1,그렇게 한 게 이번이 처음이에요?
신체학대,-1,최근에도 그랬어요?
신체학대,-1,힘들었던 기억이라 다시 생각하고 말하기가 좀 힘들죠? 천천히 해도 괜찮아요.
신체학대,-1,한 달에 몇 번 정도 되는 것 같아?
신체학대,-1,일주일에 한 번 정도 되는 것 같아?
신체학대,-1,누가 그랬어요?
신체학대,-1,일주일에 몇 번 정도 그러는 것 같나요?
신체학대,-1,어떤 규칙이요?
신체학대,-1,그런 일이 그 이후에도 일어난 적이 있나요?
신체학대,-1,새아빠가 어떻게 했어?
신체학대,-1,한 달에 몇 번 그러시나요?
신체학대,-1,아저씨가 어떻게 했는지 말해줄 수 있어?
신체학대,-1,그렇게 말할 때 나쁜 욕 같은 것도 하셔?
신체학대,-1,지금까지 몇 번이나 그랬어?
신체학대,-1,그래서 못 참고 신고했었군요.
신체학대,-1,말로 타이르시는 건가요?
신체학대,-1,경찰이 왔다 간 뒤에 아빠의 행동은 달라졌어?
신체학대,-1,그게 한 달에 몇 번 정도 돼요?
신체학대,-1,아저씨가 어떻게 했어?
신체학대,-1,어떤 상황이었는지 말해줄래요?
신체학대,-1,이 외에도 또 있나요?
신체학대,-1,생각하는 의자는 무엇인가요?
신체학대,-1,한 달에 몇 번 정도 그런 일이 있었어요?
신체학대,-1,어떤 일이 있었는지 이야기해 줄 수 있어요?
신체학대,-1,혼나는 일이 없나요?
신체학대,-1,어떤 이유에서 말 안 하고 싶을까요?
신체학대,-1,목을 어떤 걸로 졸랐어요?
신체학대,-1,경찰이 왔다 간 뒤에도 비슷한 일이 있었어?
신체학대,-1,"선생님이 친구가 힘들어하는 걸 도와주고 싶어서 물어보는 건데, 친구가 얘기해주면 도움이 많이 될 거 같아요. 얘기해줄 수 있어요?"
신체학대,-1,그런 일이 한 달에 몇 번 정도일까요?
신체학대,-1,최근에도 그랬나요?
신체학대,-1,일주일에 몇 번 정도 그래요?
신체학대,-1,그다음은 어떤 일이 있었나요?
신체학대,-1,누가 그랬나요?
신체학대,-1,어떤 일이었는지 이야기 해줄 수 있나요?
신체학대,-1,"친구가 힘든 일이 있으면 선생님이 그 일을 들어주고 싶은데, 이야기해 줄 수 있어요?"
신체학대,-1,형은 주로 어떤 말을 많이 하나요?
신체학대,-1,숙제나 내가 해야 할 것을 다 해도 때리나요?
신체학대,-1,어떤 상황에서 그런 일이 생겨요?
신체학대,-1,아저씨가 그런 게 그때가 처음이야?
신체학대,-1,두 달 사이에 아저씨가 또 그랬어?
신체학대,-1,한 달에 몇 번 맞나요?
신체학대,-1,친구 말을 비밀로 해줄게. 친구를 도와주기 위해서 친구 이야기가 필요해.
신체학대,-1,일주일에 얼마나 그래?
신체학대,-1,일주일에 몇 번씩 그러는 것 같아요?
신체학대,-1,팔이 얼마나 아파요?
신체학대,-1,일주일에 몇 번 정도 그런 일이 있었어요?
신체학대,-1,전에 있던 곳은 어땠나요?
신체학대,-1,이제 그 검도는 안 다녀?
신체학대,-1,어떤 일이 있었는지 이야기해 줄 수 있어요?
신체학대,-1,이전에도 그랬어?
신체학대,-1,허벅지만 때리나요?
신체학대,-1,오빠랑은 몇 살 차이 나요?
신체학대,-1,그렇게 손 들고 벌설 때 친구는 기분이 어때요?
신체학대,-1,자세히 설명이 가능할까요?
신체학대,-1,깨우지도 않고 나한테 부었나요?
신체학대,-1,이후 어떻게 됐나요?
신체학대,-1,흉터가 남는다고 했나요?
신체학대,-1,욕도 하셔?
신체학대,-1,그럴 때 친구 기분은 어때요?
신체학대,-1,"그렇게 맞을 때, 친구의 기분은 어때요?"
신체학대,-1,어떤 걸 잘못하면 손 들고 서 있을까요?
신체학대,-1,손들고 있는 시간은 몇 분이나 돼요?
신체학대,-1,때리지는 않으시나요?
신체학대,0,주위 어른들 중 친구를 때린 사람이 있었어?
신체학대,0,주위 어른이나 가족들 중에 친구를 때린 적이 있는 사람이 있어요?
신체학대,0,주위 어른이나 가족들 중 우리 친구를 때렸던 사람이 있어?
신체학대,0,주위 어른들 중 우리 친구를 때린 적이 있는 사람이 있을까?
신체학대,0,주변 어른들중에 친구를 때리는 사람이 있어?
신체학대,0,주위 어른이나 가족들이 친구를 때린 적 있어?
신체학대,0,주위 어른이나 가족들 중 친구를 때렸던 사람이 있어?
신체학대,0,주위 어른들이나 가족들이 친구를 때렸던 사람이 있었어요?
신체학대,0,주위 어른 중에서 친구를 때린 적 있는 사람이 있어요?
신체학대,0,주위 어른이나 가족들 중 친구를 때렸던 사람이 있었어요?
신체학대,0,주위 어른들 중 우리 친구를 때렸던 사람이 있어?
신체학대,0,주위 어른이나 가족들이 친구를 때렸던 적이 있어?
신체학대,0,주위 어른들 중에 친구를 때린 적이 있는 사람이 있을까?
신체학대,0,주위 어른들 중 친구를 때린 적이 있는 사람이 있어요?
신체학대,0,주위 어른이나 가족 중 친구를 때렸던 사람이 있나요?
신체학대,0,주위 어른이나 가족 중 친구를 때렸던 사람이 있어?
신체학대,0,주위 어른이나 가족들이 친구를 때린 적 있어요?
신체학대,0,주위 어른들 중 우리 친구를 때린 적이 있는 사람이 있어?
신체학대,0,주위 어른들 중에 친구를 때린 적이 있는 사람이 있어?
신체학대,0,주위 어른이나 가족들 중 우리 친구를 때린 적 있는 사람이 있어?
신체학대,0,주위 어른이나 가족들 중에서 친구를 때렸던 사람이 있었어요?
신체학대,0,주위 어른들 중 친구를 때린 적이 있는 사람이 있을까요?
신체학대,0,주위 어른이나 가족들 중 친구를 때렸던 사람이 있었어?
신체학대,0,주위 어른들 중 친구를 때린 어른이 있나요?
신체학대,0,주위 어른이나 가족들 중에 친구를 때린 적이 있는 사람이 있어?
신체학대,0,주위 어른이나 가족들 중에 친구를 때렸던 사람이 있어?
신체학대,0,주위 어른들 중 친구를 때린 사람이 있나요?
신체학대,0,주위 어른이나 가족 중에 친구를 때린 사람 있어요?
신체학대,0,주위 어른들 중 친구를 때린 적이 있는 사람이 있나요?
신체학대,0,주위 어른이나 가족들 중 우리 친구를 때렸던 사람이 있어요?
신체학대,0,부모님이 친구를 얼마나 어떻게 때리나요?
신체학대,0,주위 어른이나 가족 중 친구를 때렸던 사람이 있었어요?
신체학대,0,주위 어른들 중에 우리 친구를 때린 사람이 있어?
신체학대,0,주위 어른들이나 가족들 중 우리 친구를 때렸던 사람이 있어?
신체학대,0,주변 어른들 중에 친구를 때리는 사람이 있어?
신체학대,0,주위 어른 중에 친구를 때린 적 있는 사람 있어?
신체학대,0,주변 어른들중에 친구를 때리는 사람이 있을까?
신체학대,0,주위 어른이나 가족들 중 친구를 때렸던 사람 있었니?
신체학대,0,주변 어른들중에 친구를 때리는 어른이 있어?
신체학대,0,주위 어른들 중 친구를 때린 사람이 있을까?
신체학대,0,최근에 주위 어른들 중 친구를 때린 사람 있나요?
신체학대,0,주위 어른들 중에 친구를 때린 적이 있는 사람이 있어요?
신체학대,0,주위 어른이나 가족들이 친구를 때렸던 적이 있어요?
신체학대,0,"주위 어른이나 가족들 중, 우리 친구를 때린 적이 있는 사람이 있어?"
신체학대,0,주위 어른들 중 친구를 때렸던 사람이 있어?
신체학대,0,주위 어른들 중에 우리 친구를 때린 적이 있어?
신체학대,0,친구들이랑 싸워서 많이 혼났나요?
신체학대,0,주위 어른이나 가족 중 우리 친구를 때렸던 사람이 있어요?
신체학대,0,"그러면, 어른들이 친구를 때린 적이 있었어요?"
신체학대,0,주위 어른이나 가족들 중에 친구를 때린 사람이 있었나요?
신체학대,0,주위 어른 중에 친구를 때린 적이 있는 사람이 있을까?
신체학대,0,최근에 주위 어른들 중 친구를 때린 사람이 있나요?
신체학대,0,주위 어른들이 친구 때린 적 있어?
신체학대,0,주위 어른이나 가족들 중에 친구를 때렸던 사람이 있어요?
신체학대,0,주위 어른들 중 친구를 때린 사람이 있을까요?
신체학대,0,주위 어른이나 가족들 중 친구를 때렸던 사람이 있었나요?
신체학대,0,"그러면 우리 친구, 어른들이 때린 적이 있어요?"
신체학대,0,주변 어른이나 가족들 중에 친구를 때렸던 사람이 있어?
신체학대,0,주변 어른들중에 친구를 때려서 다치게 한 사람이 있어?
신체학대,0,주위 어른들 중에 친구를 때렸던 사람 있어?
신체학대,0,주위 어른이나 가족들 중 친구를 때렸던 사람 있었어요?
신체학대,0,주위 어른들 중에 친구를 때린 적 있는 사람이 있어?
신체학대,0,주위 어른들 중 친구를 때린 사람이 있었나요?
신체학대,0,주위 어른이나 가족 중 친구를 때렸던 사람이 있었어?
신체학대,0,칼로 친구를 긋는 일은 자주 일어나는 일인가요?
신체학대,0,"위에서 말한 것 외에, 또 선생님이 친구를 때린 적이 있나요?"
신체학대,0,주위 어른 중에 친구를 때리는 사람은 있어?
신체학대,0,최근에 보모 선생님이 우리 친구를 때리신 적이 있어?
신체학대,0,주위 어른들 중에 친구를 때린 적 있는 사람이 있어요?
신체학대,0,주변 어른들 중에 친구를 때리는 사람이 있을까?
신체학대,0,주위 어른들 중 친구를 때린 사람이 있어요?
신체학대,0,주위 어른들 중 친구를 때린 적이 있는 사람이 있어?
신체학대,0,주위 어른이나 가족들 중 우리 친구를 때렸던 사람이 있나요?
신체학대,0,주위 어른들 중 친구를 때린 적이 있는 사람 있나요?
신체학대,0,주위 어른들 중에 친구를 때린 적이 있는 사람이 있나요?
신체학대,0,"그럼, 우리 친구, 어른들이 때린 적 있었어요?"
신체학대,0,혼나면서 친구를 때리신 적도 있어요?
신체학대,0,주위 어른이나 부모님이 친구를 때렸던 적이 있어요?
신체학대,0,주위 어른이나 가족들 중 친구를 때린 적이 있는 사람이 있어요?
신체학대,0,주위 어른들 중에 친구를 때린 적이 있는 사람이 있을까요?
신체학대,0,주위 어른들 중에 친구를 때린 적이 있는 사람 있어요?
신체학대,0,주위에 친구를 때린 어른 있어?
신체학대,0,어른들 중에 친구를 때리는 사람이 있어? 있다면 누구야?
신체학대,0,주위 어른들 중에 친구를 때린 적 있는 사람이 있을까?
신체학대,0,주위 어른들 중에 친구를 때린 적 있는 사람 있어?
신체학대,0,주위 어른들 중 아버지 말고도 친구를 때린 사람이 있었어?
신체학대,0,주위 어른들 중에 우리 친구를 때린 적 있어?
신체학대,0,최근에 친구를 때리신 적이 있어?
신체학대,0,주위 어른이나 가족들 중에 친구를 때렸던 사람이 있었어요?
신체학대,0,주위 어른들이 친구를 때린 사람이 있었나요?
신체학대,0,친구가 잘못했을 때 어른들이 어떻게 혼을 내셨나요?
신체학대,0,"그럼, 주위 어른들 중에서 친구를 때린 사람이 있나요?"
신체학대,0,주위에 어른들이나 가족들 중에서 친구를 때렸던 사람이 있어요?
신체학대,0,주변 어른이나 아버지 중 우리 친구를 때렸던 사람이 있어요?
신체학대,0,주위 어른이나 선생님 중 친구를 때렸던 사람이 있었어요?
신체학대,0,주위 어른 중에 친구를 때린 사람 있었어?
신체학대,0,어른들한테 맞은 적 있어?
신체학대,0,주변 어른들한테 맞은 적 있어?
신체학대,0,주위 어른들 중 나를 때린 적이 있는 사람이 있나요?
신체학대,0,주위 어른들 중에 몸을 아프게 하거나 때린 사람이 있어?
신체학대,0,주위 어른들 중에서 나를 때린 적이 있는 사람이 있나요?
신체학대,0,주위 어른들 중 나를 때린 적이 있는 사람이 있어?
신체학대,0,주위 어른들 중 나를 때린 적이 있는 사람이 있니?
신체학대,0,주위 어른들 중 나를 때린 적 있는 사람이 있어?
신체학대,0,주위 어른들 중 나를 때린 적 있는 사람이 있어요?
신체학대,0,주위 어른이 나를 때렸던 사람이 있나요?
신체학대,0,주위 어른들 중 나를 때린 적 있는 사람 있어?
신체학대,0,주변 어른들한테 맞은 경험이 있어?
신체학대,0,주위 어른 중 나를 때린 적이 있는 사람이 있나요?
신체학대,0,주위 어른들 중 나를 때린 적이 있는 사람이  있니?
신체학대,0,최근에 나를 때린 어른은 누구인가요?
신체학대,0,주위 어른들 중 때린 사람이 있어?
신체학대,0,주위 어른들 중에 나를 때린 적이 있는 사람이 있어?
신체학대,0,주위 어른 중 나를 때린 적이 있는 사람이 있어요?
신체학대,0,주위 어른들 중에 몸을 아프게 한 사람이 있어?
신체학대,0,주위 어른들 중 나를 때린 적이 있는 사람이 있어요?
신체학대,0,주변 어른 중에 나를 때린 적이 있는 사람이 있어?
신체학대,0,주위 어른들 중에 나를 때린 적 있는 사람 있어요?
신체학대,0,주위 어른들 중에 혹시 나를 때린 적이 있는 사람이 있어요?
신체학대,0,어른들 중에 나를 때린 사람이 있나요?
신체학대,0,부모님이나 선생님 같은 어른들한테 맞은 경험이 있어?
신체학대,0,주위 어른들이 때린 적이 있나요?
신체학대,0,주위 어른 중 나를 때렸던 사람이 있나요?
신체학대,0,주위 어른 중 나를 때렸던 사람이 있었어요?
신체학대,0,주위 어른들 중에 나를 때린 적 있는 사람 있어?
신체학대,0,주위 어른들 중에 나를 때린 적이 있는 사람이 있을까?
신체학대,0,최근에 나를 때린 어른은 누구인가요? 누가 그랬어요?
신체학대,0,주위 어른들 중에 나를 때린 적 있는 사람이 있을까?
신체학대,0,최근에 나를 때렸던 어른은 누구인가요?
신체학대,0,주위 어른들 중에 나를 때린 적이 있는 사람이 있나요?
신체학대,0,어른들한테 맞아본 적 있어?
신체학대,0,주위 어른들 중 나를 때린 적이 있는 사람이 있을까?
신체학대,0,주위 어른들 중 나를 때린 적 있는 사람이 있나요?
신체학대,0,주위 어른들 중 나를 때린 적 있는 사람이 있니?
신체학대,0,주위 어른들 중에 나를 때린 사람이 있어?
신체학대,0,주위 어른들 중 나를 때렸던 사람이 있나요?
신체학대,0,아저씨가 나를 때릴 때 술을 마신 상태였어?
신체학대,0,주변에 어른들한테 맞은 경험이 있어?
신체학대,0,주위 어른들 중 나를 때린 사람이 있니?
신체학대,0,최근에 나를 때린 어른이 누구인가요?
신체학대,0,주위 어른들이 너를 때린 적 있어?
신체학대,0,주위 어른들 중 때린 적이 있는 사람이 있어?
신체학대,0,주위 어른 중에서 나를 때린 적이 있는 사람이 있나요?
신체학대,0,주위 어른들 중에 나를 때린 적이 있는 사람이 있어요?
신체학대,0,주위 어른들 중에 때린 사람이 있어?
신체학대,0,주위 어른들이 나를 때린 적이 있는 사람이 있어?
신체학대,0,주위 어른들 중에 몸을 아프게 하거나 때린 사람은 있어?
신체학대,0,주위 어른 중에 나를 때린 적이 있는 사람이 있나요?
신체학대,0,주위 어른들 중에 때린 사람 있어?
신체학대,0,어른들 중 나를 때린 적이 있는 사람이 있나요?
신체학대,0,최근에 나를 때린 어른이 누구야?
신체학대,0,주변 어른 중에 나를 때린 적 있는 사람이 있어?
신체학대,0,주변 어른들한테 맞아서 다친 적 있어?
신체학대,0,주위 어른들 중 너를 때린 적이 있는 사람이 있어?
신체학대,0,주변 어른들한테 맞아본 경험 있어?
신체학대,0,주위 어른 중 나를 때린 적 있는 사람이 있어?
신체학대,0,어른들이 나를 때리는 이유는 뭐라고 생각해요?
신체학대,0,주위 어른들 중 나를 때린  사람이 혹시 있나요?
신체학대,0,부모님이나 선생님 같은 어른들이 나를 아프게 한 적이 있어?
신체학대,0,어른들한테 맞은 경험이 있어요?
신체학대,0,주변 어른들중에 때리는 사람이 있어?
신체학대,0,주위 어른들 중에 나를 때린 적 있는 사람이 있어요?
신체학대,0,주위 어른들이 나를 때린 적이 있나요?
신체학대,0,어른들 중에 나를 때린 사람이 있었어?
신체학대,0,주위 어른들이나 센터 선생님들 중 나를 때린 적이 있는 사람이 있나요?
신체학대,0,주위 어른 중 나를 때린 사람이 있나요?
신체학대,0,주변 어른들 중에 나를 때린 적이 있는 사람이 있을까요?
신체학대,0,어른들한테 맞은 적이 있어?
신체학대,0,주변 어른들한테 맞아본 적 있을까?
신체학대,0,주위 어른들 중에 나를 때린 적이 있는 사람이 있나요? 있다면 누가 그랬을까?
신체학대,0,주위 어른 중 때린 사람이 있어?
신체학대,0,경찰을 부르거나 다른 어른에게 도움을 요청한 적 있어요?
신체학대,0,주변 어른들한테 맞아본 적 있어?
신체학대,0,주위 어른들 중 나를 때린 사람이 있나요?
신체학대,0,주위 어른이나 가족들 중 나를 때린 사람이 있어요?
신체학대,0,주위 어른이나 가족들 중 나를 때린 적이 있는 사람이 있나요?
신체학대,0,주위 어른이나 가족들 중에 누가 때려서 맞은 적 있어?
신체학대,0,주위 어른이나 가족들 중 나를 때린 적이 있는 사람이 있어요?
신체학대,0,주위 어른이나 가족들 중 나를 때렸던 사람이 있었나요?
신체학대,0,주위 어른이나 가족들 중 나를 때렸던 사람이 있나요?
신체학대,0,주위 어른이나 가족 중 나를 때렸던 사람이 있나요?
신체학대,0,주위 어른이나 가족 중 나를 때린 적이 있는 사람이 있나요?
신체학대,0,주위 어른이나 가족들 중 나를 때렸던 사람이 있었어요?
신체학대,0,주위 어른들이나 가족들 중 나를 때렸던 사람이 있었어요?
신체학대,0,주위 어른이나 가족들 중 나를 때렸던 사람이 있었어요? 누가 그랬어요?
신체학대,0,주위 어른이나 가족들 중 나를 때린 사람이 있어?
신체학대,0,주위 어른이나 가족들 중 나를 때린 적 있는 사람이 있나요?
신체학대,0,주위 어른이나 가족들 중 나를 때린 적이 있는 사람이 있어?
신체학대,0,주변 어른이나 가족들 중에 나를 때린 적 있는 사람이 있어?
신체학대,0,주변 어른이나 가족들 중에 나를 때린 적이 있는 사람이 있을까요?
신체학대,0,주위 사람들 중 나를 때린 적이 있는 사람이 있나요?
신체학대,0,주위 어른이나 엄마가 나를 때린 적이 있나요?
신체학대,0,주변 어른이나 친구 중에 나를 때린 적이 있는 사람이 있나요?
신체학대,0,주변 어른이나 가족들 중에 나를 때린 적이 있는 사람이 있어?
신체학대,0,주변 어른이나 가족 중에 나를 때린 적이 있는 사람이 있어?
신체학대,0,주위 어른이나 가족이 날 때렸던 사람이 있나요?
신체학대,0,주위 어른이나 가족들한테 맞은 적 있어?
신체학대,0,주위 어른이나 가족 중 나를 때렸던 사람이 있었어요?
신체학대,0,주위 어른이나 가족 중 나를 때린 사람이 있나요?
신체학대,0,주위 어른이나 가족이 나를 때렸나요?
신체학대,0,주위 어른이나 가족들 중 나를 떄린 적이 있는 사람이 있어?
신체학대,0,주위 어른이나 가족들 중 나를 때렸던 사람이 있어?
신체학대,0,주위 어른들이나 가족 중에 나를 때린 적이 있는 사람이 있어?
신체학대,0,주위 어른이나 가족이 나를 때렸던 사람이 있나요?
신체학대,0,주위 어른이나 가족들 중에 나를 때린 적 있는 사람이 있어?
신체학대,0,주위 사람 중 나를 때린 적이 있는 사람이 있나요?
신체학대,0,주위 어른들이나 가족들 중 나를 때린 적이 있는 사람이 있나요?
신체학대,0,주위 어른들이나 가족 중에 나를 때렸던 사람이 있어?
신체학대,0,주위 어른이나 가족들 중 나를 때린 사람이 있었어요?
신체학대,0,주위 어른이나 가족 중 나를 때렸던 사람 있었나요?
신체학대,0,주위 어른이나 가족들 중에 누가 때려서 맞은 적 있나요?
신체학대,0,주위 어른이나 가족들 중 나를 때린 사람이 있나요?
신체학대,0,주위 어른이나 가족 중 나를 때렸던 사람이 있었나요?
신체학대,0,주위 어른들이나 가족들 중 나를 때렸던 사람 있었나요?
신체학대,0,주위 어른이나 가족들 중 나를 때린 적 있는 사람이 있어?
신체학대,0,주위 어른들이나 가족들 중 나를 때렸던 사람이 있었어?
신체학대,0,엄마나 다른 사람들이 아빠한테 그만 때리도록 말려준 적 있어?
신체학대,0,주변 어른이나 친구 중에 나를 때린 적이 있는 사람이 있을까요?
신체학대,0,주위 어른들이나 가족들 중에 나를 때린 적이 있는 사람이 있어?
신체학대,0,주위 어른들이나 가족 중에 나를 때렸던 사람이 있어요?
신체학대,0,주위 어른들이나 가족들 중 나를 때렸던 사람이 있었나요?
신체학대,0,주위 어른이나 가족 중에 나를 때린 적이 있는 사람이 있어?
신체학대,0,주위 어른이나 가족들 중 나를 때렸던 사람 있었나요?
신체학대,0,부모님이 혼내실 때 때린 적은 없나요?
신체학대,0,주위 어른이나 가족들 중에 나를 때린 적이 있는 사람이 있나요?
신체학대,0,"주위 어른이나 가족들 중, 나를 때린 적이 있는 사람이 있나요?"
신체학대,0,주위 어른이나 가족들 중 나를 때렸던 사람이 있어요?
신체학대,0,주변 어른이나 가족들 중에 나를 때린 적 있는 사람이 있을까요?
신체학대,0,주위 어른이나 가족들 중 나를 때린 적이 있는 사람이 있을까?
신체학대,0,주위 어른이나 가족들 중 너를 때린 적이 있는 사람이 있어?
신체학대,0,주위 어른이나 가족들 중에 누가 때려서 맞은 적이 있나요?
신체학대,0,주위 어른이나 가족들 중 나를 때렸던 사람이 있었어?
신체학대,0,주위 어른이나 가족 중 나를 때린 사람이 있어요?
신체학대,0,주위 어른이나 가족 중에 누가 때려서 맞은 적 있어?
신체학대,0,주위 어른이나 가족 중 나를 때린 적이 있는 사람이 있어?
신체학대,0,주위 어른들이나 가족 중 나를 때린 적이 있는 사람이 있어?
신체학대,0,주위 어른이나 가족들 중에 나를 때렸던 사람이 있었어요?
신체학대,0,주위 사람 중에서 나를 때린 적이 있는 사람이 있나요?
신체학대,3,엄마가 친구를 때리는 이유가 뭐인 것 같아?
신체학대,3,엄마가 친구를 때리는 이유가 뭐야?
신체학대,3,엄마는 나를 왜 때렸나요? 어떻게 때렸어요?
신체학대,3,엄마가 널 왜 때린 것 같아?
신체학대,3,엄마가 자주 때려?
신체학대,3,엄마가 무엇으로 어디를 때려?
신체학대,3,엄마한테 맞아서 얼마나 다쳤어?
신체학대,3,엄마가 나를 때리는 이유는 뭐라고 생각해요?
신체학대,3,어머니가 친구를 때리시는 이유가 뭐라고 생각해?
신체학대,3,엄마가 어느 부위를 무엇으로 때렸어?
신체학대,3,엄마가 나를 때리시는 이유는 뭐라고 생각해요?
신체학대,3,새엄마가 왜 때린다고 생각해?
신체학대,3,엄마가 때리시는 이유는 뭐라고 생각해?
신체학대,3,엄마에게 어떤 부위를 무엇으로 맞았어?
신체학대,3,엄마 아빠가 나를 때리시는 이유는 뭐라고 생각해요?
신체학대,3,엄마 아빠가 나를 때리는 이유는 뭐라고 생각해요?
신체학대,3,엄마가 왜 나를 때렸다고 생각해요?
신체학대,3,엄마가 나를 때리시는 이유가 뭐라고 생각해?
신체학대,3,평소에 엄마가 자주 때리셔?
신체학대,3,어머니가 나를 때린 적이 있나요?
신체학대,3,엄마가 무엇 때문에 때렸어요?
신체학대,3,엄마에게 맞아서 얼마나 다쳤나요?
신체학대,3,엄마가 때린 이유는 뭐라고 생각해요?
신체학대,3,엄마는 왜 나를 때리는 것 같아?
신체학대,3,엄마가 나를 언제부터 때렸어?
신체학대,3,엄마가 왜 때렸어?
신체학대,3,엄마가 왜 때린 거 같아요?
신체학대,3,엄마가 왜 때렸다고 생각해?
신체학대,3,엄마가 때린 게 이번이 처음이야?
신체학대,3,최근에도 엄마가 때렸어?
신체학대,3,엄마가 친구를 때리는 이유가 뭔가요?
신체학대,3,혹시 엄마가 때리는 경우도 있어요?
신체학대,3,엄마가 나를 때리는 이유가 뭐라고 생각해?
신체학대,3,엄마가 친구를 때리는 이유가 뭐라고 생각해요?
신체학대,3,새엄마가 때리는 이유가 뭐라고 생각해?
신체학대,3,새엄마에게 맞아서 얼마나 다쳤니?
신체학대,3,새엄마는 왜 친구를 때린 건가요?
신체학대,3,엄마에게 맞아서 얼마나 다쳤어요?
신체학대,3,엄마가 날 때리는 이유가 뭐라고 생각해?
신체학대,3,엄마에게 어느 부위를 무엇으로 맞았나요?
신체학대,3,평소 엄마가 자주 때리시나요?
신체학대,3,엄마가 친구를 때린 이유가 뭐 때문인 것 같아?
신체학대,3,평소에도 엄마가 자주 때리셔?
신체학대,3,혹시 엄마가 때리시나요?
신체학대,3,엄마가 자주 때리나요?
신체학대,3,엄마가 친구 때렸던 이유와 상황을 이야기 해줄래요?
신체학대,3,평소에 엄마가 자주 때리시나요?
신체학대,3,부모님이 어떤 이유로 때리나요?
신체학대,3,엄마가 나를 때리는 이유가 뭐야?
신체학대,3,엄마에게 어디를 얼마큼 맞았어?
신체학대,3,"엄마가 때린 적 있다고 했는데, 어떻게 혼나요?"
신체학대,3,엄마가 뭐 때문에 그렇게 하는 것 같아요?
신체학대,3,엄마 때문에 다치거나 병원에 간 적 있어요?
신체학대,3,엄마가 때린 이유는 뭐라고 생각해?
신체학대,3,엄마가 친구를 때린 이유가 무엇이라고 생각하나요?
신체학대,3,평소에도 엄마가 자주 때리시나요?
신체학대,3,엄마한테 맞아서 얼마나 다쳤나요?
신체학대,3,엄마가 나를 왜 때려요? 어떻게 때렸나요?
신체학대,3,엄마가 친구를 때리는 이유는 뭐라고 생각해요?
신체학대,3,어머니가 때리지는 않아요?
신체학대,3,엄마가 혼내시면서 때린 적이 있어요?
신체학대,3,엄마가 아프게 한 게 이번이 처음인가요?
신체학대,3,최근에도 엄마가 때린 적이 있나요?
신체학대,3,새엄마가 왜 때려요? 어떻게 때리나요?
신체학대,3,새엄마가 어느 부위를 무엇으로 꼬집으셨나요?
신체학대,3,새엄마가 꼬집어서 얼마나 다쳤나요?
신체학대,3,최근에 새엄마가 친구를 때리신 적이 있어?
신체학대,3,새엄마가 친구를 때리시는 이유는 뭐라고 생각해?
신체학대,3,평소에 새엄마가 자주 때리셔?
신체학대,3,새엄마한테 맞아서 얼마나 다쳤어?
신체학대,3,새엄마가 때리는 이유는 뭐라고 생각해?
신체학대,3,엄마는 나를 왜 때려요? 어떻게 때렸나요?
신체학대,3,아줌마가 친구를 때린 이유가 무엇인가요?
신체학대,3,왜 부모님이 때리는 것 같아?
신체학대,3,부모님이 어떻게 때리셔?
신체학대,3,어머니가 친구를 때리시는 이유는 뭐라고 생각해?
신체학대,3,혹시 어머니는 어떤 이유로 혼을 냈던 거예요?
신체학대,3,그렇게 맞은 지 얼마나 됐어요? 엄마는 모르시나요?
신체학대,3,엄마한테는 혼날 때 어떻게 혼나요?
신체학대,3,어머니가 나를 때리는 이유는 뭐라고 생각해요?
신체학대,3,엄마가 나를 때리시는 이유가 뭐라고 생각해요?
신체학대,3,평소 엄마가 자주 때리시나요.
신체학대,3,큰이모가 친구를 때리는 이유는 뭐라 생각해?
신체학대,3,새엄마가 나를 때리는 이유는 뭐라고 생각해요?
신체학대,3,엄마한테 혼나면서 매를 맞은 적도 있어요?
신체학대,4,혼날 때 어떻게 혼나요?
신체학대,4,혼날 때는 어떻게 혼나요?
신체학대,4,혼날 때는 주로 어떻게 혼나?
신체학대,4,어른들한테 혼날 때 보통 누구한테 혼나는 편이야?
신체학대,4,어떻게 혼내셔? 혼낼 때 때리기도 하셔?
신체학대,4,혼날 때는 주로 어떻게 혼나요?
신체학대,4,"그럼, 주로 혼날 땐 어떻게 혼나요?"
신체학대,4,주로 혼날 땐 어떻게 혼나요?
신체학대,4,주로 혼날 땐 어떻게 혼나?
신체학대,4,주로 혼날 땐 어떻게 혼나나요? 누구한테 그렇게 혼나나요?
신체학대,4,혼날 때는 주로 누구한테 혼나나요? 어떻게 혼나요?
신체학대,4,"주로 혼날 때, 어떻게 혼나나요? 누구한테 혼나요?"
신체학대,4,주로 혼날 땐 어떻게 혼나나요? 누구한테 혼나요?
신체학대,4,주로 혼날 때 어떻게 혼나요? 왜 이번에 때린 거 같아요?
신체학대,4,주로 혼날 땐 어떻게 혼나나요?
신체학대,4,주로 혼날 때 누구한테 어떻게 혼나요?
신체학대,4,주로 혼날 때 어떻게 혼나나요?
신체학대,4,"그럼, 주로 혼날 때는 어떤 식으로 혼나?"
신체학대,4,주로 혼날 땐 어떻게 혼나? 때리기도 해?
신체학대,4,"그럼, 혼날 때는 어떻게 혼나요?"
신체학대,4,혼날 땐 어떻게 혼났나요?
신체학대,4,"그럼, 혼날 땐 어떻게 혼나요?"
신체학대,4,그러면 혼날 때는 어른들이 어떻게 혼을 내는 편이셔?
신체학대,4,혼날 때 어떻게 혼나? 맞지는 않아?
신체학대,4,혼낼 때 어떤 식으로 혼내셔?
신체학대,4,주로 혼날 땐 누구한테 어떻게 혼나요?
신체학대,4,주로 혼날 땐 어떻게 혼나요? 누구한테 그렇게 혼나요?
신체학대,4,혼날 때 때리시진 않나요?
신체학대,4,혼낼 때 때리기도 해?
신체학대,4,주로 혼날 때 어떻게 혼나요? 누구에게 혼나요?
신체학대,4,그러면 혼날 때는 어른들이 어떻게 혼내는 편이셔?
신체학대,4,혼날 때 주로 누구한테 어떻게 혼나요?
신체학대,4,주로 혼날 때 어떻게 혼나요? 이번에 왜 때린 것 같아요?
신체학대,4,주로 혼날 때 어떻게 혼나?
신체학대,4,"그럼, 부모님한테 주로 어떻게 혼나요?"
신체학대,4,혼날 땐 어떻게 혼나나요?
신체학대,4,혼날 땐 주로 누구한테 어떻게 혼나요?
신체학대,4,"그럼, 주로 혼날 땐 어떻게 혼나?"
신체학대,4,주로 혼날 때는 어떻게 혼나나요?
신체학대,4,혼날 땐 어떻게 혼나? 맞지는 않아?
신체학대,4,부모님이 혼낼 때 때리기도 해?
신체학대,4,주로 혼날 땐 어떻게 혼나요? 누구한테 그렇게 혼나나요?
신체학대,4,혼낼 때 때리시진 않나요?
신체학대,4,주로 혼날 때는 어떻게 혼나요?
신체학대,4,주로 누구에게 어떻게 혼나요?
신체학대,4,혼날 때 어떻게 혼나나요?
신체학대,4,누구한테 어떻게 혼났어요?
신체학대,4,혼날 때 어떻게 혼나요? 맞지는 않아요?
신체학대,4,혼날 때는 어떻게 혼내셨어요?
신체학대,4,그럼 혼날 땐 어떻게 혼나나요?
신체학대,4,주로 혼날 때 어떻게 혼나요?
신체학대,4,주로 어떻게 혼나나요? 누구한테 혼나요?
신체학대,4,"주로 혼날 때는 누구한테, 어떻게 혼나요?"
신체학대,4,주로 혼날 땐 누구에게 어떻게 혼나요?
신체학대,4,"그럼, 혼날 땐 어떻게 혼나나요?"
신체학대,4,"그럼, 주로 혼날 때는 어떻게 혼나?"
신체학대,4,그렇게 혼날 때 때리기도 하셔?
신체학대,4,"그럼, 혼날 때는 어떻게 혼나나요?"
신체학대,4,주로 혼날 땐 어떻게 혼나나요? 누구한테 그렇게 혼나요?
신체학대,4,크게 잘못하는 경우는 어떤 경우인가요?
신체학대,4,엄마만 때리나요? 주로 혼날 땐 어떻게 혼나요?
신체학대,4,누가 그랬어요? 누구한테 그렇게 혼나요?
신체학대,4,어른들이 혼낼 때 때리기도 해?
신체학대,4,조금 더 자세히 이야기해 줄래? 혼날 땐 주로 어떻게 혼나?
신체학대,4,혼낼 때 때리기도 하셔?
신체학대,4,그럼 혼날 때는 주로 어떻게 혼나?
신체학대,4,말로 혼날 때 때리지는 않으셔?
신체학대,4,주로 혼날 땐 어떻게 혼나요? 누구한테 혼나요?
신체학대,4,"주로 혼날 때는 누구에게, 그리고 어떻게 혼나요?"
신체학대,4,주로 혼날 때 누구한테 혼나나요? 어떻게 혼나요?
신체학대,4,주로 혼날 때는 어떤 식으로 혼나?
신체학대,4,최근에도 혼난 적이 있나요? 왜 혼났나요?
신체학대,4,어떻게 혼이 나나요?
신체학대,4,"주로 혼날 땐 누구에게, 어떻게 혼나요?"
신체학대,4,주로 혼날 때는 어떻게 혼나?
신체학대,4,주로 혼날 때는 누구한테 어떻게 혼나요?
신체학대,4,최근에도 혼난적이 있나요? 무엇 때문에 혼났나요?
신체학대,4,혼날 때 주로 어떻게 혼나요? 맞지는 않아요?
신체학대,4,"혼날 땐 주로 누구에게, 어떻게 혼나요?"
신체학대,4,어떤 것 때문에 혼내는 것 같아?
신체학대,4,어른들이 혼낼 때 때리기도 해요?
신체학대,4,주로 혼날 땐 어떻게 혼나요? 때리기도 해요?
신체학대,4,혼날 땐 어떻게 혼내나요?
신체학대,4,혼날 때는 어떻게 혼나나요?
신체학대,4,평소 누구한테 혼나나요? 어떻게 혼나요?
신체학대,4,혼날 때 때리시진 않으셔?
신체학대,4,형이 어떤 것을 자주 시키는데요?
신체학대,4,혼날 땐 주로 어떻게 혼나요?
신체학대,4,혼날 땐 어떻게 혼나요? 맞지는 않아요?
신체학대,4,그럼 혼날 땐 어떻게 혼나요?
신체학대,4,혹시 어제 혼나면서 맞았나요?
신체학대,4,부모님께 혼날 때는 주로 어떻게 혼나요?
신체학대,4,혼이 날 때 맞은 적이 있나요?
신체학대,4,혼날 땐 어떻게 혼나요?
신체학대,4,혼날 때는 어떻게 혼났었나요?
신체학대,4,보통 무슨 일로 혼이 나요? 아버지는 어떻게 혼내셔요?
신체학대,4,그러면 혼낼 때 어른들이 어떻게 혼내는 편이셔?
신체학대,4,평소 혼날 때 어떻게 혼나나요? 누구한테 주로 혼나요?
신체학대,4,혼날 땐 누구한테 어떻게 혼나?
신체학대,4,부모님이 혼낼 때 때리기도 해요?
신체학대,4,"그럼, 평소에 누구한테 어떻게 혼나요?"
신체학대,4,그럼 그 뒤로는 혼날 때에도 맞은 적은 없나요?
신체학대,4,"요즘에 혼날 땐 누구에게, 어떻게 혼나요?"
신체학대,4,평소 혼날 때 누구한테 혼나나요? 어떻게 혼나요?
신체학대,4,혼난 적이 있나요?
신체학대,4,주로 혼날 땐 누구한테 어떻게 혼나나요?
신체학대,4,주로 혼날 때는 누구한테 혼나요? 어떻게 혼나나요?
신체학대,4,주로 어떤 일로 혼나는 거야?
신체학대,4,주로 혼날 때 어떻게 혼나요? 누구한테 혼나요?
신체학대,4,주로 혼날 땐 어떻게 혼나요? 아빠가 혼낼 때 때리시나요?
신체학대,4,혼날 때 어떻게 혼나나요? 주로 누구한테 혼나요?
신체학대,4,주로 혼날 때 어떻게 혼나요? 누구한테 혼나나요?
신체학대,4,주로 혼날 때 어떻게 혼나요? 혼날 때 맞나요?
신체학대,4,혼날 땐 주로 어떻게 혼나요? 맞지는 않아요?
신체학대,4,혼낼 때 어떻게 혼내셔? 때리기도 하셔?
신체학대,4,혼날 때는 어떻게 혼나? 누구한테 혼나?
신체학대,4,주로 혼이 날 땐 어떻게 혼나나요?
신체학대,4,주로 혼날 때 어떻게 혼나요? 누구한테 그렇게 혼나나요?
신체학대,4,주로 혼낼 땐 어떻게 혼나요?
신체학대,4,일주일에 몇 번 정도 혼나요?
신체학대,4,어떻게 혼내셔? 혼낼 때 떄리기도 하셔?
신체학대,4,혼날 때 맞은 적이 있나요?
신체학대,4,혼날 때 주로 어떻게 혼났어요?
신체학대,4,부모님한테 혼날 땐 어떻게 혼났나요?
신체학대,4,혼낼 때 주로 누구한테 어떻게 혼나요?
신체학대,4,최근에도 혼난 적이 있나요? 무엇 때문에 혼났나요?
신체학대,4,"그럼, 주로 어떻게 혼나요?"
신체학대,4,"그럼, 주로 혼날 때는 어떻게 혼나요?"
신체학대,4,그러면 혼날 때 어른들이 어떻게 혼내는 편이셔?
신체학대,4,주로 혼날 땐 어떻게 혼나요? 혼내는 사람이 때리나요?
신체학대,5,아빠가 그렇게 자주 때리세요?
신체학대,5,아빠가 자주 때리시나요?
신체학대,5,평소 새아버지가 자주 때리시니?
신체학대,5,아빠가 친구를 그렇게 자주 때려요?
신체학대,5,평소에도 아빠가 자주 때려요?
신체학대,5,아빠가 자주 때리셔?
신체학대,5,평소에 아빠가 자주 때리셔?
신체학대,5,할아버지가 얼마나 때리나요?
신체학대,5,아빠가 그렇게 자주 때리나요?
신체학대,5,평소 부모님이 자주 때리시나요.
신체학대,5,아빠가 자주 때려?
신체학대,5,평소 부모님이 자주 때리시나요?
신체학대,5,아빠가 얼마나 자주 때리나요?
신체학대,5,평소에 아빠가 자주 때리시나요?
신체학대,5,평소 아빠가 자주 때리시나요?
신체학대,5,아버지가 때리지는 않아요?
신체학대,5,아빠가 어떻게 때렸나요? 얼마나 자주 그랬어요?
신체학대,5,아빠한테 언제부터 맞았어?
신체학대,5,평소 아빠가 자주 때려요?
신체학대,5,평소에 아빠가 자주 때려요?
신체학대,5,아빠가 그렇게 자주 때리셔?
신체학대,5,아빠가 얼마 만에 한 번씩 때려?
신체학대,5,아빠가 무엇으로 어디를 얼마큼 때려?
신체학대,5,아빠한테 어디를 어떻게 맞아? 그렇게 자주 때리셔?
신체학대,5,아빠는 얼마 만에 한 번씩 나를 때려?
신체학대,5,아빠가 자주 때렸어요?
신체학대,5,아빠한테 얼마 만에 한 번씩 맞았어?
신체학대,5,아빠가 자주 때리세요?
신체학대,5,아빠가 그렇게 자주 때렸어요?
신체학대,5,새아빠가 어떻게 때렸나요? 얼마나 자주 그랬어요?
신체학대,5,아빠가 무엇으로 얼마나 때려?
신체학대,5,평소 아빠가 자주 그러시나요?
신체학대,5,아빠는 얼마나 한 번씩 나를 때려?
신체학대,5,아빠가 그렇게 자주 때렸었어?
신체학대,5,아빠한테 어느 부위를 무엇으로 맞았나요? 그렇게 자주 맞았어요?
신체학대,5,평소에 아빠가 그렇게 자주 때리시나요?
신체학대,5,아빠가 평소 술을 자주 마시나요? 평소 술 마시고 무섭게 행동할 때가 많아요?
신체학대,5,아빠한테 어느 부위를 빗자루로 맞았나요?
신체학대,5,아빠가 얼마나 자주 때려요?
신체학대,5,자는 아빠가 주변에서 아무렇게나 가져오신거에요? 아니면 주로 혼날 때 사용하는 도구인가요?
신체학대,5,가출한 기간에 아저씨가 자주 때렸어요?
신체학대,5,평소에 아빠가 자주 때리나요?
신체학대,5,아빠가 자주 때리셨어?
신체학대,5,아빠가 자주 때려요?
신체학대,5,평소 아빠가 자주 때리셔?
신체학대,5,최근에도 아빠가 때렸어?
신체학대,5,아빠가 친구를 자주 때리시니?
신체학대,5,아빠가 자주 그렇게 때리시나요?
신체학대,5,아빠가 자주 그러는 것 같아요?
신체학대,5,아빠가 때리는 일이 많아?
신체학대,6,아빠에게 어느 부위를 무엇으로 맞았어?
신체학대,6,아빠한테 맞은 것  때문에 다치거나 병원에 가서 치료를 받은 적이 있나요?
신체학대,6,아빠가 있을 땐 어땠나요?
신체학대,6,아빠에게 어느 부위를 무엇으로 맞았나요?
신체학대,6,아빠에게 맞아서 얼마나 다쳤나요?
신체학대,6,"아빠한테 맞은 것 때문에, 병원에 가거나 치료를 받은 적 있어요?"
신체학대,6,아빠에게 어느 부위를 무엇으로 맞았어요?
신체학대,6,아빠한테 어느 부위를 무엇으로 맞았어요?
신체학대,6,아빠한테 맞아서 얼마나 다쳤어요?
신체학대,6,아빠한테 맞은 것 때문에 다치거나 병원에 가서 치료를 받은 적 있어?
신체학대,6,아빠한테 어느 부위를 무엇으로 맞았어?
신체학대,6,아빠한테 맞아서 얼마나 다쳤어?
신체학대,6,아빠가 있을 때는 어땠나요?
신체학대,6,아빠에게 맞아서 얼마나 다쳤어요?
신체학대,6,부모님에게 맞아서 얼마나 다쳤나요?
신체학대,6,"아빠가 맞은 것 때문에, 병원에 가서 치료를 받은 적 있어?"
신체학대,6,아빠한테 맞아서 얼마나 다쳤을까?
신체학대,6,아빠한테 어디를 어떤 걸로 맞았나요?
신체학대,6,아빠한테 맞아서 얼마나 다쳤나요?
신체학대,6,"새아빠에게 밀쳐진 것 때문에, 병원에 가서 치료를 받은 적도 있어?"
신체학대,6,아저씨한테 맞아서 얼마나 다쳤어?
신체학대,6,아빠한테 맞은 것 때문에 다치거나 병원에 가서 치료를 받은 적도 있나요?
신체학대,6,아빠 때문에 병원 간 적 있어?
신체학대,6,"아빠에게 맞은 것 때문에 다치거나, 병원에 가서 치료를 받은 적 있어?"
신체학대,6,아빠가 나를 때려서 병원에 가거나 입원한 적 있어?
신체학대,6,아빠한테 어느 부위를 뭐로 맞았어요?
신체학대,6,아빠한테 맞은 것 때문에 다쳐서 병원에 간 적이 있나요?
신체학대,6,아빠한테 맞아서 병원 간 적 있어?
신체학대,6,아빠에게 무엇으로 맞았나요?
신체학대,6,아빠가 가족들을 때려서 병원에 간 적 있어?
신체학대,6,아빠가 그렇게 때려서 얼마나 다쳤어요?
신체학대,6,아까 아빠한테 맞은 적 있다고 했는데 더 이야기 해줄 수 있어?
신체학대,6,아빠가 너희를 때린 것 때문에 경찰이나 다른 사람들이 집에 온 적 있어?
신체학대,6,아빠에게 어디를 뭐로 맞았어요?
신체학대,6,아빠한테 맞았을 때 친구 기분은 어땠어요?
신체학대,6,아빠한테 어떤 부위를 무엇으로 맞았어요?
신체학대,6,"아빠한테 맞은 것 때문에, 병원에 가서 치료를 받은 적 있어요?"
신체학대,6,아빠가 어떤 말을 했는데 안 들었어요?
신체학대,6,아빠에게 맞은 것 때문에 다치거나 병원에 가서 치료받은 적이 있어요?
신체학대,6,아빠한테 맞아서 병원에 가야 했거나 치료받아야 한 적 있어?
신체학대,6,아빠한테 맞은 것 때문에 다치거나 병원에 가서 치료를 받은 적이 있어?
신체학대,6,"아빠한테 맞은 것 때문에, 병원에 간 적 있어요?"
신체학대,6,보모 선생님께 맞아서 얼마나 다쳤어?
신체학대,6,아빠한테 맞아서 상처가 나거나 치료를 받아야 했던 적 있어?
신체학대,6,아빠가 때려서 얼마나 다쳤어?
신체학대,6,아빠가 때려서 병원에 간 적 있어?
신체학대,6,아빠한테 맞을 때 집에 경찰이 오거나 다른 사람이 온 적 있어?
신체학대,6,아빠에게 맞은 것 때문에 다치거나 병원에 가서 치료를 받은 적이 있어요?
신체학대,6,"아까 아빠한테 맞았다고 했는데, 어디를 어떻게 아프게 했어요?"
신체학대,6,아빠한테 맞은 것 때문에 다치거나 병원에 가서 치료받은 적 있어?
신체학대,6,아빠한테 맞은 거 때문에 다치거나 병원에 가서 치료를 받은 적도 있나요?
신체학대,6,아빠가 어떻게 하셨나요?
신체학대,6,아빠한테 맞아서 병원에 갔어?
신체학대,6,아빠가 나를 때리거나 혼내는 걸로 집에 경찰이나 다른 사람이 온 적 있어?
신체학대,6,그 아저씨에게 또 맞은 적이 있어요?
신체학대,6,그 아저씨에게 맞아서 얼마나 다쳤어요?
신체학대,6,아빠한테 무엇으로 얼마나 맞았어?
신체학대,6,아빠한테 맞아서 어디가 얼마큼 다쳤어?
신체학대,6,아빠한테 맞아서 병원에 입원한 적 있어?
신체학대,6,아빠한테 혼난 적 있어?
신체학대,6,아빠나 선생님한테 맞아서 다치거나 병원에 가서 치료받은 적이 있나요?
신체학대,6,아빠한테 어느 부위를 무엇으로 맞았나요?
신체학대,6,아버지에게 맞아서 얼마나 다쳤니?
신체학대,6,아빠 때문에 다치거나 병원에 가서 치료를 받은 적이 있나요?
신체학대,6,아저씨한테 맞아서 얼마나 다쳤어요?
신체학대,6,아빠한테 맞아서 병원에 간 적 있어?
신체학대,6,아빠한테 맞으면 얼마나 다쳤어?
신체학대,6,아빠에게 맞았을 때 병원에 갈 만큼 다친 적이 있어?
신체학대,6,아빠한테 어느 부위를 뭘로 맞았어?
신체학대,6,아빠한테 무엇으로 맞았어요?
신체학대,6,아빠에게 맞은 것 때문에 다치거나 병원에 가서 치료를 받은 적 있어?
신체학대,6,아빠한테 맞은 것 때문에 다쳐서 병원에 가서 치료받은 적이 있나요?
신체학대,6,최근에 아빠가 나를 때린 적이 있어?
신체학대,6,아빠에게 맞아서 얼마나 다친 거야?
신체학대,6,혹시 아빠가 폭력을 사용하셔서 친구가 병원 진료를 받은 적이 있었어?
신체학대,6,아빠에게 맞은 것 때문에 다치거나 병원에 가서 치료를 받은 적도 있어?
신체학대,6,아빠한테 맞고 나서 다쳐서 병원에 간 적도 있어요?
신체학대,6,"아빠한테 맞은 것 때문에 다치거나, 병원에 가서 치료를 받은 적 있어?"
신체학대,7,어느 부위를 무엇으로 맞았나요?
신체학대,7,어디를 꼬집었어요?
신체학대,7,보통 어디를 뭘로 맞아?
신체학대,7,어느 부위를 어떻게 맞았나요?
신체학대,7,어느 부위를 무엇으로 맞았어?
신체학대,7,어디를 무엇으로 맞아?
신체학대,7,맞은 곳은 얼마나 다쳤어요?
신체학대,7,어느 부위를 무엇으로 맞았어요?
신체학대,7,무엇으로 맞았나요?
신체학대,7,어느 부위로 맞았는지 기억해?
신체학대,7,어디를 뭘로 맞았어?
신체학대,7,무엇으로 맞았어요?
신체학대,7,어디를 뭘로 맞아?
신체학대,7,무엇으로 어디를 맞았어요?
신체학대,7,어떤 일이 있었나요?
신체학대,7,어디를 어떻게 맞았어?
신체학대,7,어디를 뭘로 맞았어요?
신체학대,7,어디를 무엇으로 맞았어?
신체학대,7,어디를 어떻게 했나요?
신체학대,7,어느 부위를 무엇으로 맞나요?
신체학대,7,어디를 무엇으로 맞았나요?
신체학대,7,"언제, 어떤 일이 있었어요?"
신체학대,7,어디를 어떻게 맞았어요?
신체학대,7,새아빠에게 어느 부위를 무엇으로 맞았어?
신체학대,7,어떻게 맞게 되었나요?
신체학대,7,어느 부위를 맞았나요?
신체학대,7,주로 어디를 얼만큼 맞았어?
신체학대,7,할머니한테 어디를 무엇으로 얼마큼 맞았어?
신체학대,7,어느 부위를 무엇으로 맞았니?
신체학대,7,어느 부위를 어떤 걸로 맞았어?
신체학대,7,무엇으로 또 맞았나요?
신체학대,7,학원 선생님께 어느 부위를 무엇으로 맞았어?
신체학대,7,어느 부위를 뭐로 맞았는지 기억해?
신체학대,7,어떻게 맞았나요?
신체학대,7,그렇게 맞은 날이 언제인가요?
신체학대,7,어디를 어떻게 했어?
신체학대,7,어느 부위를 어떻게 맞았어요?
신체학대,7,어떤 일로 그랬나요?
신체학대,7,어느 부위를 무엇으로 맞아요?
신체학대,7,어디를 무엇으로 맞았을까요?
신체학대,7,얼마나 맞았어?
신체학대,7,어디를 얼마나 맞았어?
신체학대,7,언제부터 맞았어?
신체학대,7,어느 부위를 무엇으로 맞아?
신체학대,7,어느 부위를 무엇으로 맞았나요? 이런 일이 자주 일어나요?
신체학대,7,어디를 뭐로 맞은 거야?
신체학대,7,어디를 맞았어요?
신체학대,7,보모 선생님한테 어느 부위를 무엇으로 맞았어?
신체학대,7,센터 선생님에게 어느 부위를 무엇으로 맞았나요?
신체학대,7,뭘로 어디를 맞았어요?
신체학대,7,그 아저씨에게 어느 부위를 무엇으로 맞았어요?
신체학대,7,선생님에게 어느 부위를 무엇으로 맞았나요?
신체학대,7,어떤 것으로 맞았는지 기억해?
신체학대,7,어느 부위를 어떻게 맞나요?
신체학대,7,목사님께 어느 부위를 무엇으로 맞았어?
신체학대,7,선생님한테 어느 부위를 어떤 걸로 맞았나요?
신체학대,7,시설 선생님한테 어느 부위를 무엇으로 맞았어?
신체학대,7,무슨 일이 있었나요?
신체학대,7,어느 부위를 어떤 걸로 맞았나요?
신체학대,7,등을 어느 부위를 무엇으로 맞았나요?
신체학대,7,어디를 뭐로 맞았어요?
신체학대,7,새엄마에게 어느 부위를 무엇으로 맞았어?
신체학대,7,아줌마에게 어느 부위를 무엇으로 맞았나요?
신체학대,7,맞은 게 이번이 처음이야?
신체학대,7,어떻게 했어요?
신체학대,7,어머니께 어느 부위를 무엇으로 맞았어?
신체학대,7,누가 어떻게 했어요?
신체학대,7,어떻게 하다가 맞게 되었나요?
신체학대,7,어떤 상황이 있었나요?
신체학대,7,어느 부위를 어떻게 맞았어?
신체학대,7,그게 언제였나요?
신체학대,8,학원 선생님이 때린 이유는 뭐라고 생각해요?
신체학대,8,체육 선생님이 친구를 왜 때린 것 같아요?
신체학대,8,어떻게 우리 친구를 혼내셔?
신체학대,8,학원 선생님이 나를 때리시는 이유는 뭐라고 생각해요?
신체학대,8,친구를 어떻게 때려?
신체학대,8,담임선생님이 나를 때리시는 이유는 뭐라고 생각해요?
신체학대,8,담임선생님에게 맞아서 얼마나 다쳤나요?
신체학대,8,코치 선생님이 나를 때리는 이유는 뭐라고 생각해요?
신체학대,8,오빠가 친구를 때리는 이유는 뭐라고 생각해?
신체학대,8,왜 친구를 때리나요?
신체학대,8,실습 선생님이 나를 때렸던 이유가 뭐예요?
신체학대,8,어디를 맞았나요? 또 다른 걸로도 친구를 때렸나요?
신체학대,8,담임선생님이 나를 왜 때렸어요?
신체학대,8,시설 선생님이 어떻게 때렸나요?
신체학대,8,선생님이 친구를 왜 때리는 것 같아요?
신체학대,8,학원 선생님이 친구를 때리는 이유가 뭐라고 생각해요?
신체학대,8,원장님이 친구를 때리는 이유는 뭐라고 생각해?
신체학대,8,두 분이 친구를 때리는 이유가 뭐라고 생각해요?
신체학대,8,과학 선생님이 왜 나를 때렸다고 생각해요?
신체학대,8,담임 선생님이 나를 때리시는 이유는 뭐라고 생각해요?
신체학대,8,평소 담임 선생님이 자주 때리시나요?
신체학대,8,담임선생님이 어떤 이유로 친구를 때리신 것 같아?
신체학대,8,담임 선생님이 어느 부위를 무엇으로 때렸어?
신체학대,8,시설 선생님이 날 때리시는 이유는 뭐라고 생각해요?
신체학대,8,선생님이 어느 부위를 무엇으로 때렸어요?
신체학대,8,선생님에게 맞아서 얼마나 다쳤어요?
신체학대,8,센터 선생님이 나를 때리시는 이유가 뭐라고 생각해요?
신체학대,8,선생님이 나를 때리시는 이유는 뭐라고 생각해요?
신체학대,8,친구를 때리는 이유는 뭐인 것 같아요?
신체학대,8,학원 선생님이 친구를 때리시는 이유는 뭐라고 생각해?
신체학대,8,선생님이 때리는 이유가 뭐라고 생각해?
신체학대,8,시설 선생님이 나를 왜 때렸어요?
신체학대,8,친구를 어떻게 때렸나요?
신체학대,8,선생님이 때리신 이유가 뭐라고 생각해?
신체학대,8,선생님은 왜 나를 때렸나요?
신체학대,8,별거 아닌 걸로 친구를 때린 거 같아요?
신체학대,8,선생님이 친구를 때린 이유는 뭐인 것 같아요?
신체학대,8,영어 선생님이 어떤 걸로 친구의 어느 부분을 때렸어요?
신체학대,8,오빠가 친구를 때리시는 이유는 뭐라고 생각해요?
신체학대,8,학원 선생님이 친구를 때리는 이유는 뭐라고 생각해요?
신체학대,8,시설 선생님이 그런 건가요? 왜 친구를 때린다 생각하나요?
신체학대,8,선생님이 친구를 어떻게 때렸나요?
신체학대,8,선생님이 친구를 그렇게 때리는 이유가 뭐라고 생각해요?
신체학대,8,선생님이 때리신 이유는 뭐라고 생각해?
신체학대,8,보모 선생님이 친구를 때리는 이유는 뭐라고 생각해요?
신체학대,8,형이 친구를 때리나요?
신체학대,8,친구를 왜 때리는 것 같나요?
신체학대,8,보모 선생님이 친구를 때리시는 이유는 뭐라고 생각해?
신체학대,8,언니가 친구를 왜 때리는 것 같아요?
신체학대,8,선생님이 친구를 때리는 이유는 무엇인가요?
신체학대,8,부모님이 친구를 때리는 이유는 뭐라고 생각해요?
신체학대,8,선생님이 왜 나를 때렸어요?
신체학대,8,그 사람이 친구를 왜 때렸나요?
신체학대,8,어떤 일로 친구를 때렸어요?
신체학대,8,혼낼 때 항상 때리시는 거야? 선생님이 왜 때린 것 같아?
신체학대,8,형이 친구를 때리는 이유는 뭐라고 생각해요?
신체학대,8,보모 선생님이 우리 친구를 때린 이유가 무엇인 것 같아?
신체학대,8,체육 선생님은 나를 왜 때렸나요?
신체학대,8,최근에 센터 선생님이 나를 때리신 적이 있어요?
신체학대,8,친구를 때리는 이유가 뭐라고 생각해요?
신체학대,8,선생님이 왜 때리신 것 같아?
신체학대,8,학원 선생님이 친구를 왜 때렸어요?
신체학대,8,누가 친구를 어떻게 때렸어요?
신체학대,8,선생님이 왜 친구한테 스테이플러를 던진 거 같아요?
신체학대,8,누가 친구를 주로 혼내셔?
신체학대,8,선생님이 나를 때리는 이유가 뭐라고 생각해요?
신체학대,8,시설 선생님은 나를 왜 때렸나요?
신체학대,8,누가 친구를 때렸어?
신체학대,8,선생님이 나를 때리시는 이유가 뭐라고 생각해요?
신체학대,8,선생님이 때린 이유는 뭐라고 생각해요?
신체학대,8,선생님이 왜 나를 때렸다고 생각해요?
신체학대,8,원장 선생님이 때린 이유가 뭐라고 생각해?
신체학대,8,목사님이 친구를 때리신 이유가 뭐라고 생각해?
신체학대,8,목사님이 친구를 왜 때리신 것 같아?
신체학대,8,선생님이 왜 따리+ 때리시는 것 같아요?
신체학대,8,시설 선생님이 때리신 이유가 뭐라고 생각해?
신체학대,8,아저씨가 친구를 때리시는 이유가 뭐라고 생각해요?
신체학대,8,친구를 때리는 이유는 뭐라고 생각해요?
신체학대,8,학원 선생님이 친구를 때리시는 이유가 뭐라고 생각해?
신체학대,8,그 고등학생 형이 나를 때리는 이유가 뭐라고 생각해요?
신체학대,8,혹시 친구를 아무 이유 없이 때린 적 있어요?
신체학대,8,센터 선생님이 친구를 때리는 이유가 뭔가요?
신체학대,8,왜 친구를 때린다고 생각해요?
신체학대,8,친구를 때린 이유는 뭐라고 생각해요?
신체학대,8,선생님이 나를 때린 이유는 뭐라고 생각해요?
신체학대,8,그 아저씨가 왜 친구를 때리는 거 같아요?
신체학대,8,학원 선생님이 때리신 이유가 뭐라고 생각해?
신체학대,8,학원 선생님이 어느 부위를 무엇으로 때렸어?
신체학대,8,친구를 때린 이유가 뭐라고 생각해?
신체학대,8,원장 선생님이 어디를 어떻게 때렸어요?
신체학대,8,원장 선생님이 왜 친구를 때리는 거 같아요?
신체학대,8,체육 선생님이 때리시는 이유는 뭐라고 생각해요?
신체학대,8,누가 친구를 때린 거예요?
신체학대,8,시설 선생님이 왜 나를 때렸다고 생각해?
신체학대,8,선생님한테 맞아서 얼마나 다쳤어요?
신체학대,8,학원 선생님이 나를 왜 때렸어요?
신체학대,8,선생님이 나를 때리는 이유는 뭐라고 생각해요?
신체학대,8,학교 선생님이 나를 왜 때렸어요?
신체학대,8,담임 선생님이 왜 때린 거 같아요?
신체학대,9,아빠가 친구를 때리는 이유는 뭐라고 생각해?
신체학대,9,아빠가 친구를 때린 이유가 무엇이라고 생각하나요?
신체학대,9,아빠가 왜 친구를 때렸어요?
신체학대,9,"아빠가 친구를 2주 전에 때렸다고 했는데, 아빠가 친구를 때리시는 이유는 뭐라고 생각해요?"
신체학대,9,아빠가 친구를 때린 이유가 무엇인 것 같아?
신체학대,9,아빠가 친구를 때리는 이유는 뭐라고 생각해요?
신체학대,9,아빠가 친구를 때릴 때 술을 마시고 때렸었어요?
신체학대,9,아빠가 친구를 언제 때렸어요?
신체학대,9,아빠가 친구를 때린 이유가 있을까요?
신체학대,9,친구의 어디를 아빠가 때렸을까요?
신체학대,9,아빠가 친구를 때리는 이유가 뭐라고 생각해요?
신체학대,9,아빠가 친구를 때리셨던 이유는 뭐라고 생각해요?
신체학대,9,아빠가 친구를 때린 이유는 뭐인 것 같아?
신체학대,9,아빠는 어떤 걸로 친구의 어느 부분을 때려?
신체학대,9,아빠가 왜 친구를 때리는 것 같아요?
신체학대,9,아빠가 왜 친구를 때렸다고 생각해요?
신체학대,9,새아빠가 친구를 그렇게 한 이유가 뭐라고 생각해?
신체학대,9,오빠가 어떤 이유로 친구를 때렸어요.
신체학대,9,아빠가 친구를 때리시는 이유는 뭐라고 생각해요?
신체학대,9,아빠가 친구를 때린 이유가 뭐라고 생각해요?
신체학대,9,아빠가 친구를 때리시는 이유가 뭐라고 생각해?
신체학대,9,왜 아빠가 친구를 때렸다 생각해요?
신체학대,9,아빠가 친구를 무엇으로 어떻게 때려?
신체학대,9,아빠가 친구를 때린 이유가 뭐예요?
신체학대,9,아빠가 친구를 때린 이유가 뭐인 것 같아요?
신체학대,9,아빠가 친구를 왜 때려?
신체학대,9,아빠가 예전에 친구를 때렸던 이유가 뭐라고 생각해요?
신체학대,9,아빠가 친구를 왜 때렸다고 생각해?
신체학대,9,아빠가 친구를 왜 때렸어요?
신체학대,9,아빠가 친구를 왜 때리는 것 같아?
신체학대,9,아빠가 친구를 때리셨던 이유가 뭐라고 생각해?
신체학대,9,아빠가 친구를 때리는 일이 자주 있어요?
신체학대,9,아빠가 친구한테 그렇게 벌을 주는 이유가 무엇이라고 생각하나요?
신체학대,9,최근에 아빠가 친구를 때린 적이 있나요?
신체학대,9,아빠가 친구를 때려서 기분이 어땠어요?
신체학대,9,그 아저씨가 친구를 때린 이유가 뭐라고 생각해요?
신체학대,9,아빠가 친구를 아프게 하는 이유가 뭐라고 생각해요?
신체학대,9,아빠가 어떤 상황에서 친구를 때렸나요?
신체학대,9,그럼 같이 살았을 때는 아빠가 친구를 때리신 이유는 뭐라고 생각해?
신체학대,9,아빠가 친구를 때리는 이유가 뭐라고 생각해?
신체학대,9,아빠가 친구를 때리시는 이유가 뭐라고 생각해요?
신체학대,9,아빠가 친구를 때리는 이유가 무엇인가요?
신체학대,9,최근에 아빠가 친구를 때린 적 있어?
신체학대,9,아빠가 친구랑 언니를 때리는 이유가 뭐라고 생각해?
신체학대,9,아빠가 어떻게 친구한테 때렸어요?
신체학대,9,아빠가 자주 친구를 때려요?
신체학대,9,할아버지가 친구를 때리셨던 이유가 뭐라고 생각해요?
신체학대,9,아빠가 나를 때리시는 이유는 뭐라고 생각해요?
신체학대,9,아빠가 때리신 이유가 뭐라고 생각해?
신체학대,9,아빠가 어느 부위를 무엇으로 때렸어?
신체학대,9,아빠가 때리신 이유를 알아요?
신체학대,9,아빠가 어디를 어떻게 때렸어요?
신체학대,9,아빠가 어떤 거 때문에 때리는 것 같아요?
신체학대,9,아빠가 나를 왜 때렸어요? 어떻게 때렸나요?
신체학대,9,아빠가 왜 나를 때렸다고 생각해요?
신체학대,9,아빠가 나를 때리는 이유는 뭐라고 생각해요?
신체학대,9,아빠가 때리시는 이유가 뭐라고 생각해요?
신체학대,9,아빠가 때리는 이유가 뭐라고 생각해요?
신체학대,9,아빠가 나를 왜 때린다고 생각해요?
신체학대,9,큰아빠가 무엇 때문에 때리는지 이유를 알아요?
신체학대,9,아빠가 나를 때리는 이유가 있나요?
신체학대,9,아빠가 어느 부위를 무엇으로 때렸어요?
신체학대,9,아빠가 때리는 이유는 뭐라고 생각해요?
신체학대,9,아빠가 때리시는 이유는 뭐라고 생각해?
신체학대,9,아빠가 나를 때리는 이유가 뭐라고 생각해?
신체학대,9,아빠가 때린 이유는 뭐라고 생각해요?
신체학대,9,할아버지가 왜 때리는 건가요?
신체학대,9,아빠한테 어떻게 혼나나요? 왜 아빠가 나를 때린다고 생각해요?
신체학대,9,아빠가 나를 때리는 이유가 뭐라고 생각해요?
신체학대,9,아빠가 왜 때리는 것 같나요?
신체학대,9,아빠가 왜 때리는지 이유를 알아?
신체학대,9,왜 아빠가 나를 때리는 거 같아요?
신체학대,9,왜 아빠가 때렸어요?
신체학대,9,아빠가 나를 왜 때리는 것 같아요?
신체학대,9,새아빠가 나를 왜 때렸어요?
신체학대,9,아빠가 왜 나를 때린 것 같아?
신체학대,9,아빠가 어떤 이유로 때려?
신체학대,9,아빠한테는 어떻게 혼나요?
신체학대,9,아빠가 잘못하면 어떻게 혼내세요?
신체학대,9,아빠가 그걸로 어느 부위를 혼내시던가요?
신체학대,9,아빠가 나를 때리시는 이유가 뭐라고 생각해요?
신체학대,9,아빠가 나를 왜 때렸어요?
신체학대,9,아빠가 나를 왜 때렸나요?
신체학대,9,아빠가 너를 왜 때리는 것 같아?
신체학대,9,아빠는 나를 무엇으로 얼마나 때려?
신체학대,9,아빠가 때리신 이유가 뭐라고 생각해요?
신체학대,9,아빠가 뭐로 어디를 때리신 거예요?
신체학대,9,아빠가 왜 때렸나요?
신체학대,9,아빠가 무엇으로 어떻게 때리세요?
신체학대,9,아빠는 나를 왜 때리는 것 같아?
신체학대,9,아빠가 언제부터 나를 때렸어?
신체학대,9,아빠가 나를 때리시는 이유가 뭐라고 생각해?
신체학대,9,아빠가 나를 그렇게 한 이유가 뭐라고 생각해요?
신체학대,9,아빠가 나를 왜 때려요?
신체학대,9,아빠가 어떤 상황에서 때렸나요?
신체학대,9,아빠가 나를 왜 때리는 거 같아요?
신체학대,9,아빠가 때리는 이유가 뭐라고 생각해요? 그리고 어느 부위를 어떻게 때리시나요?
신체학대,9,왜 아빠가 나를 때렸다고 생각해요?
신체학대,9,아빠가 왜 때리셨나요?
신체학대,9,아빠가 왜 나를 때렸어요?
신체학대,9,아빠가 왜 지갑을 뒤졌다고 생각한 거야?
신체학대,9,"그럼, 아빠가 오해한 거네?"
신체학대,9,아빠가 갑자기 화내면서 때려서 놀랐겠다.
신체학대,9,아빠가 나를 왜 때리는 거 같아?
신체학대,9,아빠가 때린 이유는 뭐라고 생각해?
신체학대,9,아빠가 나를 때린 이유가 무엇인 것 같나요?
신체학대,9,아버지가 무엇 때문에 때렸어?
신체학대,9,아빠가 나를 왜 때리나요?
신체학대,9,아빠가 때리시는 이유는 뭐라고 생각해요?
신체학대,9,아빠는 어떤 말을 했나요?
신체학대,9,아빠가 나를 왜 때리는 것 같아?
신체학대,9,아빠가 무엇으로 나의 어디를 때려?
신체학대,9,아빠는 나를 왜 때리는 거 같아?
신체학대,9,아빠가 나를 때리는 이유가 뭐라고 생각하나요?
신체학대,9,아빠가 나를 때리시는 이유는 뭐라고 생각해?
신체학대,9,아빠가 때리는 이유가 뭐라고 생각해?
신체학대,9,아빠가 왜 나를 때린 거 같아요?
신체학대,9,아빠가 나를 왜 때려요? 어떻게 때렸나요?
신체학대,9,아빠가 나를 때린 이유가 있나요?
신체학대,9,아빠가 어디를 무엇으로 때렸어요?
신체학대,9,새아빠가 나를 때리시는 이유는 뭐라고 생각해요?
신체학대,9,아빠가 때리는 이유는 뭐라고 생각해?
신체학대,9,아빠가 때리시는 이유가 뭐라고 생각해?
신체학대,9,아빠가 나를 때렸던 이유가 뭐인 거 같아?
신체학대,9,아빠가 어디를 뭐로 때린 거야?
신체학대,9,아빠가 어떻게 때렸어요?
신체학대,9,아빠가 나를 때리는 이유가 무엇 때문인 것 같아요?
신체학대,9,할아버지가 어디를 어떻게 때렸어요?
신체학대,8,뭐 때문에 때린 것 같아?
신체학대,8,꼬집은 거 말고 때린 적이 있어요?
신체학대,8,나를 때리는 이유는 뭐라고 생각해요?
신체학대,8,나를 때리시는 이유가 뭐라고 생각해요?
신체학대,8,나를 때리시는 이유는 뭐라고 생각해요?
신체학대,8,나를 때리시는 이유가 뭐라고 생각해?
신체학대,8,나를 때렸던 이유가 무엇인가요?
신체학대,8,어떻게 때렸나요?
신체학대,8,나를 왜 때렸어요?
신체학대,8,때리는 이유가 뭐라고 생각해요?
신체학대,8,왜 때리는 거예요?
신체학대,8,뭐 때문에 그런 거 같아요?
신체학대,8,그렇게 하는 이유가 뭐라고 생각해요?
신체학대,8,때리시는 이유가 뭐라고 생각해?
신체학대,8,왜 때렸는지 알아?
신체학대,8,왜 그렇게 화를 내신 건가요?
신체학대,8,어떻게 소리를 지르시나요?
신체학대,8,나를 때리는 이유가 무엇인가요?
신체학대,8,왜 때리는 것 같아?
신체학대,8,때린 이유가 뭐라고 생각해요?
신체학대,8,나를 때리는 이유가 뭐라고 생각해요?
신체학대,8,때리시는 이유가 뭐라고 생각해요?
신체학대,8,왜 때리셨어?
신체학대,8,왜 때리신 거예요?
신체학대,8,그 사람이 나를 때리는 이유는 뭐라고 생각해요?
신체학대,8,때리는 이유는 뭐라고 생각해?
신체학대,8,아저씨가 왜 나를 때리는 것 같아?
신체학대,8,원장님이 때리는 이유는 뭐라고 생각해?
신체학대,8,나를 때리시는 이유는 뭐라고 생각해?
신체학대,8,아저씨가 때린 이유가 뭐라고 생각해?
신체학대,8,왜 그런 거예요?
신체학대,8,최근에 나를 때렸던 사람이 누구야?
신체학대,8,그렇게 한 이유가 뭐라고 생각해?
신체학대,8,무엇 때문에 때렸나요?
신체학대,8,무엇으로 때렸는지 기억이 나나요?
신체학대,8,도구로 때리나요?
신체학대,8,어떻게 때리나요?
신체학대,8,주먹으로 때렸나요?
신체학대,8,때린 이유가 있었나요?
신체학대,8,왜 때리셨어요?
신체학대,8,무엇으로 어딜 때려요?
신체학대,8,왜 때리는 것 같아요?
신체학대,8,왜 이빨을 깨무는 거야?
신체학대,8,누가 때린 거예요?
신체학대,8,할머니가 왜 때렸어?
신체학대,8,형이 때리는 이유가 뭔가요?
신체학대,8,무엇 때문에 전도사님이 때렸어?
신체학대,8,형이 나를 때리는 이유는 뭐라고 생각해요?
신체학대,8,때린 이유는 뭐니?
신체학대,8,예를 들면 어떤 이유가 있을까요?
신체학대,8,할머니가 때리는 이유를 말해주던가요?
신체학대,8,어떨 때 말 안 듣는다고 때리시던가요? 혹시 말해 줄 수 있어요?
신체학대,8,나를 때리는 이유는 뭐라고 생각해?
신체학대,8,어떤 상황에서 때렸나요?
신체학대,8,어떤 걸로 때렸어요? 자세히 말해줄래요?
신체학대,8,뭐 때문에 그러시는 것 같아요?
신체학대,8,누가 나를 아프게 했어?
신체학대,8,뭐 때문에 아프게 한 것 같아?
신체학대,8,왜 그런 일이 일어난 거예요?
신체학대,8,어떤 폭행을 당했나요?
신체학대,8,나를 때리는 이유가 뭐라고 생각하나요?
신체학대,8,때리는 이유가 뭐인 것 같아?
신체학대,8,무엇 때문에 아프게 한 것 같아요?
신체학대,8,할머니가 때린 이유가 뭐라고 생각해?
신체학대,8,나를 때리신 이유는 뭐라고 생각해?
신체학대,8,어떤 이유로 때리나요?
신체학대,8,때리는 이유가 뭐라고 생각해?
신체학대,8,무엇으로 어떻게 때렸어?
신체학대,8,나를 때린 이유가 뭐라고 생각해요?
신체학대,8,어떻게 때렸어?
신체학대,8,왜 맞은 거야?
신체학대,8,어떤 상황일 때 때리세요?
신체학대,8,나를 때리는 이유가 뭐라고 생각해?
신체학대,8,최근에 때린 사람은 누구인가요?
신체학대,8,왜 그렇게 했어요?
신체학대,8,누나가 때리는 이유가 뭐라고 생각해요?
신체학대,8,어떤 이유로 때렸어요?
신체학대,8,언니는 어떻게 때렸어요?
신체학대,8,뺨만 때리시나요?
신체학대,12,맞아서 얼마나 다쳤어요?
신체학대,12,"맞은 것 때문에, 병원에 간 적이 있나요?"
신체학대,12,맞은 것 때문에 다쳐서 병원에 간 적도 있나요?
신체학대,12,멍이 들거나 피가 날 정도로 아프게 했어?
신체학대,12,맞은 것 때문에 다치거나 병원에 가서 치료를 받은 적 있어?
신체학대,12,맞아서 다치거나 병원에 가서 치료받은 적이 있나요?
신체학대,12,맞은 것 때문에 다치거나 병원에 가서 치료받은 적이 있나요?
신체학대,12,맞은 것 때문에 다치거나 병원에 가서 치료를 받은 적이 있어?
신체학대,12,맞은 것 때문에 다치거나 병원에 가서 치료를 받았나요?
신체학대,12,엄마한테 맞아서 병원 간 적 있어?
신체학대,12,맞은 것 때문에 다치거나 병원에 가서 치료를 받은 적이 있나요?
신체학대,12,맞은 것 때문에 다치거나 병원에 가서 치료를 받은 적 있어요?
신체학대,12,맞은 것 때문에 다치거나 병원에 가서 치료를 받은 적 있나요?
신체학대,12,맞은 것 때문에 다치거나 병원에 가서 치료를 받은 적도 있어?
신체학대,12,맞은 것 때문에 다치거나 병원에 가서 치료받았던 적 있어?
신체학대,12,맞은 것 때문에 다쳐서 병원에 가서 치료를 받은 적이 있나요?
신체학대,12,맞아서 다치거나 병원에 가서 치료를 받은 적이 있나요?
신체학대,12,"맞아서 다친 것 때문에, 병원에 간 적 있어?"
신체학대,12,맞은 거 때문에 다치거나 병원에 가서 치료받은 적이 있나요?
신체학대,12,맞은 것 때문에 다쳐서 병원에 가서 치료받은 적 있나요?
신체학대,12,"맞은 것 때문에, 병원에 가서 치료받은 적이 있나요?"
신체학대,12,맞아서 얼마나 다쳤나요?
신체학대,12,맞은 것 때문에 다치거나 병원에 가서 치료받은 적 있어요?
신체학대,12,맞은 거 때문에 다치거나 병원에 가서 치료받은 적 있나요?
신체학대,12,그렇게 맞아서 병원에 가야 한 적이 있었나요?
신체학대,12,"맞은 것 때문에, 병원에 간 적 있어요?"
신체학대,12,맞은 것 때문에 병원에서 치료받은 적 있어?
신체학대,12,맞은 것 때문에 병원에 가야 할 정도였나요?
신체학대,12,맞아서 다치거나 병원에서 치료받은 적 있어요?
신체학대,12,맞은 것 때문에 병원에서 치료받았나요?
신체학대,12,맞아서 병원에 가서 치료받은 적 있어요?
신체학대,12,맞은 것 때문에 다치거나 병원에 가서 치료받은 적 있어?
신체학대,12,"맞은 것 때문에, 병원에 간 적이 있어요?"
신체학대,12,맞은 것 때문에 다치거나 병원에 가서 치료 받은 적이 있나요?
신체학대,12,맞아서 다치거나 병원에 간 적도 있나요?
신체학대,12,맞아서 얼마나 다쳤어?
신체학대,12,맞아서 얼마나 다쳤어? 병원 갔어?
신체학대,12,엄마에게 맞은 것 때문에 다치거나 병원에 가서 치료를 받은 적 있어?
신체학대,12,"맞은 것 때문에, 병원에 간 적도 있나요?"
신체학대,12,맞은 것 때문에 다치거나 병원에 간 적이 있나요?
신체학대,12,"맞은 것 때문에 다치거나, 병원에서 치료받은 적이 있나요?"
신체학대,12,맞아서 얼마나 다쳤어요? 병원에서 치료받은 적 있나요?
신체학대,12,그때 맞은 것 때문에 병원에 가서 치료를 받았나요?
신체학대,12,맞은 것 때문에 다치거나 병원에 가서 치료를 받은 적이 있나요? 맞아서 얼마큼 다쳤어요?
신체학대,12,그렇게 맞은 것 때문에 다치거나 병원에 가서 치료를 받은 적 있어?
신체학대,12,엄마한테 맞아서 병원에 가거나 치료를 받아야 했던 적이 있어?
신체학대,12,"맞아서 다친 것 때문에, 병원에 입원한 적 있어?"
신체학대,12,화상을 제외하고 할머니한테 맞아서 병원을 간 적이 있어?
신체학대,12,아저씨한테 맞은 것 때문에 다치거나 병원에 가서 치료를 받은 적 있어?
신체학대,12,맞아서 병원 갈 정도로 다쳤어?
신체학대,12,맞아서 얼마나 다쳤을까?
신체학대,12,선생님에게 맞은 것 때문에 다치거나 병원에 가서 치료를 받은 적 있나요?
신체학대,12,학원 선생님께 맞은 것 때문에 다치거나 병원에 가서 치료를 받은 적 있어?
신체학대,12,그 뒤로 맞은 적이 있나요?
신체학대,12,맞은 것 때문에 다치거나 병원에서 치료받은 적이 있나요?
신체학대,12,"엄마한테 맞은 것 때문에, 병원에 가서 치료받은 적 있어?"
신체학대,12,맞은 것 때문에 다치거나 병원의 치료를 받은 적이 있나요?
신체학대,12,그렇게 맞은 것 때문에 다치거나 병원에 간 적도 있나요?
신체학대,12,담임선생님께 맞은 것 때문에 다치거나 병원에 가서 치료받은 적 있어?
신체학대,12,"맞은 것 때문에, 병원에 가서 치료를 받은 적 있어요?"
신체학대,12,"맞은 것 때문에, 병원에 가서 치료를 받은 적 있어?"
신체학대,12,어른들에게 맞아서 다치거나 병원에 가서 치료받은 적이 있나요?
신체학대,12,맞은 것 때문에 다치거나 병원에 가서 치료를 받은 적 있나요? 맞아서 얼마큼 다쳤어요?
신체학대,12,맞은 것 때문에 다치거나 병원에 가서 치료를 받은 적이 있어요?
신체학대,12,맞은 것 때문에 다치거나 병원에 가서 치료를 받은 적도 있나요?
신체학대,12,"맞은 것 때문에, 병원에 가서 치료를 받은 적이 있나요?"
신체학대,12,아저씨한테 맞아서 병원에 가거나 치료받은 적 있어?
신체학대,12,그때 이후로 맞은 적 없다가 이번 일이 생긴 거야?
신체학대,12,맞은 거 때문에 다치거나 병원에 가서 치료받은 적 있어?
신체학대,12,"선생님한테 맞은 것 때문에, 병원에 가서 치료를 받은 적 있어요?"
신체학대,12,맞아서 다치거나 병원에 가서 진료를 받은 적 있어요?
신체학대,12,원장님한테 맞아서 병원에서 치료를 받아야 할 만큼 다친 적 있어?
신체학대,12,"맞은 것 때문에, 병원에 간 적 있어?"
신체학대,12,언니한테 맞아서 병원에 간 적은 없어요?
신체학대,12,얼마나 심하게 때리나요? 맞은 것 때문에 다치거나 병원에 간 적 있어요?
신체학대,12,피멍이 든 곳은 치료받았나요?
신체학대,12,맞은 거 때문에 다치거나 병원에 가서 치료를 받은 적 있어요?
신체학대,12,맞은 거 때문에 다치거나 병원에 가서 치료받은 건 이번이 처음이에요?
신체학대,12,맞은 것 때문에 병원에 가서 치료를 받은 적이 있나요?
신체학대,12,맞은 것 때문에 다쳐서 병원에 간 적이 있나요?
신체학대,12,맞은 것 때문에 다치거나 병원에 가서 치료를 받은 적이 있을까?
신체학대,12,보모 선생님한테 맞아서 다치거나 병원에 가서 치료받은 적 있어?
신체학대,12,맞은 것 때문에 다치거나 병원에서 가서 치료를 받은 적이 있나요?
신체학대,12,맞은 것 때문에 병원에서 치료받은 적이 있어?
신체학대,12,맞은 것 때문에 다치거나 치료를 받은 적이 있나요?
신체학대,12,센터 선생님에게 맞은 것 때문에 다치거나 병원에 가서 치료를 받은 적 있나요?
신체학대,12,맞아서 다쳤나요?
신체학대,12,"맞은 것 때문에, 병원에 간 적도 있어요?"
신체학대,12,형한테 맞아서 병원에 간 적이 있나요?
신체학대,12,"맞은 것 때문에, 병원에 간 적은 없어?"
신체학대,12,맞은 것 때문에 다치거나 병원에서 치료를 받은 적이 있나요?
신체학대,12,맞은 것 때문에 다치거나 병원에 간 적이 있어요?
신체학대,12,맞은 것 때문에 다치거나 병원에 가서 치료받은 적이 있어?
신체학대,12,선생님에게 맞아서 얼마나 다쳤나요?
신체학대,12,맞은 것 때문에 병원이나 양호실에 간 적 있어요?
신체학대,12,맞은 상처 때문에 병원 가서 치료받은 적은 있나요?
신체학대,12,체벌 때문에 다치거나 병원에 가서 치료받은 적이 있어?
신체학대,12,목사님께 맞은 것 때문에 다치거나 병원에 가서 치료를 받은 적 있어?
신체학대,12,"맞은 것 때문에, 병원에 간 적 있나요?"
신체학대,12,선생님한테 맞아서 얼마나 다쳤나요?
신체학대,12,시설 선생님께 맞은 것 때문에 다치거나 병원에 가서 치료를 받은 적 있어?
신체학대,12,맞은 것 때문에 다치거나 병원에 가서 치료를 받아야 한 적은 있어?
신체학대,12,맞은 것 때문에 다치거나 병원에서 치료를 받은적이 있나요?
신체학대,12,맞은 것 때문에 병원가서 치료를 받은 적 있어요?
신체학대,12,새엄마에게 맞은 것 때문에 다치거나 병원에 가서 치료를 받은 적 있어?
신체학대,12,맞은 거 때문에 다치거나 병원에 가서 치료를 받은 적이 있나요?
신체학대,12,맞은 것 때문에 다치거나 병원에 가서 치료받은 적도 있나요?
신체학대,12,맞은 것 때문에 얼마나 다쳤어요? 병원에 간 적이 있나요?
신체학대,12,맞은 것 때문에 치료하러 병원 간 적 있어?
신체학대,12,맞은 것 때문에 수술하거나 입원한 적 있어?
신체학대,12,어머니께 맞은 것 때문에 다치거나 병원에 가서 치료를 받은 적 있어?
신체학대,12,맞은 것 때문에 다치거나 병원에 간 적 있어요?
신체학대,12,맞은 거 때문에 다치거나 병원에 가서 치료받은 적이 있을까?
신체학대,12,맞고 나서 치료를 위해 병원을 갔나요?
신체학대,12,누나에게 맞은 것 때문에 다치거나 병원에 가서 치료를 받은 적이 있나요?
신체학대,12,맞은 것 때문에 다치거나 병원에 가서 치료받은 적 있나요?
신체학대,12,담임선생님한테 맞은 걸로 병원이나 양호실에 가서 치료를 받은 적 있어요?
신체학대,12,친구는 맞은 것 때문에 다치거나 병원에 가서 치료를 받은 적 있어요?
신체학대,12,친구는 맞은 것 때문에 다치거나 병원에 가서 치료받은 적이 있나요?
신체학대,12,맞아서 병원에 간 적이 있나요?
신체학대,12,맞아서 다치거나 병원에 갔던 적이 있어요?
신체학대,12,맞은 것 때문에 다치거나 병원에 가서 치료받은 적은 있어?
신체학대,12,얼마나 다쳤어?
신체학대,12,그런 일 때문에 치료하러 병원에 간 적 있어?
신체학대,12,얼마나 다쳤어요?
신체학대,12,얼마큼 다쳤어요? 다치거나 병원에 가서 치료받은 적 있어요?
신체학대,12,"이렇게 다친 것 때문에, 병원에 가서 치료를 받은 적이 있나요?"
신체학대,12,멍들고 부어서 병원에 가서 치료를 받은 적 있니?
신체학대,12,얼마나 다쳤나요?
신체학대,12,이렇게 다친 것 때문에 병원에 가서 치료를 받은 적이 있어요?
신체학대,12,병원에 입원한 적도 있어요?
신체학대,12,얼마나 다쳤어? 병원에서 치료받은 적도 있을까?
신체학대,12,맞아서 병원 간 적 있어?
신체학대,12,병원에서 어떤 조치를 받았어요?
신체학대,12,이렇게 다친 것 때문에 병원에 가서 치료를 받은 적 있어?
신체학대,12,병원에 입원한 적도 있어?
신체학대,12,치료는 어떻게 했나요? 병원에 간 적도 있어요?
신체학대,12,병원 가서 치료받았어?
신체학대,12,맞아서 병원에 입원한 적 있어?
신체학대,12,"다친 거 때문에, 병원에 가서 치료를 받은 적 있나요?"
신체학대,12,병원에 입원한 적도 있나요?
신체학대,12,"다친 것 때문에, 병원에 간 적이 있어요?"
신체학대,12,"다친 것 때문에, 병원에 가서 치료를 받은 적 있나요?"
신체학대,12,병원에서는 뭐라고 하던가요?
신체학대,12,"이렇게 다친 것 때문에, 병원에 가서 치료받은 적 있나요?"
신체학대,12,이렇게 다친 것 때문에 병원에 가서 치료받은 적 있어?
신체학대,12,"그렇게 다친 것 때문에, 병원에 가서 치료를 받은 적이 있나요?"
신체학대,12,병원에 가서 치료를 받은 적 있어요?
신체학대,12,다쳐서 병원에 간 적도 있어요?
신체학대,12,병원에 갈 정도로 다친 적이 있나요?
신체학대,12,이렇게 다친 거 때문에 병원 가서 치료받은 적 있어요?
신체학대,12,병원에 입원한 적 있나요?
신체학대,12,이렇게 다친 것 때문에 병원에 가서 치료를 받은 적이 있나요?
신체학대,12,이렇게 다친 것 때문에 병원 간 적도 있나요?
신체학대,12,"이렇게 다친 것 때문에, 병원에 가서 치료받은 적 있어?"
신체학대,12,병원에 갈 정도로 다친 적도 있나요?
신체학대,12,병원에 가서 치료받았어?
신체학대,12,병원에 간 적은 있나요?
신체학대,12,입원해야 하거나 수술을 해야 했을까?
신체학대,12,병원 가서 치료받은 적 있어?
신체학대,12,상처로 병원에 간 적 있어요?
신체학대,12,"이렇게 다친 것 때문에, 병원에 간 적이 있어요?"
신체학대,12,"이렇게 다친 것 때문에, 병원에 가서 치료받은 적도 있어요?"
신체학대,12,"다친 것 때문에, 병원에 간 적이 있을까?"
신체학대,12,이렇게 다친 것 때문에 병원에 가서 치료를 받은 적 있나요?
신체학대,12,그래서 얼마나 아팠어요? 다치거나 상처 나진 않았어요?
신체학대,12,다리랑 팔이랑 빨갛게 돼서 병원에 간 적 있나요?
신체학대,12,병원에 가야 할 정도였어?
신체학대,12,입원하거나 수술해야 할 정도였나요?
신체학대,12,"이렇게 다친 것 때문에, 병원에 가서 치료받은 적 있어요?"
신체학대,12,"다친 것 때문에, 병원에 간 적은 있어?"
신체학대,12,그렇게 다친 것 때문에 치료하러 병원 간 적 있어?
신체학대,12,"다친 것 때문에, 병원에 가서 치료받은 적이 있나요?"
신체학대,12,그렇게 다쳐서 병원에 가서 치료를 받았나요?
신체학대,12,그래서 병원에 가서 치료를 받은 적이 있니?
신체학대,12,"이렇게 다친 것 때문에, 병원에 가서 치료를 받은 적 있어요?"
신체학대,12,"그런 것 때문에, 병원에 간 적이 있어?"
신체학대,12,병원에 몇 번이나 갔어?
신체학대,12,할머니 때문에 병원 가서 치료받은 적 있어?
신체학대,12,"이렇게 다친 것 때문에, 병원에 가서 치료도 받았어?"
신체학대,12,"다친 것 때문에, 병원에 간 적이 있나요?"
신체학대,12,이렇게 다쳐서 병원에 가서 치료를 받았나요?
신체학대,12,"다친 것 때문에, 병원에 가서 치료받은 적 있어요?"
신체학대,12,병원에 가서 치료를 받았어?
신체학대,12,목 졸려서 얼마나 다쳤어요?
신체학대,12,"이렇게 다친 것 때문에, 병원에 가서 치료를 받은 적 있나요?"
신체학대,12,얼마나 다쳤나요? 병원에서 치료받았나요?
신체학대,12,이렇게 다친 것 때문에 병원 가서 치료받은 적 있어?
신체학대,12,이렇게 맞아서 병원에 가서 치료를 받은 적 있나요?
신체학대,12,병원에 간 적도 있나요?
신체학대,12,이런 일로 병원에 간 적 있어요?
신체학대,12,병원에서 어떤 치료를 받았어요?
신체학대,12,치료는 어떻게 했어요?
신체학대,12,병원에 가서 치료받은 적이 있나요?
신체학대,12,병원에는 갔나요?
신체학대,12,맞아서 병원 갔어?
신체학대,12,이렇게 다친 것 때문에 병원 간 적 있어?
신체학대,12,어떻게 아프게 했어?
신체학대,12,손목이 다쳐서 병원에 갔어?
신체학대,12,그렇게 벌을 서다가 다쳐서 병원에 가거나 치료를 받은 적이 있나요?
신체학대,12,"이렇게 다친 거 때문에, 병원에 가서 치료를 받은 적 있어요?"
신체학대,12,그래서 병원에 가서 치료를 받은 적이 있나요?
신체학대,12,"이렇게 다친 것 때문에, 병원에 가서 치료받았나요?"
신체학대,12,그런 일 때문에 치료하러 병원 간 적 있어?
신체학대,12,이렇게 다친 것 때문에 병원이나 양호실 가서 치료받았어요?
신체학대,12,병원에 간 적은 있니?
신체학대,12,얼마나 심하게 다친 거야? 병원에 가서 치료받은 적 있을까?
신체학대,12,병원에 갈 정도로 다친 적 있어요?
신체학대,12,그래서 병원에 갔었어?
신체학대,12,그 일로 다치거나 병원에서 치료를 받았나요?
신체학대,12,다쳐서 병원에 간 적이 있나요?
신체학대,12,"이렇게 다친 것 때문에, 병원에 가서 치료받은 적이 있었어?"
신체학대,12,병원에 가서 치료를 잘 받았나요?
신체학대,12,맞아서 병원에 간 적 있어요?
신체학대,12,이렇게 다쳐서 병원에 가서 치료를 받은 적 있어?
신체학대,12,"그렇게 다친 것 때문에, 병원에 가서 치료를 받은 적이 있어?"
신체학대,12,"이렇게 다친 것 때문에, 얼마나 다쳤나요?"
신체학대,12,"이렇게 다친 것 때문에, 병원에 가서 치료를 받은 적 있어?"
신체학대,12,이렇게 다친 것 때문에 병원에 가서 치료 받은 적 있어?
신체학대,12,"그것 때문에, 병원에 가서 치료를 받았던 거지?"
신체학대,12,병원에 가서 치료 받았어요?
신체학대,12,이 일로 병원에 가서 치료를 받은 적 있어요?
신체학대,14,어디를 어떻게 아프게 했어?
신체학대,14,어디를 어떤 거로 아프게 했어?
신체학대,14,어디를 어떻게 때려?
신체학대,14,무엇으로 맞았나요? 자주 때리시나요?
신체학대,14,어느 부위를 무엇으로 맞았나요? 그렇게 자주 때리나요?
신체학대,14,한 번 때리시면 몇 대나 때리셔?
신체학대,14,어느 부위를 무엇으로 맞았어요? 그렇게 자주 때리시나요?
신체학대,14,어느 부위를 무엇으로 맞았나요? 그렇게 자주 때리시나요?
신체학대,14,얼마나 맞아서 다쳤어?
신체학대,14,언제부터 그렇게 때리셨나요?
신체학대,14,어느 부위를 무엇으로 맞았나요? 자주 그렇게 때리나요?
신체학대,14,어느 부위를 무엇으로 맞았나요? 자주 그렇게 때리시나요?
신체학대,14,어디를 어떻게 아프게 하거나 때렸어요?
신체학대,14,평소에 어디를 어떻게 때려요? 그리고 얼마나 자주 때려요?
신체학대,14,한 달에 몇 번이나 맞는 것 같아요?
신체학대,14,어느 부위를 무엇으로 때려요?
신체학대,14,얼마나 때리나요? 때려서 다친 적도 있어요?
신체학대,14,어느 부위를 무엇으로 때리나요?
신체학대,14,몇 번 맞았나요?
신체학대,14,어느 부위를 무엇으로 때리셨어?
신체학대,14,맞아서 얼마큼 다쳤어요?
신체학대,14,코치님이 어느 부위를 무엇으로 때렸나요?
신체학대,14,어느 부위를 자주 맞나요?
신체학대,14,어느 부위를 무엇으로 맞았나요? 자주 그렇게 맞나요?
신체학대,14,어느 부위를 무엇으로 맞나요? 자주 그렇게 때렸나요?
신체학대,14,피가 어느 정도로 났었나요? 멍은 얼마나 지속됐나요?
신체학대,14,어디를 어떤 걸로 때렸어?
신체학대,14,어제 맞아서 얼마나 다쳤어?
신체학대,14,1주일에 몇 번 맞는 거 같아?
신체학대,14,어디를 무엇으로 때려요?
신체학대,14,맞으면 얼마나 아파요?
신체학대,14,어디를 어떻게 아프게 했나요?
신체학대,14,어디를 무엇으로 맞았어? 자주 때리셔?
신체학대,14,선생님에게 어느 부위를 무엇으로 맞았나요? 그렇게 자주 때리시나요?
신체학대,14,어머니가 어느 부위를 무엇으로 때렸나요? 그렇게 자주 때리시나요?
신체학대,14,어디 부위를 많이 다쳤나요?
신체학대,14,한 달에 몇 번 정도 때리는 것 같아?
신체학대,14,어디를 어떻게 때리나요?
신체학대,14,어느 부위를 무엇으로 맞았나요? 그렇게 자주 때렸나요?
신체학대,14,어디를 어떤 걸로 아프게 했어?
신체학대,14,어느 부위를 무엇으로 맞았나요? 자주 그렇게 때렸나요?
신체학대,14,일주일에 몇 번 정도 맞았나요?
신체학대,14,할머니가 나를 왜 때렸나요? 주로 어떤 부위를 얼마나 자주 맞았어요?
신체학대,14,어디를 어떻게 아프게 하거나 때렸어?
신체학대,14,무엇으로 어디를 때렸니?
신체학대,14,그때 그 일로 얼만큼 다쳤어요?
신체학대,14,어느 부위를 무엇으로 맞았어요? 그렇게 자주 때리나요?
신체학대,14,뭐로 얼마나 때려?
신체학대,14,보모 선생님이 어느 부위를 무엇으로 때렸어?
신체학대,14,어디를 맞았어? 자주 때리셔?
신체학대,14,언니가 어디를 어떻게 때려요?
신체학대,14,어느 부위를 때리시던가요?
신체학대,14,할머니한테 맞아서 얼마나 다쳤던 거 같아요? 말해 줄 수 있어요?
신체학대,14,어느 부위를 무엇으로 맞나요? 그렇게 자주 때리나요?
신체학대,14,어느 부위를 무엇으로 맞았어? 그렇게 자주 때려?
신체학대,14,고모가 나를 왜 때렸나요? 주로 어떤 부위를 얼마나 자주 맞았어요?
신체학대,14,무엇으로 나를 때렸어요? 자주 그렇게 때렸나요?
신체학대,14,어디를 어떻게 때렸나요?
신체학대,14,어떤 걸로 어디를 때렸어요?
신체학대,14,긴 자로 어디를 때렸어요?
신체학대,14,어느 부위를 무엇으로 때리나요? 그렇게 자주 때리나요?
신체학대,14,어느 부위를 무엇으로 때려?
신체학대,14,얼마나 아프게 했어?
신체학대,14,어느 부위를 무엇으로 맞았나요? 그렇게 자주 맞았어요?
신체학대,14,어디를 어떻게 아프게 했어/때렸어?
신체학대,14,어디를 어떻게 아프게 했어? 때렸어?
신체학대,14,어디를 어떻게 때리나요? 그렇게 자주 때려요?
신체학대,14,어느 부위를 무엇으로 맞는 거야? 얼마나 자주 때려?
신체학대,14,어느 부위를 무엇으로 맞은 거야? 얼마나 자주 때렸어?
신체학대,14,어디를 어떻게 아프게 했어요?
신체학대,14,어느 부위를 무엇으로 때렸나요?
신체학대,14,어느 부위를 무엇으로 맞았어요? 자주 때려요?
신체학대,14,관장님이 어디를 어떻게 때렸어?
신체학대,14,도구로 맞은 적도 있나요?
신체학대,14,한 달에 몇 번 정도 그렇게 때리시나요?
신체학대,14,어디를 어떻게 때려? 자세히 알려줄 수 있어?
신체학대,14,오빠가 그렇게 때리면 얼마큼 아파요?
신체학대,14,회초리로 맞으면 얼마나 다쳐?
신체학대,14,무엇으로 어디를 맞았나요? 자주 그렇게 때리나요?
신체학대,14,부모님이 일주일에 몇 번 때렸어?
신체학대,14,한 번 때리면 얼마나 때리셔?
신체학대,14,어느 부위를 무엇으로 때렸어요?
신체학대,14,허벅지를 때린 긴 막대로 평소에도 새아빠가 때렸나요?
신체학대,14,어느 부위를 무엇으로 맞았나요? 자주 그렇게 때려요?
신체학대,14,가방으로 어느 곳을 때렸어?
신체학대,14,도구를 써서 때린 적이 있나요?
신체학대,14,어느 부위를 무엇으로 때리시나요? 그렇게 자주 때리나요?
신체학대,14,어느 부위를 어떻게 때리시나요? 그렇게 자주 때려요?
신체학대,14,그렇게 자주 때리시나요?
신체학대,14,자주 때리나요?
신체학대,14,얼마나 자주 그랬나요?
신체학대,14,얼마나 자주 때리시나요?
신체학대,14,그 이후에도 때린 적이 있어?
신체학대,14,자주 때려?
신체학대,14,그렇게 자주 때리셔?
신체학대,14,평소에 자주 때리시나요?
신체학대,14,그렇게 자주 때려요?
신체학대,14,그렇게 맞는 일이 자주 있어?
신체학대,14,평소 담임선생님이 자주 때리시나요?
신체학대,14,자주 때리시나요?
신체학대,14,그렇게 자주 때렸나요?
신체학대,14,자주 그러나요?
신체학대,14,그렇게 자주 때리나요?
신체학대,14,그렇게 자주 때리셨나요?
신체학대,14,한 달에 몇 번 정도 그러세요?
신체학대,14,얼마나 자주 맞나요?
신체학대,14,자주 그렇게 때리셔?
신체학대,14,그런 일이 자주 있나요?
신체학대,14,얼마나 자주 맞았어?
신체학대,14,자주 때리셔?
신체학대,14,자주 맞았어?
신체학대,14,그런 일이 자주 일어났나요?
신체학대,14,술을 드실 때만 때리셨어요?
신체학대,14,그렇게 자주 때리나요? 한 달에 몇 번 때리나요?
신체학대,14,자주 때려요?
신체학대,14,얼마나 자주 때리나요?
신체학대,14,자주 그랬나요?
신체학대,14,선생님이 자주 그렇게 때리셨어요?
신체학대,14,원장님이 자주 때려?
신체학대,14,자주 때리시니?
신체학대,14,자주 그러셔?
신체학대,14,코치님이 자주 때리시나요?
신체학대,14,평소 자주 때리시나요?
신체학대,14,평소에 자주 때리셔?
신체학대,14,자주 때리셨나요?
신체학대,14,평소에 선생님이 자주 때리시나요?
신체학대,14,자주 맞나요?
신체학대,14,얼마나 자주 그렇게 맞나요?
신체학대,14,그렇게 자주 그러셔?
신체학대,14,그런 식으로 자주 맞았어?
신체학대,14,자주 혼나?
신체학대,14,평소 선생님이 자주 때리시나요?
신체학대,14,일주일에 몇 번 정도 때리세요?
신체학대,14,이런 일이 자주 있어요?
신체학대,14,평소에도 자주 때려요?
신체학대,14,평소에 부모님이 자주 때리시니?
신체학대,14,이런 일이 얼마나 자주 있어?
신체학대,14,얼마나 자주 그랬어요?
신체학대,14,선생님은 어떻게 때리나요? 얼마나 자주 때려요?
신체학대,14,자주 때리시나요
신체학대,14,일주일에 몇 번 정도 그랬어?
신체학대,14,그렇게 자주 때리셨어?
신체학대,14,얼마 만에 한 번씩 때려?
신체학대,14,그렇게 자주 때리는 편이야?
신체학대,14,그렇게 자주 때리시나요? 일주일에 몇 번이나 그런 일이 있었나요?
신체학대,14,자주 그러는 것 같아?
신체학대,14,자주 그렇게 때리나요?
신체학대,14,평소에 자주 때리시니?
신체학대,14,그것 말고도 더 맞은 적이 있나요? 얼마나 자주 맞았어요?
신체학대,14,외삼촌이 어떻게 때렸나요? 얼마나 자주 그랬어요?
신체학대,14,자주 그래요?
신체학대,14,그렇게 자주 때리세요?
신체학대,14,자주 맞는 편이야?
신체학대,14,"한 달에 한 번은 때린다고 했는데, 또 때렸던 다른 상황 이야기 해줄래요?"
신체학대,14,이런 일이 자주 있었니?
신체학대,14,얼마나 자주 그렇게 때려?
신체학대,14,그렇게 하고 나서도 계속 때리셨어요?
신체학대,14,얼마나 자주 그래요?
신체학대,14,형이 나를 자주 때리나요?
신체학대,14,얼마나 자주 때리시는 거야? 일주일에 몇 번 정도야?
신체학대,14,이런 일들이 자주 일어나요?
신체학대,14,일주일에 몇 번 정도 그랬어요?
신체학대,14,이전에도 그런 식으로 자주 맞았나요?
신체학대,14,평소에 보모 선생님이 자주 때리셔?
신체학대,14,언니가 친구를 자주 때려요?
신체학대,14,등이랑 다리랑 자주 때리시나요?
신체학대,14,얼마나 자주 때렸나요?
신체학대,14,그런 일이 자주 일어나요?
신체학대,14,그런 적이 자주 있나요?
신체학대,14,형이 어떤 것을 자주 시켜요?
신체학대,14,그런 일이 얼마나 자주 있어요?
신체학대,14,평소에 보모 선생님이 그렇게 자주 때리셔?
신체학대,14,얼마나 자주 맞았어요?
신체학대,14,얼마나 자주 때렸어요?
신체학대,14,자주 때리셔? 왜 때리신 거야?
신체학대,14,그렇게 자주 때려?
신체학대,14,그 친구가 자주 그렇게 하나요?
신체학대,14,자주 때렸나요?
신체학대,14,평소 자주 때리시니?
신체학대,14,그런 적이 자주 있었나요?
신체학대,14,얼마나 자주 때려?
신체학대,14,한 달에 몇 번 정도 때리셔?
신체학대,14,최근에도 할머니가 때렸어?
신체학대,14,그렇게 자주 혼내셔?
신체학대,14,선생님이 자주 때리나요?
신체학대,14,얼마나 자주 친구를 때려?
신체학대,14,자주 때리는 편이에요?
신체학대,14,자주 그런 행동을 하신 적이 있나요?
신체학대,14,평소에 자주 때리나요?
신체학대,14,평소에도 그렇게 자주 때리시나요?
신체학대,14,자주 그렇게 때리세요?
신체학대,14,얼마나 자주 그러시나요?
신체학대,14,평소에 자주 때리시는 편이야?
신체학대,14,자주 그렇게 때리시나요?
신체학대,14,그렇게 자주 때리고 밀치고 그러셔?
신체학대,14,자주 그렇게 때리시는 거야?
신체학대,14,그러면 하루에 몇 대나 때려요?
신체학대,14,일주일에 몇 번 종종 때렸어요?
신체학대,14,이런 일이 자주 일어나요?
정서학대,-1,실제로 쫓아낸 적도 있나요?
정서학대,-1,훈육 방은 어떤 방이야?
정서학대,-1,그 방에 보내지면 뭐 해?
정서학대,-1,언제까지 못 나오는 거야?
정서학대,-1,"그다음, 어떻게 했나요?"
정서학대,-1,그렇게 말하고 진짜로 쫓아낸 적은 있어요?
정서학대,-1,편하게 믿고 이야기해도 돼요. 괜찮아요.
정서학대,-1,어디 갇혀서 못 나온 적이 있어요?
정서학대,-1,왜 그렇게 말씀하실까요?
정서학대,-1,"아까, 음/ 선생님이 타임아웃 방이라는 곳에 가두었다고 했는데 그 방에 대해서 설명해 줄 수 있을까요?"
정서학대,-1,그럼 친구는 그 방에서 얼마나 갇혀있었어요?
정서학대,-1,친구를 도와주기 위해선 꼭 필요해요. 비밀을 지켜줄 테니까 이야기해도 안전해요.
정서학대,-1,부모님한테 관심이 없다는 이야기야?
정서학대,-1,숙제할 때 잘 모르는 문제가 있으면 부모님이 도와주시나요?
정서학대,-1,몇 시간 동안 못 나오게 했어요?
정서학대,-1,그날 집에는 몇 시에 들어왔어요?
정서학대,-1,거머리라고만 하셨나요?
정서학대,-1,그 뒤엔 어떻게 행동하시나요?
정서학대,-1,나랑 동생이 보고 있는 곳에서요?
정서학대,-1,아저씨의 어떤 행동을 말하면 안 된다고 했어?
정서학대,-1,또 다른 일도 있나요?
정서학대,-1,그 후 어떻게 됐나요?
정서학대,-1,예를 들면 어떤 게 있나요?
정서학대,-1,전 시설은 어땠나요?
정서학대,-1,지금 한 번 천천히 떠올려 보면 어때요?
정서학대,-1,실제로 불을 지르셨나요?
정서학대,-1,시설 선생님이 또 다른 말도 했었나요?
정서학대,-1,왜 못했어요?
정서학대,-1,친구는 센터에 오는 것이 싫었는데 온 건가요?
정서학대,-1,또 어떤 행동을 해?
정서학대,-1,괜찮아요. 정말 비밀을 지켜줄 테니까 이야기해도 괜찮아요.
정서학대,-1,못 나오고 계속 누워있었나요?
정서학대,-1,선생님이 어떻게 무시했어요?
정서학대,-1,지금은 그 과외를 하고 있나요?
정서학대,-1,그 후 어떻게 하시나요?
정서학대,-1,원장 선생님은 왜 그런 건지 알고 있어요?
정서학대,-1,왜 못 말해요?
정서학대,-1,실제로 내쫓은 적도 있어요?
정서학대,-1,밤에 그 선생님이 와서 어떤 행동을 해요?
정서학대,-1,그날 또 무슨 일이 있었나요?
정서학대,-1,그 뒤로는 어떤 일이 일어났나요?
정서학대,-1,반성 방에 가면 뭘 하나요?
정서학대,-1,엄마랑은 지금 따로 살고 있어요?
정서학대,-1,그 안에서 얼마나 있었어요?
정서학대,-1,왜 말하고 싶지 않은 걸까?
정서학대,-1,진짜로 쫓아냈나요?
정서학대,-1,그럼 한 달 동안 서로 대화 없이 같이 살고만 있는 건가요?
정서학대,-1,집에서 규칙을 따라야 할 때 기분이 어땠어?
정서학대,-1,공부에 대한 잔소리는 한 달에 몇 번 하는 것 같아?
정서학대,-1,"정말로, 친구가 말하는 건 모두 비밀이니까 괜찮아요. 믿고 이야기해 주세요."
정서학대,-1,언제 그 사실을 알게 됐나요?
정서학대,-1,퇴소시킨 이유를 물어봤나요?
정서학대,-1,그 뒤로 원장님이 뭐라고 안 했나요?
정서학대,-1,가서 정말로 청소를 했나요?
정서학대,-1,혼자 다 정리했나요?
정서학대,-1,친구에게도 살 필요가 없다고 말하였나요?
정서학대,-1,"아빠, 엄마 둘 다 그런가요?"
정서학대,-1,그럼 어떻게 하는 편이야?
정서학대,-1,실제로 내보낸 적도 있어요?
정서학대,-1,선생님이 목걸이만 주고 끝났나요?
정서학대,-1,친구만 혼나고 다른 친구들은 넘어갔나요?
정서학대,-1,"그래서 배신감 때문에, 보육원에 있기가 싫다고 했군요?"
정서학대,-1,투명 인간이 뭔가요?
정서학대,-1,한 사람한테 라면 열 개요?
정서학대,-1,다 못 먹으면 어떻게 되나요?
정서학대,-1,투명 인간은 어떻게 하면 당하나요?
정서학대,-1,이모가 와도 똑같나요?
정서학대,-1,나에게도 폭력을 가했나요?
정서학대,-1,지금 다리를 심하게 떠네요.
정서학대,-1,다리 떤 지는 오래됐나요? 버릇인가요?
정서학대,-1,그래서 집을 나갔니?
정서학대,-1,아저씨는 왜 그런 말을 한 것 같아?
정서학대,-1,그래서 어떻게 행동했어요?
정서학대,-1,할머니는 왜 그렇게 말하는 것 같아?
정서학대,-1,진짜로 쫓아내셨나요?
정서학대,-1,하루 만에 열어주신 건가요?
정서학대,-1,원장님이 왜 그러는 것 같아?
정서학대,-1,평소에 아버지가 술을 자주 드시나요? 술을 마시고 난폭하게 할 때가 많아요?
정서학대,-1,지금은 시설에서는 어떤가요?
정서학대,-1,선생님이 왜 우리 친구에게 관심이 없는 것 같아?
정서학대,-1,그런 일 말고도 다른 일이 또 있었어?
정서학대,-1,그거 말고 다른 일은 없어?
정서학대,-1,선생님이 아무런 조치를 하지 않으셨나요?
정서학대,-1,그래서 너는 동생을 몇 대 때렸어?
정서학대,-1,동생은 너를 몇 대 때렸어?
정서학대,-1,누가 어떤 행동을 하시나요?
정서학대,-1,어디서 얼마나 있다가 들어왔어? 뭐 하고 있었어?
정서학대,-1,그때 상황을 좀 더 자세히 설명해 줄 수 있어?
정서학대,-1,친구와는 대화나 행동은 똑같나요?
정서학대,-1,어떻게 다른가요?
정서학대,-1,한 달 전에는 사이가 좋으셨나요?
정서학대,-1,"금방 화해할 줄 알았는데, 길어져서 불안해지고 있군요?"
정서학대,-1,아빠가 평소 술을 많이 드시나요?
정서학대,-1,선생님이 항상 그렇게 얘기하시나요?
정서학대,-1,선생님이 어떻게 했나요?
정서학대,-1,왜 멍청하다고 말하나요?
정서학대,-1,형이 알려주지 않고 욕만 하나요?
정서학대,-1,형이 욕을 덜 하면 어떨 것 같나요?
정서학대,-1,학원 선생님과 무슨 일이 있었어요?
정서학대,-1,좀 더 자세하게 상황을 설명해 줄 수 있어요?
정서학대,-1,누나가 많이 위로해 주나요?
정서학대,-1,지금도 그 센터를 다니고 있나요?
정서학대,-1,전에 있던 곳은 어땠나요?
정서학대,-1,어떤 행동을 하셨나요?
정서학대,-1,그러고 어떻게 행동하시나요?
정서학대,-1,잘 못하면 어떻게 되나요?
정서학대,-1,어떤 시간 규칙이 있나요?
정서학대,-1,안 지키면 언니 방으로 가는 건가요?
정서학대,-1,구체적으로 원장 선생님이 했던 말 그대로 해줄래요?
정서학대,-1,어느 정도 방에 있었어요?
정서학대,-1,어떻게 부추기나요?
정서학대,-1,또 어떤 행동을 하나요?
정서학대,-1,그 뒤로 어떤 일이 있었나요?
정서학대,-1,몇 시까지 진행되나요?
정서학대,-1,또 다른 일이 있었나요?
정서학대,-1,2주 동안 학교를 안 갔던 이유가 있어요?
정서학대,-1,병원은 일주일에 몇 번 정도 가?
정서학대,-1,말하고 싶지 않아요?
정서학대,-1,선생님이 도울 수 있는 게 있으면 돕고 싶은데 알려줄 수 없을까요?
정서학대,-1,용기 내줘서 저한테 말해줘서 고마워요.
정서학대,-1,다용도실에 대해서 좀 알려줄 수 있어? 어떻게 생긴 곳이야?
정서학대,-1,그 방에서 얼마나 갇혀 있었어?
정서학대,-1,그 방에서 뭐 했어?
정서학대,-1,친구가 억울하다고 말했는데 선생님들은 왜 안 믿어준 것 같아?
정서학대,-1,누가 뭐라고 그랬어요?
정서학대,-1,간단하게만 이야기해 줄 수 있어요?
정서학대,-1,자세히 이야기해 줄 수 있어요?
정서학대,-1,그래서 밖에 얼마나 서 있었나요?
정서학대,-1,이상한 일을 구체적으로 설명해 줄래요?
정서학대,-1,원장님이 어떻게 했는데?
정서학대,-1,선생님이 실제로 던지지는 않았나요?
정서학대,-1,어떤 행동을 하나요?
정서학대,-1,공부를 잘했을 때는요?
정서학대,-1,담임선생님이 그렇게 하는 이유가 뭐라고 생각해요?
정서학대,-1,학원 선생님이 어떻게 했어요?
정서학대,-1,왜 밖에 못 나가게 하시나요?
정서학대,-1,그러면 패야 하나요?
정서학대,-1,안 한 적이 있나요?
정서학대,-1,엄마는 아빠의 행동에 어떤 제지가 없나요?
정서학대,-1,말할 수 없는 이유가 있을까?
정서학대,-1,원장님이 왜 물건을 던진 것 같아?
정서학대,0,그런 적 있어요?
정서학대,0,한 달에 몇 번 정도 그런 일이 있어?
정서학대,0,보통 무엇을 자주 시켜요?
정서학대,0,그런 일이 자주 있나요?
정서학대,0,평소에 그런 일이 자주 일어나?
정서학대,0,그렇게 자주 말하셔?
정서학대,0,얼마나 자주 그래요?
정서학대,0,얼마나 자주 그래?
정서학대,0,그런 일이 자주 있어요?
정서학대,0,얼마나 자주 비교해?
정서학대,0,방에 있을 때 어떤 상황이 자주 나타났어요?
정서학대,0,한 달에 몇 번 그랬어?
정서학대,0,언제 그랬나요?
정서학대,0,언제부터 그런 일이 있었나요?
정서학대,0,그런 말을 자주 하셔?
정서학대,0,한 달에 몇 번 정도 그랬어?
정서학대,0,그런 일이 일주일에 몇 번 있어요?
정서학대,0,일주일에 몇 번 정도 그래요?
정서학대,0,아빠가 얼마나 자주 그랬나요?
정서학대,0,자주 그러나요?
정서학대,0,그런 말을 자주 했나요?
정서학대,0,얼마나 자주 그런 말을 하셔?
정서학대,0,원장님이 자주 그런 행동을 하시나요?
정서학대,0,이런 일은 얼마 만에 한 번씩 있어?
정서학대,0,그런 이야기를 선생님이 자주 하시나요?
정서학대,0,그런 적이 자주 있어요?
정서학대,0,그런 이야기를 얼마 만에 한 번씩 들어?
정서학대,0,이런 일이 몇 번이나 있었어?
정서학대,0,또 그런 적이 있나요?
정서학대,0,아버지가 자주 그러시니?
정서학대,0,얼마나 자주 그런 일이 있어?
정서학대,0,얼마나 자주 그러나요?
정서학대,0,얼마나 자주 그러실까?
정서학대,0,언제 다시 열어주셨나요?
정서학대,0,그런 일이 자주 있어?
정서학대,0,선생님이 자주 그런 말을 하셔?
정서학대,0,또 그런 일이 있었나요?
정서학대,0,그럴 때가 자주 있어?
정서학대,0,아빠가 얼마나 자주 그러셔?
정서학대,0,얼마나 자주 그러셔?
정서학대,0,얼마나 자주 그랬어?
정서학대,0,얼마나 자주 그런 일이 있어요?
정서학대,0,그런 말을 얼마나 자주 해?
정서학대,0,일주일에 몇 번 정도 그런 일이 있어?
정서학대,0,그런 일이 자주 일어나나요? 어떤 기분이 드나요?
정서학대,0,엄마가 자주 그러셔?
정서학대,0,자주 그러시나요?
정서학대,0,얼마나 자주 친구한테 그렇게 말하는 거야?
정서학대,0,얼마나 자주 그러셨어?
정서학대,0,방금까지 말한 일들이 얼마나 오랫동안 유지된 건가요?
정서학대,0,얼마나 자주 해?
정서학대,0,그런 말을 자주 하세요?
정서학대,0,이런 적이 자주 있나요?
정서학대,0,일주일에 몇 번 그런 말을 하셔?
정서학대,0,그렇게 말하는 일이 자주 있나요?
정서학대,0,그런 일이 자주 있었니?
정서학대,0,얼마 만에 한 번씩 그런 이야기를 해?
정서학대,0,언제 그랬어?
정서학대,1,어른들이 다른 아이들이랑 비교할 때 있어?
정서학대,1,어른들이 나를 다른 아이들과 비교하나요?
정서학대,1,어른들이 나를 다른 친구들과 비교하나요?
정서학대,1,어른들이 나를 다른 아이들과 비교하니?
정서학대,1,어른들이 친구를 다른 아이들과 비교한 적이 있었어요?
정서학대,1,어른들이 친구를 다른 아이들과 비교하나요?
정서학대,1,어른들이 친구와 다른 아이들을 비교해요?
정서학대,1,어른들이 우리 친구를 다른 아이들과 비교하는 편이야?
정서학대,1,혹시 어른들이 다른 아이들 있는 곳에서 친구를 혼내신 적이 있니?
정서학대,1,부모님이 나를 다른 사람들과 비교한 적이 있어?
정서학대,1,어른들이 친구를 다른 아이들과 비교하시기도 하니?
정서학대,1,선생님이 나를 다른 아이들과 비교하나요? 얼마나 자주 그래요?
정서학대,1,어른들이 다른 아이들이랑 비교를 많이 하나요?
정서학대,1,어른들이 나를 다른 아이들과 비교하나요
정서학대,1,어른들이 나를 다른 사람들과 비교한 적 있어?
정서학대,1,나를 다른 사람과 비교하나요?
정서학대,1,다른 아이들이랑 비교할 때도 있나요?
정서학대,1,어른들이 친구를 다른 사람 앞에서 혼내거나 다른 친구와 비교한 적이 있을까?
정서학대,1,어른들이 다른 아이들과 비교하는 편이야?
정서학대,1,친구를 다른 아이들과 비교하기도 하나요?
정서학대,1,어른들이 어떤 행동을 했나요?
정서학대,1,혹시 어른들이 다른 아이들 있는 곳에서 친구를 혼내신 적이 있나요?
정서학대,1,어른들이 친구를 다른 아이들과 비교한 적이 있어요?
정서학대,1,어른들이 친구를 다른 아이들과 비교해요?
정서학대,1,친구들은 뭐라고 말하나요?
정서학대,1,어른들이 나를 다른 아이들과 비교해?
정서학대,1,어른들이 친구를 다른 아이들과 비교하기도 해요?
정서학대,1,혹시 어른들이 다른 아이들 있는 곳에서 친구를 혼내신 적이 있어요?
정서학대,1,다른 아이들과 비교해요?
정서학대,1,부모님이 너를 다른 사람들과 비교한 적 있어?
정서학대,1,어른들의 어떤 말이나 행동이 친구를 슬프게 했어요?
정서학대,1,아빠가 나를 다른 아이들과 비교하나요? 얼마나 자주 그래요?
정서학대,1,어른들이 나를 다른 아이들과 비교해? 있으면 얼마나 자주 그래?
정서학대,1,어른들이 나를 다른 아이들과 비교하나요? 얼마나 자주 그러나요?
정서학대,1,어른들이 나를 다른 아이들과 비교하나요? 얼마나 자주 그런가요?
정서학대,1,어른들이 친구를 다른 아이들과 비교한 적이 있나요?
정서학대,1,어른들이 친구를 다른 사람 앞에서 혼내거나 다른 친구와 비교한 적 있을까?
정서학대,1,아빠가 다른 아이들과 비교를 자주 하셔?
정서학대,1,혹시 어른들이 다른 아이들 있는 곳에서 친구를 혼내신 적이 있었어요?
정서학대,1,친구랑 다른 아이들을 비교하나요?
정서학대,1,부모님이 나를 다른 아이들과 비교하기도 해?
정서학대,1,혹시 어른들이 다른 아이들 있는 곳에서 친구를 혼내신 적이 있어?
정서학대,1,친구 말고 다른 친구들한테는 담임이 어떻게 행동해요?
정서학대,2,다른 사람 앞에서 혼난 적 있어?
정서학대,2,다른 사람들 앞에서 혼내거나 다른 아이들과 비교도 하나요?
정서학대,2,다른 사람들 앞에서도 혼날 때 있나요?
정서학대,2,다른 사람들 앞에서 혼나거나 다른 아이들과 비교한 적도 있나요?
정서학대,2,남들 앞에서 혼나거나 다른 아이들과 비교당한 적 있어?
정서학대,2,다른 사람들 앞에서 혼나거나 비교당한 적이 있나요?
정서학대,2,어떤 다른 사람들 앞에서 혼났나요? 얼마나 그랬나요?
정서학대,2,다른 사람들 앞에서도 혼날 때 있니?
정서학대,2,다른 사람들 앞에서 혼난 적 있어?
정서학대,2,그럼 친구 어/ 다른 사람들 앞에서 혼날 때도 있었어요?
정서학대,2,누구한테 혼나는 거야?
정서학대,2,남들 앞에서 혼나거나 다른 아이들과 비교당할 때 있어?
정서학대,2,다른 사람들 앞에서 혼날 때가 있어요?
정서학대,2,다른 사람들 앞에서도 혼날 때가 있나요?
정서학대,2,다른 사람들 앞에서도 혼나거나 다른 아이들과 비교도 해?
정서학대,2,혹시 선생님이 다른 아이들 있는 곳에서 친구를 혼내신 적이 있었나요?
정서학대,2,성적 때문에 다른 사람들 앞에서 혼나거나 비교당한 적이 있어?
정서학대,2,다른 사람들이 보는 앞에서 심하게 혼을 내기도 하나요?
정서학대,2,할머니가 다른 사람들 앞에서 혼내실 때가 있어?
정서학대,2,성적때문에 혼내는 일이 자주 있어요?
정서학대,2,부모님이 다른 사람들 앞에서 혼내실 때가 있어?
정서학대,2,다른 사람들 앞에서도 혼나거나 다른 아이들과 비교하기도 해?
정서학대,2,다른 사람들 앞에서도 혼날 때 있어?
정서학대,2,남들 앞에서 혼나거나 나를 다른 아이들과 비교할 때 있어?
정서학대,2,다른 사람들 앞에서도 혼날 때가 있어요?
정서학대,2,남들 앞에서 혼내거나 다른 아이들과 비교할 때가 있나요?
정서학대,2,다른 사람들 앞에서도 혼날 때가 있을까?
정서학대,2,다른 사람들 앞에서도 혼날 때 있었어요? 얼마나 자주 그래요?
정서학대,2,다른 사람들 앞에서 욕을 하거나 크게 혼낸 적이 있어?
정서학대,2,남들 앞에서 혼나거나 다른 아이들과 비교할 때 있어?
정서학대,2,다른 사람 앞에서 혼난 적은 있어요?
정서학대,2,다른 사람들 앞에서도 혼날 때도 있었나요?
정서학대,2,부모님이 다른 사람들 앞에서도 혼내실 때가 있어?
정서학대,2,혼날 때 때린 적은 있나요?
정서학대,2,다른 사람들 앞에서 혼난 적 있어요?
정서학대,2,다른 사람들 앞에서 혼날 때도 있었어요?
정서학대,2,주로 혼날 때는 어떻게 혼나요?
정서학대,2,누구한테 말로 혼나요?
정서학대,2,다른 사람들 앞에서 혼나거나 다른 아이들과 비교할 때가 있나요?
정서학대,2,다른 사람 앞에서도 혼날 때가 있나요?
정서학대,2,다른 사람 앞에서 혼날 때 있어?
정서학대,2,다른 사람들 앞에서도 혼날 때가 있을까요?
정서학대,2,다른 사람들 앞에서 혼난 적 있나요?
정서학대,2,누구한테 혼나요?
정서학대,2,다른 사람들 앞에서 혼날 때 있나요?
정서학대,2,다른 사람들 앞에서도 혼날 때가 있나요? 얼마나 자주 그래요?
정서학대,2,다른 사람들 앞에서도 혼날 때 있어? 있으면 얼마나 자주 그래?
정서학대,2,다른 사람들 앞에서도 할머니가 그랬던 적이 있나요?
정서학대,2,다른 사람들 앞에서도 혼날 때 있나요? 얼마나 자주 그러나요?
정서학대,2,다른 사람들 앞에서 혼나거나 비교하기도 하나요?
정서학대,2,얼마나 자주 다른 사람들 앞에서 혼나나요?
정서학대,2,남들 앞에서 혼나거나 다른 아이들과 비교한 적이 있나요?
정서학대,2,반 친구들 앞에서 혼낸다고 했는데 얼마나 자주 그랬어?
정서학대,2,남들 앞에서 크게 혼나거나 비교당한 적 있어?
정서학대,2,다른 사람들 앞에서 혼날 때도 있어요?
정서학대,2,다른 사람들 앞에서 크게 혼난 적 있어?
정서학대,2,다른 사람들 앞에서 혼나거나 다른 아이들과 비교한 적 있었어?
정서학대,2,다른 사람 앞에서 친구를 혼낸 적 있어요?
정서학대,2,다른 사람 앞에서 혼난 적이 있었어?
정서학대,2,선생님이 때리진 않았어?
정서학대,2,혹시 선생님이 다른 아이들 있는 곳에서 친구를 혼내신 적이 있었니?
정서학대,2,다른 사람 앞에서 혼나거나 다른 아이들과 비교도 하셔?
정서학대,2,다른 사람들 앞에서 혼난 적이 있었어요?
정서학대,2,다른 사람들 앞에서도 혼나거나 다른 아이들과 비교한 적도 있어?
정서학대,2,다른 사람들 앞에서 혼날 때도 있어?
정서학대,2,다른 사람들 앞에서도 혼날 때가 또 있었나요?
정서학대,2,다른 사람들 앞에서도 혼날 때 있었어요?
정서학대,2,선생님이 혼낸다고 했는데 다른 사람들 앞에서도 많이 혼내나요?
정서학대,2,선생님이 친구들 앞에서 어떻게 혼내요?
정서학대,2,원장님이 나를 다른 사람들 앞에서 혼낸 적 있어?
정서학대,2,원장님이 혼내는 모습을 얼마나 자주 봐?
정서학대,3,"어른들이 무조건 안 된다고 하거나, 하기 싫은데도 무조건 하라고 할 때가 있어?"
정서학대,3,선생님들이 하기 싫은 일을 억지로 시킨다거나 하고 싶은 일을 못 하게 한 적 있어?
정서학대,3,"친구가 뭘 할 때, 무조건 안 된다고 하거나, 무조건 하라고 할 때가 있어?"
정서학대,3,"친구가 무엇을 하려고 할 때, 무조건 안 된다고 하거나, 하기 싫은데도 무조건 하라고 할 때가 있어요?"
정서학대,3,"우리 친구가 뭘 하려고 할 때, 무조건 안 된다고 하거나, 하기 싫은데도 무조건 하라고 할 때가 있어?"
정서학대,3,어른들이 하기 싫은 일을 억지로 시키거나 무조건 무언가 못하게 한 적 있어?
정서학대,3,"친구가 뭘 하려고 할 때, 무조건 안 된다고 하거나, 하기 싫은데도 하게 할 때가 있어?"
정서학대,3,친구가 무엇을 하려고 하면 무조건 안 된다고 하거나 하기 싫은데도 무조건 하라고 할 때가 있어?
정서학대,3,"정말 기분이 상했겠네요. 그러면 혹시 내가 무엇을 하려고 하면 무조건 안 된다고 하지 말라고 하거나, 하기 싫은데 무조건 하라고 하는 어른이 있나요?"
정서학대,3,"친구가 뭘 하려고 할 때 무조건 안 된다고 하거나, 하기 싫은데도 무조건 하라고 할 때가 있어요?"
정서학대,3,"어른들이 나에게 무조건 안 된다고 하거나, 하기 싫은데도 하라고 강요할 때가 있나요?"
정서학대,3,우리 친구가 뭘 하려고 할 때 무조건 안 된다고 하거나 하기 싫은데도 무조건 하라고 할 때가 있어?
정서학대,3,"친구가 무엇을 하려고 할 때, 무조건 안된다고 하거나, 하기 싫은데도 억지로 하라고 한 적이 있어?"
정서학대,3,"친구가 무엇을 하려고 할 때, 무조건 안 된다고 하거나, 하기 싫은데 무조건 강요할 때가 있나요?"
정서학대,3,"친구가 뭘 하려고 할 때 무조건 안 된다고 하거나, 하기 싫은데도 무조건 하라고 할 때가 있어?"
정서학대,3,"친구가 뭘 하려 할 때 안 된다고 하거나, 하기 싫은데도 무조건 하라고 한 적 있어?"
정서학대,3,친구가 무엇을 하려고 하면 무조건 안 된다고 하지 말라고 하거나 하기 싫은데도 무조건 하라고 할 때가 있어요?
정서학대,3,"친구가 뭘 하려고 할 때, 무조건 안 된다고 하거나, 하기 싫은데도 하게 할 때가 있어요?"
정서학대,3,"친구가 뭘 하려고 할 때, 무조건 안 된다고 하거나, 하기 싫은데도 무조건 하라고 할 때가 있어?"
정서학대,3,"친구가 무엇을 하려고 할 때, 무조건 안 된다고 하거나, 하기 싫은데도 억지로 하라고 한 적이 있어?"
정서학대,3,"친구가 뭘 하려고 할 때 무조건 안 된다고 하거나, 하기 싫은데도 무조건 하라고 할 때가 있었나요?"
정서학대,3,"부모님이 내가 하고 싶은 걸 못 하게 하거나 하기 싫은 걸 
강요할 때가 있어?"
정서학대,3,"친구가 뭘 하려고 할 때, 무조건 안 된다고 하거나, 하기 싫은데도 무조건 하라고 할 때가 있어요?"
정서학대,3,"친구가 뭘 하려고 할 때, 무조건 안 된다고 하거나, 하기 싫은데도 무조건 하라고 할 때가 있나요?"
정서학대,3,친구가 뭔가 하려고 할 때 부모님이 무조건 안 된다고 하거나 하기 싫다고 했는데도 무조건 하라고 할 때가 있어요?
정서학대,3,친구가 무엇을 하려고 할 때 무조건 안 된다고 하거나 하기 싫은데도 무조건 하라고 할 때가 있어요?
정서학대,3,"우리 친구가 뭘 하려고 할 때, 무조건 안 된다고 하거나 하기 싫은데 무조건 하라고 할 때가 있어?"
정서학대,3,"우리 친구가 뭘 하려고 할 때, 어른들이 무조건 안 된다고 하거나, 하기 싫은데도 무조건 하라고 할 때가 있었어?"
정서학대,3,"친구가 무엇을 하려고 할 때, 무조건 안 된다고 하거나 하기 싫은데도 무조건 하라고 할 때가 있어?"
정서학대,3,"우리 친구가 뭘 하려고 할 때, 무조건 안 된다고 하거나, 하기 싫은데도 무조건 하라고 할 때가 있나요?"
정서학대,3,"친구가 무엇을 하려고 할 때, 무조건 안 된다고 하거나, 하기 싫은데도 무조건 하라고 할 때가 있어?"
정서학대,3,"내 주변 어른이 내가 무엇을 하려고 하면 무조건 안 된다고 하지 말라고 하거나, 하기 싫은데도 무조건 하라고 할 때가 있나요?"
정서학대,3,하기 싫은데 어른들이 억지로 시키거나 무조건 무언가 못하게 한 적 있어?
정서학대,3,"친구가 무엇을 하려고 할 때마다, 무조건 안 된다고 하거나, 하기 싫은데도 무조건 하라고 할 때가 있어요?"
정서학대,3,친구가 무엇을 하려고 할 때 무조건 안 되다고 하거나 하기 싫은데 무조건 하라고 할 때가 있나요?
정서학대,3,"친구가 무엇을 하려고 할 때 무조건 안 된다고 하지 말라고 하거나, 하기 싫은데도 무조건 하라고 할 때가 있어?"
정서학대,3,"친구가 하고 싶지 않은 일을 하게 하거나, 하고 싶은 일을 하지 않게 막은 적 있나요?"
정서학대,3,"친구가 무엇을 하려고 할 때, 무조건 안 된다고 하거나, 하기 싫은데도 억지로 하라고 한 적이 있어요?"
정서학대,3,어른들이 하기 싫은데 억지로 시키거나 무조건 무언가 못하게 한 적 있어?
정서학대,3,"친구가 뭘 하려고 할 때 무조건 안 된다고 하거나, 하기 싫은데도 무조건 하라고 할 때가 있었어?"
정서학대,3,친구가 뭘 하려고 할 때 무조건 안 된다고 하거나 하기 싫은데 억지로 시킬 때가 있어요?
정서학대,3,친구가 뭘 할 때 무조건 안 된다고 하거나 무조건 하라고 할 때가 있어?
정서학대,3,"그럼, 반대로 친구한테는 뭐라고 하셔?"
정서학대,3,"우리 친구가 무엇을 하려고 할 때 무조건 안 된다고 하거나, 하기 싫은데도 무조건 하라고 할 때가 있어?"
정서학대,3,"어른들이 내가 무엇을 하려고 할 때 무조건 안 된다고 하지 말라고 하거나, 하기 싫은데도 무조건 하라고 할 때가 있었나요?"
정서학대,3,"친구가 무엇을 하려고 할 때, 무조건 안 된다고 하거나, 하기 싫은데도 억지로 하라고 한 적 있어?"
정서학대,3,친구가 뭘 하려고 할 때 무조건 안 된다고 하거나 하기 싫은데도 억지로 시킬 때가 있어요?
정서학대,3,어른들이 억지로 하기 싫은 일을 시키거나 무조건 무언가 못하게 한 적 있어?
정서학대,3,"내가 무엇을 하려고 할 때, 어른들이 무조건 안 된다고 하거나, 하기 싫은데도 강요할 때가 있나요?"
정서학대,3,"친구가 뭘 하려고 할 때, 무조건 안 된다고 하거나, 하기 싫은데도 억지로 시킬 때가 있었나요?"
정서학대,3,부모님이 내가 하기 싫은 일을 강요하거나 하고 싶어하는 일을 못 하게 한 적이 있어?
정서학대,3,친구가 무엇을 하려고 할 때 무조건 안 된다고 하거나 하기 싫은데도 무조건 하라고 시킨 적이 있어?
정서학대,3,친구에게만 이런 이야기를 하나요?
정서학대,3,친구가 뭘 하려고 할 때 안 된다고 하거나 강제로 뭔갈 하게 한 적 있어?
정서학대,3,친구들이 도와주지 않았나요?
정서학대,3,"친구가 무엇을 하려고 하면 무조건 안 된다고 하지 말라고 하거나, 하기 싫은데도 무조건 하라고 할 때가 있나요?"
정서학대,3,"친구가 뭘 할려고 할 때 무조건 안 된다고 하거나, 하기 싫은데도 무조건 하라고 할 때가 있어요?"
정서학대,3,친구가 무엇을 하려고 할 때 무조건 안 된다고 하거나 하기 싫은데도 무조건 하라고 할 때가 있나요?
정서학대,3,어른들이 하기 싫은 걸 억지로 하게 하거나 하고 싶은 거 못하게 한 적 있어?
정서학대,3,"친구가 뭘 하려고 할 때, 무조건 안 된다고 하거나, 하기 싫은데도 무조건 하라고 할 때 있었어?"
정서학대,3,"친구가 하고 싶은데 무조건 안 된다고 하거나, 하기 싫은데 무조건 하라고 할 때가 있었나요?"
정서학대,3,"친구가 무엇을 하려 할 때 무조건 안 된다고 하거나, 하기 싫은데도 하라고 할 때가 있어?"
정서학대,3,"어른들이 내가 무엇을 하려고 하면 무조건 안 된다고 하거나, 하기 싫은데도 하라고 강요할 때가 있나요?"
정서학대,3,"친구가 뭘 하려고 할 때 무조건 안 된다고 하거나, 하기 싫은데도 무조건 하라고 할 때가 있나요?"
정서학대,3,"친구가 뭘 하려고 할 때 무조건 안 된다고 하거나, 하기 싫은데도 하라고 할 때가 있어?"
정서학대,3,"친구가 무엇을 하려고 할 때, 무조건 안 된다고 하거나, 하기 싫은데도 무조건 하라고 할 때가 있었어요?"
정서학대,3,"친구가 뭘 하려고 할 때 안 된다고 하거나, 하기 싫은데도 하라고 할 때가 있어?"
정서학대,3,친구가 뭔가 하려 할 때 무조건 안 된다고 하거나 하기 싫은데 무조건 하라고 할 때 있어?
정서학대,3,"평소에 친구가 뭘 하려고 할 때 무조건 안 된다고 하거나, 하기 싫은데도 하라고 한 적 있어?"
정서학대,3,"그럼, 친구가 무엇을 하려고 할 때, 어른들이 무조건 안 된다고 하거나, 하기 싫은데도 무조건 하라고 할 때가 있어요?"
정서학대,3,친구한테도 화를 내거나 짜증을 내는 경우가 있나요?
정서학대,3,친구가 무엇을 하려고 하면 무조건 안된다고 하거나 하기 싫은데도 무조건 하라고 할 때가 있어?
정서학대,3,"친구가 무엇을 하려고 할 때, 무조건 안 된다고 하거나, 하기 싫은데도 무조건 하라고 할 때가 있나요?"
정서학대,3,"우리 친구가 뭘 하려고 할 때, 무조건 안 된다고 하거나, 하기 싫은데도 무조건 하라고 할 때가 있어요?"
정서학대,3,"친구가 뭘 할려고 할 때, 무조건 안 된다고 하거나, 하기 싫은데도 하게 할 때가 있어?"
정서학대,3,"친구가 뭘 할 때, 무조건 안 된다고 하거나 무조건 하라고 할 때가 있어?"
정서학대,3,어른들이 너가 뭘 하려고 하면 무조건 안 된다고 하거나 하기 싫은 걸 하라고 할 때가 있어?
정서학대,3,"우리 친구가 뭘 하려고 할 때, 무조건 안 된다고 하거나 하기 싫은데도 무조건 하라고 할 때가 있어?"
정서학대,3,"그럼, 친구가 무엇을 하려고 하면 무조건 안 된다고 하지 말라고 하거나, 하기 싫은데도 무조건 하라고 할 때가 있었어요?"
정서학대,3,어른들이 무조건 안 된다고 하거나 싫다고 해도 억지로 시킨 적이 있어?
정서학대,3,부모님이 하기 싫은데 억지로 시키거나 무조건 무언가 못하게 한 적 있어?
정서학대,3,"친구가 무엇을 하려고 할 때, 무조건 안된다고 하거나, 하기 싫은데도 억지로 하라고 한 적이 있어요?"
정서학대,3,"친구가 뭘 하려고 할 때, 무조건 안 된다고 하거나 하기 싫은데 억지로 시킬 때가 있어요?"
정서학대,3,선생님들이 하기 싫은 일 억지로 시키거나 하고 싶은 거 못하게 한 적 있어?
정서학대,3,"친구가 뭘 하려고 할 때 무조건 안 된다고 하거나, 하기 싫은데도 엄마 아빠가 억지로 시키는 거 있어요?"
정서학대,3,"친구가 무엇을 하려고 할 때, 무조건 안 된다고 하거나, 하기 싫은 데도 무조건 하라고 할 때가 있어요?"
정서학대,3,"친구가 무엇을 하려고 할 때, 무조건 안 된다고 하거나, 하기 싫다는 데도 무조건 하라고 할 때가 있나요?"
정서학대,3,"친구가 무엇을 하려고 할 때, 무조건 안 된다고 하거나 하기 싫은데도 무조건 하라고 강요한 적이 있나요?"
정서학대,3,"친구가 무엇을 하려고 할 때 무조건 안 된다고 하거나, 하기 싫은데도 무조건 하라고 할 때가 있어?"
정서학대,3,친구가 무엇을 하려고 할 때 무조건 안 된다고 하거나 하기 싫은데도 무조건해지라고 할 때가 있어요?
정서학대,3,"우리 친구가 뭘 하려고 할 때, 무조건 안 된다고 하거나, 하기 싫은데도 무조건 하라고 할 때가 있었어?"
정서학대,3,하기 싫은 일을 어른들이 억지로 시키거나 무조건 하고 싶은 걸 못 하게 한 적 있어?
정서학대,3,"친구가 하려고 할 때 무조건 안 된다고 하거나, 하기 싫은데도 하라고 한 적 있어?"
정서학대,3,"친구가 뭘 하려 할 때, 무조건 안 된다고 하거나 하기 싫은 일인데도 무조건 하라고 할 때가 있어?"
정서학대,3,"우리 친구가 혹시 무엇을 하려고 할 때, 어른들이 무조건 안 된다고 하거나 하기 싫은데도 무조건 하라고 한 적이 있을까?"
정서학대,3,하기 싫은 일을 어른들이 강제로 시키거나 무조건 무언가 못하게 한 적 있어?
정서학대,3,"우리 친구가 무엇을 하려고 할 때, 무조건 안 된다고 하거나, 하기 싫은데도 무조건 하라고 할 때가 있어?"
정서학대,3,친구가 무엇을 하려고 하면 무조건 안 된다고 하지 말라거나 하기 싫은데 무조건 하라고 할 때가 있어요?
정서학대,3,어른들이 하기 싫은 걸 억지로 시키거나 하고 싶은 걸 못 하게 한 적 있어?
정서학대,3,친구가 무엇을 하려고 하면 무조건 안 된다고 하지 말라고 하거나 하기 싫은데 무조건 하라고 할 때가 있나요?
정서학대,3,어른들이 하기 싫은 일 억지로 시키거나 무조건 무언가 못하게 한 적 있어?
정서학대,3,어른들이 내가 무엇을 하려고 할 때 무조건 안 된다고 하거나 하기 싫은데도 무조건 하라고 할 때가 있었어요?
정서학대,3,나에게 무엇을 하라고 강요하거나 아무것도 못 하게 하는 어른이 있나요?
정서학대,3,친구한테는 뭐라고 화를 내시나요?
정서학대,3,우리 친구가 말하기 힘들면 안 해도 되지만 선생님은 친구의 이야기를 듣고 싶어. 말하기 힘들 것 같아?
정서학대,3,"내 주변 어른이 내가 무엇을 하려고 하면 무조건 안 된다고 하지 말라고 하거나,
하기 싫은데도 무조건 하라고 할 때가 있나요?"
정서학대,3,"친구가 무엇을 하려고 할 때, 무조건 안된다고 하거나, 하기 싫은데도 무조건 하라고 할 때가 있어요?"
정서학대,3,"친구가 뭘 하려고 할 때, 무조건 못하게 하거나, 아니면 하기 싫은데도 무조건 하라고 시킬 때가 있어요?"
정서학대,3,"친구가 뭘 하려고 할 때, 무조건 안 된다고 하거나, 하기 싫어도 억지로 하라고 할 때가 있어요?"
정서학대,3,"어른들이 친구가 뭘 하려고 할 때 무조건 안 된다고 하거나, 하기 싫은데도 무조건 하라고 할 때가 있어?"
정서학대,3,"친구가 뭘 하려고 할 때 무조건 안 된다고 하거나, 
하기 싫은데도 무조건 하라고 할 때가 있어요?"
정서학대,3,"친구가 무엇을 하려고 할 때, 무조건 안 된다고 하거나 하기 싫은데도 무조건 하라고 할 때가 있나요?"
정서학대,3,무엇을 하려고 할 때 무조건 안 된다고 하거나 하기 싫은데 하라고 한 적이 있어요?
정서학대,3,"뭔가 하려고 할 때 무조건 안 된다고 하거나, 하기 싫은데도 무조건 하라고 한 적 있어?"
정서학대,3,"내가 무엇을 하려고 할 때, 무조건 안 된다고 하거나, 하기 싫은데도 무조건 하라고 할 때가 있나요?"
정서학대,3,"내가 무엇을 하려고 하면 무조건 안 된다고 하지 말라고 하거나, 하기 싫은데도 무조건 하라고 할 때가 있나요?"
정서학대,3,내가 무엇을 하려고 하면 무조건 안 된다고 하거나 하기 싫은데도 무조건 하라고 할 때가 있나요?
정서학대,3,"내가 무엇을 하려고 하면 무조건 안 된다고 하지 말라고 하거나, 하기 싫은데도 무조건 하라고 한 적이 있나요?"
정서학대,3,"내가 무엇을 하려고 할 때 무조건 안 된다고 하거나 하기 싫은데도 무조건 하라고 할 때가
있어요?"
정서학대,3,"내가 무엇을 하려고 할 때, 무조건 안 된다고 하거나, 하기 싫은데도 하라고 강요할 때가 있나요?"
정서학대,3,무엇을 강제로 시키거나 못하게 한 적 있나요?
정서학대,3,"내가 무엇을 하려고 할 때 무조건 안 된다고 하거나, 하기 싫은 데도 무조건 하라고 할 때가 있나요?"
정서학대,3,하기 싫은 일을 억지로 시키거나 무조건 무언가 못하게 한 적 있어?
정서학대,3,내가 무엇을 하려고 하면 무조건 안 된다고 하지 말라고 하거나 하기 싫은데도 무조건 하라고 할 때가 있나요?
정서학대,3,내가 무엇을 하려고 할 때 무조건 안 된다고 하거나 하기 싫은데 무조건 하라고 할 때가 있어?
정서학대,3,내가 무엇을 하려고 하면 무조건 안 된다고 하지 말라고 하거나 하기 싫은데 무조건 하라고 할 때가 있나요?
정서학대,3,"내가 무엇을 하려고 하면 무조건 안 된다고 하거나, 하기 싫은데 무조건 하라고 한 적이 있나요?"
정서학대,3,"내가 무엇을 하려고 할 때, 무조건 안 된다고 하거나, 하기 싫은데도 무조건 하라고 할 때가 있어요?"
정서학대,3,뭔가 하려고 할 때 무조건 안 된다고 하거나 하기 싫은데도 억지로 하라고 한 적 있어?
정서학대,3,"내가 무엇을 하려고 할 때, 무조건 안 된다고 하거나 하기 싫은데도 무조건 하라고 할 때가 있나요?"
정서학대,3,"내가 무엇을 하려고 할 때 무조건 안 된다고 하거나, 하기 싫은데 무조건 하라고 할 때 있어?"
정서학대,3,내가 무엇을 하려고 하면 무조건 안 되거나 무조건 하라고 할 때가 있었나요?
정서학대,3,"내가 무엇을 하려고 하면 무조건 안 된다고 하거나 하기 싫은데도 무조건 하라고 할 때가
있나요?"
정서학대,3,"내가 무엇을 하려고 하면 무조건 안 된다고 하거나, 하기 싫은데도 하라고 강요할 때가 있나요?"
정서학대,3,"뭐 하려고 할 때 엄마가 안 된다고 하거나, 하기 싫은데도 무조건 하라고 한 적 있나요?"
정서학대,3,너가 무엇을 하려고 할 때 무조건 안 된다고 하거나 하기 싫은데 무조건 하라고 할 때가 있어?
정서학대,3,"무엇을 하려고 할 때, 무조건 안 된다고 하거나, 하기 싫은데도 무조건 하라고 할 때가 있어요?"
정서학대,3,내가 무엇을 하려고 하면 무조건 안 된다고 하지 말라고 하거나 하기 싫은데 무조건 하라고 할 때가 있어?
정서학대,3,내가 무엇을 하려고 하면 무조건 안 된다고 하지 말라고 하거나 하기 싫은데 무조건 하라고 할 때가 있어요?
정서학대,3,"내가 무엇을 하려고 할 때 무조건 안 된다고 하거나 하기 싫은데도 무조건 하라고 할 때가 
있나요?"
정서학대,3,"내가 무엇을 하려고 할 때, 무조건 안 된다고 하거나 하기 싫은데도 무조건 하라고 할 때가 있니?"
정서학대,3,무엇을 강제로 하거나 못한 적 있나요?
정서학대,3,내가 무엇을 하려고 하면 무조건 안 된다고 하거나 무조건 하라고 한 적이 있나요?
정서학대,3,"내가 무엇을 하려고 하면 무조건 안 된다고 하지 말라고 하거나, 
하기 싫은데도 무조건 하라고 한 적이 있나요?"
정서학대,3,네가 무엇을 하려고 할 때 무조건 안 된다고 하거나 하기 싫은데 무조건 하라고 할 때가 있어?
정서학대,3,"내가 무엇을 하려고 하면 무조건 안 된다고 하지 말라거나, 하기 싫은데 시킨 적이 있나요?"
정서학대,3,"내가 무엇을 하려고 할 때 무조건 안 된다고 하거나, 하기 싫은데도 무조건 하라고 할 때가 있니?"
정서학대,3,"내가 무엇을 하려고 하면 무조건 안 된다고 하거나, 하기 싫은데 무조건 하라고 할 때가 있나요?"
정서학대,3,"내가 무엇을 하려고 할 때, 무조건 안 된다고 하거나 하기 싫은데 무조건 하라고 할 때가 있나요?"
정서학대,3,"많이 창피하고 속상했을 것 같아요. 그러면 혹시 내가 무엇을 하려고 하면 무조건 안 된다고 하지 말라고 하거나, 하기 싫은데 무조건 하라는 어른이 있나요?"
정서학대,3,"내가 무엇을 하려고 할 때, 무조건 안 된다고 하거나, 하기 싫은데도 강제로 하라고 시킬 때가 있나요?"
정서학대,3,내가 무엇을 하려고 할 때 무조건 안 된다고 하거나 하기 싫은데도 무조건 하라고 할 때가 있어?
정서학대,3,"내가 무엇을 하려고 하면 무조건 안 된다고 하지 말라고 하거나 
하기 싫은데도 무조건 하라고 할 때가 있나요?"
정서학대,3,"내가 무엇을 하려고 하면 못하게 하거나, 하기 싫은 데 하라고 한 적이 있나요?"
정서학대,3,"내가 무엇을 하려고 하면 무조건 안 된다고 하거나, 하기 싫은 데 억지로 시킨 적이 있나요?"
정서학대,3,"내가 무엇을 하려고 할 때 무조건 안 된다고 하거나, 하기 싫은데도 무조건 하라고 할 때가 있어요?"
정서학대,3,내가 무엇을 하려고 할 때 무조건 안 된다고 하거나 하기 싫은데도 무조건 하라고 할 때가 있어요?
정서학대,3,"내가 무엇을 하려고 하면 무조건 안 된다고 하거나, 하기 싫은데 억지로 시킨 적이 있나요?"
정서학대,3,"내가 무엇을 하려고 할 때, 무조건 안 된다고 하거나 하기 싫어도 강제로 한 적이 있나요?"
정서학대,3,"내가 무엇을 하려고 하면 무조건 안 된다고 하지 말라고 하거나
하기 싫은데도 무조건 하라고 할 때가 있나요?"
정서학대,3,뭔가 하려고 할 때 무조건 안 된다고 하거나 하기 싫은데도 무조건 하라고 한 적 있나요?
정서학대,3,무엇을 하려 할 때 무조건 안 된다고 하거나 하기 싫은 걸 하라고 한 적 있어요?
정서학대,3,"내가 무엇을 하려고 하면 무조건 안된다고 하거나, 하기 싫은데 무조건 하라고 할 때가 있나요?"
정서학대,3,게임하기 싫을 때 어떻게 하나요?
정서학대,3,내가 싫다고 한 걸 억지로 시키거나 하고 싶어 하는 걸 못 하게 한 적이 있어?
정서학대,3,너가 뭘 할 때 무조건 안 된다고 하거나 하기 싫은데 무조건 하라고 할 때가 있어?
정서학대,3,내가 무엇을 하려고 하면 무조건 안 된다고 하지 말라고 하거나 하기 싫은데도 무조건 하라고 할 때가 있어?
정서학대,3,무언가 하려고 하면 무조건 반대하거나 하기 싫은데 강요할 때가 있나요?
정서학대,3,"내가 무엇을 하기 싫은데 무조건 하라고 하거나, 하고 싶은데 못 하게 한 적이 있나요?"
정서학대,3,내가 무엇을 하려고 하면 무조건 안된다고 하지 말라고 하거나 하기 싫은데 무조건 하라고 할 때가 있나요?
정서학대,3,"내가 뭔가 하려고 할 때 무조건 못하게 하거나, 하기 싫은데도 강요 한 적이 있나요?"
정서학대,3,"내가 무엇을 하려고 할 때, 무조건 안된다고 하거나, 하기 싫은데도 무조건 하라고 할 때가 있나요?"
정서학대,3,"내가 무엇을 하려고 할 때, 무조건 안 된다고 하거나, 싫은데도 무조건 하라고 할 때가 있나요?"
정서학대,3,"내가 무엇을 하려고 할 때 무조건 안 된다고 하거나, 하기 싫은데도 무조건 하라고 할 때가 있어?"
정서학대,3,내가 무엇을 하려고 할 때 무조건 안 된다고 하거나 하기 싫은데 무조건 하라고 할 때 있어?
정서학대,3,하기 싫은데 억지로 시키거나 무조건 무언가 못하게 한 적 있어?
정서학대,3,내가 무엇을 하려고 할 때 무조건 안 된다고 하거나 싫은데도 하라고 하는 게 있나요?
정서학대,3,무언가 무조건 못 하게 하거나 억지로 시키지는 않아?
정서학대,3,내가 무엇을 하려고 할 때 무조건 안 된다고 하거나 하기 싫은데도 무조건 하라고 할 때 있나요?
정서학대,3,"내가 무엇을 하려고 하면 무조건 안 된다고 하지 말라고 하거나 
하기 싫은데 무조건 하라고 할 때가 있어?"
정서학대,3,"내가 무엇을 하려고 하면 무조건 안 된다고 하지 말라고 하거나, 하기 싫은데도 무조건 하라고 할 때가 있어요?"
정서학대,3,"내가 무엇을 하려고 할 때, 무조건 안 되거나 강제로 시키는 일이 있나요?"
정서학대,3,내가 무엇을 하려고 할 때 무조건 안 된다고 하거나 하기 싫은데 무조건 하라고 할 때가 있나요?
정서학대,3,누군가 나에게 강제로 뭘 시키거나 못하게 한 적 있나요?
정서학대,3,"내가 무엇을 하려고 할 때, 무조건 안 된다고 하거나, 하기 싫다고 했는데도 무조건 하라고 할 때가 있나요?"
정서학대,3,"뭔가 하려고 할 때 무조건 안 된다고 하거나, 하기 싫은데도 무조건 하라고 할 때가 있어요?"
정서학대,3,"내가 무엇을 하려고 할 때, 무조건 안 된다고 하거나, 하기 싫은데도 강요한 적이 있나요?"
정서학대,3,내가 무엇을 하려고 하면 무조건 안 된다고 하지 말라고 하거나 하기 싫은데 하라고 한 적이 있나요?
정서학대,3,하기 싫은 일을 억지로 해야 하거나 하고 싶은 일을 못 한 적이 있어?
정서학대,3,"내가 하고 싶은 게 있을 때 부모님이 무조건 안 된다고 하거나, 하기 싫은 걸 하도록 강요한 적이 있어?"
정서학대,3,"그럼, 내가 무엇을 하려고 할 때 무조건 안 된다고 하거나 하기 싫은데도 무조건 하라고 할 때가 있어?"
정서학대,3,"내가 무엇을 하려고 하면 안 된다고 하지 말라고 하거나, 하기 싫은데 무조건 하라고 할 때가 있나요?"
정서학대,3,내가 무엇을 하려고 하면 무조건 안된다고 하지 말라고 하거나 하기 싫은데도 무조건 하라고 할 때가 있나요?
정서학대,3,"내가 뭔가를 하려고 할 때 무조건 안 된다고 하거나, 하기 싫은데도 무조건 하라고 할 때가 있어?"
정서학대,3,"내가 무엇을 하기 싫은데 하라고 하거나, 하고 싶은데 못 하게 한 적이 있나요?"
정서학대,3,무엇을 강제로 시키거나 못 하게 하기도 했나요?
정서학대,3,"내가 무엇을 하려고 할 때, 무조건 안 된다고 하거나, 하기 싫은데도 강요할 때가 있나요?"
정서학대,3,내가 싫다고 하는 걸 강요하거나 하고 싶어하는 걸 못 하게 하는 일이 있어?
정서학대,3,"하고 싶지 않은데도 무조건 하라고 하거나, 하려 할 때 안 된다고 한 적 있어?"
정서학대,3,"내가 무엇을 하려 할 때, 무조건 안 된다고 하거나, 하기 싫은데 무조건 하라고 할 때가 있나요?"
정서학대,3,내가 무엇을 하려고 할 때 무조건 안 된다고 하거나 하기 싫은데도 무조건 하라고 할 때가 있나요?
정서학대,3,내가 뭔가 하려고 할 때 무조건 안 된다고 하거나 하기 싫은데 무조건 하라고 할 때 있어?
정서학대,3,무엇을 하려고 할 때 무조건 안 된다고 하거나 하기 싫은데 하라고 한 적이 있나요?
정서학대,3,무엇을 하려고 할 때 무조건 안 된다고 하거나 하기 싫은데 하라고 한 적 있어요?
정서학대,3,"뭔가를 하려고 하면 무조건 반대하거나, 하기 싫은 걸 무조건 시킨 적이 있어?"
정서학대,3,"내가 무엇을 하려고 하면 무조건 안 된다고 하거나 하기 싫은데도 무조건 하라고 할 때가
있어요?"
정서학대,3,하기 싫은데 억지로 시키거나 무조건 무언가 못 하게 한 적 있어?
정서학대,3,"내가 무엇을 하려고 하면 무조건 안 된다고 하거나, 하기 싫은데도 무조건 하라고 할 때가 있나요?"
정서학대,3,뭔가 하려고 할 때 무조건 안 된다고 하거나 하기 싫은데도 무조건 하라고 한 적 있어?
정서학대,3,내가 무엇을 하려고 하면 무조건 안 된다고 하지 말라고 하거나하기 싫은데도 무조건 하라고 할 때가 있나요?
정서학대,3,하기 싫은 일을 억지로 시키거나 무조건 하고 싶은 걸 못 하게 한 적 있어?
정서학대,3,"내가 무엇을 하려고 할 때, 무조건 안 된다고 하거나 하기 싫은데도 무조건 하라고 강요한 적이 있어?"
정서학대,3,"내가 무엇을 할 때 무조건 안 된다고 하거나, 하기 싫은 데도 무조건 하라고 할 때가 있어?"
정서학대,3,"내가 무엇을 하려고 할 때 무조건 안 된다고 하거나, 하기 싫은데도 무조건 하라고 할 때가 있나요?"
정서학대,3,"내가 무엇을 하려고 할 때, 누군가 무조건 안 된다고 하거나, 하기 싫은데도 무조건하라고 할 때가 있나요?"
정서학대,3,"내가 무엇을 하려고 할 때, 무조건 안 된다고 하거나, 하기 싫은데도, 무조건 하라고 할 때가 있나요?"
정서학대,3,너가 무엇을 하려고 할 때 무조건 안 된다고 하거나 하기 싫은데 무조건 하라고 할 때 있어?
정서학대,3,내가 무엇을 하려고 하면 무조건 안 된다고 하지 말라거나 하기 싫은데도 무조건 하라고 한 적이 있어요?
정서학대,3,어떤 경우에 무조건 안 된다고 하거나 하기 싫은데도 무조건 하라고 하셨어요?
정서학대,3,"뭘 하려고 할 때, 무조건 안 된다고 하거나 하기 싫은데 무조건 하라고 할 때가 있어?"
정서학대,3,"뭔가 하려고 할 때 무조건 안 된다고 하거나, 하기 싫은데도 무조건 하라고 한 적 있나요?"
정서학대,3,"내가 무엇을 하려 할 때, 무조건 안 된다고 하거나 하기 싫은데 무조건 하라고 할 때가 있나요?"
정서학대,3,내가 무엇을 하려고 하면 무조건 안된다고 하거나 하기 싫은데도 무조건 하라고 할 때가 있나요?
정서학대,3,내가 무언가 하려고 할 때 무조건 안 된다고 하거나 하기 싫은데도 하라고 할 때가 있나요?
정서학대,3,"내가 무엇을 하려고 할 때, 무조건 안 된다고 하거나, 하기 싫은데도 무조건 하지 말라고 할 때가 있나요?"
정서학대,3,무엇을 하려고 할 때 무조건 안 된다고 하거나 하기 싫은데 무조건 하라고 할 때가 있어요?
정서학대,3,"내가 무엇을 하려고 하면 무조건 안 된다고 하지 말라고 하거나, 하기 싫은데도 무조건 하라고 할 때가 있어?"
정서학대,3,"내가 무엇을 하려고 하면 무조건 안 된다고 하거나, 하기 싫은데도 무조건 하라고 한 적이 있나요?"
정서학대,3,"뭘 하려고 할 때 무조건 안 된다고 하거나, 하기 싫은데도 무조건 하라고 할 때가 있나요?"
정서학대,3,"하고 싶은 일이 있는데 못 하게 하거나, 하기 싫은 일을 강제로 하게 한 적 있나요?"
정서학대,3,"무엇을 하려고 할 때 무조건 안 된다고 하거나, 하기 싫은데도 무조건 하라고 한 적 있어?"
정서학대,3,"내가 무엇을 하려고 할 때, 무조건 안 된다고 하나+ 하거나 하라고 강요한 적이 있나요?"
정서학대,3,내가 무엇을 하려고 할 때 무조건 안 된다고 하거나 하기 싫은데도 무조건 하라고 할 때가 있니?
정서학대,3,"빨리 끝내줄게요. 지금 잘 상담해 줘서 고마워요. 내가 무엇을 하려고 하면 안 된다고 하지 말라고 하거나, 하기 싫은데도 무조건 하라고 한 적이 있나요?"
정서학대,3,누가 하기 싫은 일 억지로 시키거나 하고 싶은 거 못하게 하지는 않아?
정서학대,3,"내가 무엇을 하려고 하면 안 된다고 하지 말라고 하거나, 하기 싫은데도 무조건 하라고 한 적이 있나요?"
정서학대,3,"내가 무엇을 하려고 할 때 무조건 안 된다고 하지 말라고 하거나, 하기 싫은데도 무조건 하라고 할 때가 있나요?"
정서학대,3,그럼 혹시 내가 하려고 하는 걸 무조건 못 하게 한다거나 하기 싫은데도 무조건 하라고 한 적이 있나요?
정서학대,3,나에게 무엇을 강제로 시키거나 강제로 못 하게 하는 사람이 있나요?
정서학대,3,"내가 무엇을 하려고 하면 무조건 안 된다고 하거나, 하기 싫은데도 무조건 하라고 할 때가 있어?"
정서학대,3,내가 무엇을 하려고 하면 무조건 안 된다고 하거나 하기 싫은 데도 무조건 하라고 할 때가 있나요?
정서학대,3,"뭔가 하려고 할 때 무조건 안된다고 하거나, 하기 싫은데도 무조건 하라고 한 적 있어?"
정서학대,3,내가 무엇을 할 때 무조건 안 된다고 하거나 하기 싫은데 억지로 시킨 적이 있나요?
정서학대,3,내가 무엇을 하려고 하면 무조건 안 된다고 하거나 하기 싫은데도 무조건 하라고 할 때가 있어?
정서학대,3,하기 싫은 일을 억지로 해야 하거나 하고 싶은 일을 못 했던 상황이 있었어?
정서학대,3,하기 싫은 일을 억지로 시키거나 무조건 못 하게 한 적 있어?
정서학대,3,"내가 무엇을 하려고 할 때, 무조건 안 된다고 하거나, 하기 싫은데 무조건 강요할 때가 있나요?"
정서학대,3,"너가 뭘 할 때 무조건 안 된다고 하거나, 하기 싫은데 무조건 하라고 할 때가 있어?"
정서학대,3,"내가 무엇을 하려고 할 때, 무조건 안 된다고 하거나, 하기 싫은데도 무조건 하라고 한 적이 있어?"
정서학대,3,내가 무엇을 하려고 할 때 무조건 안 된다고 하거나 하기 싫은데 무조건해지라고 할 때 있어?
정서학대,3,"내가 무엇을 하려고 하면 못하게 하거나, 하기 싫은데 하라고 한 적이 있나요?"
정서학대,3,내가 무엇을 하려고 할 때 무조건 안 된다고 하거나 하기 싫은데도 무조건 하라고 한 적이 있나요?
정서학대,3,"정말 속상했겠다. 혹시 부모님 또는 선생님이 내가 무엇을 하려고 하면 안 된다고 하거나, 하기 싫은데 무조건 하라고 할 때가 있어?"
정서학대,3,"내가 무엇을 하려고 하면 무조건 안 된다 하고 하지 말라고 하거나, 하기 싫은데도 무조건 하라고 할 때가 있나요?"
정서학대,3,하기 싫은데도 엄마가 억지로 시키는 거 있어요?
정서학대,3,무엇을 하려고 할 때 무조건 안된다하거나 하기 싫은데 하라고 한 적이 있어요?
정서학대,3,"내가 무엇을 하려고 할 때, 무조건 안 된다고 하거나, 하기 싫은데도 강제로 시킬 때가 있나요?"
정서학대,3,무엇을 강제로 시키거나 못하게 하기도 하나요?
정서학대,3,"내가 무엇을 하려고 하면 무조건 안 된다고 하지 말라고 하거나, 
하기 싫은데도 무조건 하라고 할 때가 있나요?"
정서학대,3,너가 무엇을 하려고 할 때 무조건 안 된다고 하거나 하기 싫은데 무조건 하라고 할 때가 많아?
정서학대,3,내가 무엇을 하려고 하면 무조건 안 되거나 무조건 하라고 할 때가 있나요?
정서학대,3,하기 싫은 일을 억지로 시키려 하거나 무조건 무언가 못하게 한 적 있어?
정서학대,3,"내가 무엇을 하려고 하면 무조건 안 된다고 하지 말라고 말하거나, 하기 싫은데도 무조건 하라고 할 때가 있나요?"
정서학대,3,"내가 무엇을 하려고 할 때, 무조건 안 된다고 하거나 하기 싫은데도 무조건 하라고 강요한 적 있어?"
정서학대,3,"외출 말고, 또 무엇을 하려고 할 때 무조건 안 된다고 하거나 하기 싫은데도 무조건 하라고 할 때가 있었나요?"
정서학대,3,"내가 무엇을 하려고 하면 무조건 안 된다고 하지 말라고 하거나, 하기 싫은데도 무조건
하라고 할 때가 있나요?"
정서학대,3,"무엇을 하려고 할 때 무조건 안 된다고 하거나, 하기 싫은데 하라고 한 적이 있어요?"
정서학대,3,무엇을 하려고 할 때 무조건 안 된다 하거나 하기 싫은데 하라고 한 적이 있어요?
정서학대,3,왜 안 하는 거야?
정서학대,3,"내가 무엇을 하려고 할 때 무조건 안 된다고 하거나 하기 싫은데도 무조건 하라고 할 때가
있나요?"
정서학대,3,"내가 무엇을 하려고 할 때, 무조건 안 된다고 하거나, 싫은데도 무조건 하라고 할 때가 있니?"
정서학대,3,"내가 무엇을 하려고 하면 무조건 안 된다고 하지 말라고 하거나, 하기 싫은데도 무조건 하라고 한 적이 있어?"
정서학대,3,무언가 억지로 하거나 누가 뭘 못하게 한 적은 있어?
정서학대,3,"내가 무엇을 하려고 하면 무조건 안 된다고 하지 말라고 하거나, 하기 싫은데도 무조건 하라고 할 때 있어?"
정서학대,3,무엇을 강제로 시키거나 못하게 하기도 하시나요?
정서학대,3,"내가 무엇을 하려고 하면 무조건 안된다고 하지 말라고 하거나
하기 싫은데도 무조건 하라고 할 때가 있나요?"
정서학대,3,"내가 무엇을 하려고 하면 무조건 안 된다고 하지 말라고 하거나, 하기 싫은데도 무조건 하라고 할 때가 있었나요?"
정서학대,3,누군가 억지로 무엇을 시키거나 못하게 하나요?
정서학대,3,너가 무엇을 하려고 할 때 무조건 안 된다고 하거나 하기 싫은데 무조건 하라고 하거나 할 때가 있어?
정서학대,3,내가 뭘 하려는데 무조건 안 된다 하거나 하기 싫은데 하라고 한 적이 있었어?
정서학대,3,"뭔가 하려고 할 때 무조건 안 된다고 하거나, 하기 싫은 것을 강요한 적이 있나요?"
정서학대,3,"내가 무엇을 하려고 하면 무조건 안 된다고 하거나, 
하기 싫은데 무조건 하라고 할 때가 있나요?"
정서학대,3,나에게 무엇을 억지로 시키거나 못하게 하는 사람이 있나요?
정서학대,3,너가 무엇을 하려고 할 때 무조건 안 된다고 하거나 하기 싫은데 무조건 하라 할 때 있어?
정서학대,3,"내가 무엇을 하려고 하면 무조건 안 된다고 하거나, 하고 싶은데 무조건 하라고 할 때가 있나요?"
정서학대,3,내가 무엇을 하려고 하면 안 된다고 하거나 무조건 하라고 할 때가 있나요?
정서학대,3,"내가 무엇을 하려고 하면 무조건 안 된다고 하지 말라고 하거나
 하기 싫은데 무조건 하라고 할 때가 있나요?"
정서학대,3,내가 무엇을 하려고 할 때 무조건 안 된다고 하거나 하기 싫은 일을 시킨 적이 있나요?
정서학대,3,무언가를 억지로 하게 시키는 사람이나 못하게 하는 사람이 있어?
정서학대,3,"내가 무엇을 하려고 하면 무조건 안 된다고 하거나, 하기 싫은데 무조건 하라고 할 때가 있어?"
정서학대,3,"내가 무엇을 하려고 하면 무조건 안 된다고 하지 말라고 하거나, 하기 싫은데 무조건 하라고 할 때가 있어?"
정서학대,3,"내가 뭘 하려고 할 때, 무조건 안 된다거나 하기 싫은데도 무조건 하라고 할 때가 있나요?"
정서학대,3,내가 무엇을 할 때 무조건 안 된다고 하거나 하기 싫은데도 무조건 하라고 강요한 적이 있을까?
정서학대,3,내가 무엇을 하려고 하면 무조건 안된다고 하거나 하기싫은데도 무조건 하라고 할 때가 있나요?
정서학대,3,"내가 무엇을 하려고 하면 무조건 안 된다고 하거나, 하지 말라고 하거나, 하기 싫은 데도 무조건 하라고 할 때가 있나요?"
정서학대,3,"무엇을 하려고 할 때, 무조건 안 된다고 하거나 하기 싫은데도 무조건 하라고 할 때가 있나요?"
정서학대,3,"내가 무엇을 하려고 하면 무조건 안 되거나, 하기 싫은데 무조건 하라고 할 때가 있었나요?"
정서학대,3,하기 싫은데도 무조건 하라고 할 때가 있어?
정서학대,3,"그럼 내가 무엇을 하려고 할 때 무조건 안 된다고 하거나, 하기 싫은데도 무조건 하라고 할 때는 있어요?"
정서학대,3,하기 싫은 일을 억지로 시키거나 하고 싶은 일을 못 하게 하는 경우도 있어?
정서학대,3,"뭔가 하려고 할 때 무조건 안 된다고 하거나, 하기 싫은데도 무조건해지라고 한 적 있어?"
정서학대,3,"내가 무엇을 할 때 무조건 안 된다고 하거나, 하기 싫은데도 무조건 하라고 할 때가 있나요?"
정서학대,3,내가 뭘 하려고 할 때 무조건 안 된다고 하거나 하기 싫은데도 무조건 하라고 할 때가 있어요?
정서학대,3,강제로 무엇을 시키거나 못하게 하기도 하나요?
정서학대,3,"내가 무엇을 하려고 하면 무조건 안 된다고 하지 말라고 하거나, 
하기 싫은데도 무조건 하라고 한 적이 있어?"
정서학대,3,무엇을 하려고 하면 무조건 안 된다고 하지 말라고 할 때가 있나요?
정서학대,3,하기 싫은 이유가 있을까?
정서학대,3,"뭔가 하려고 할 때 무조건 안 된다고 하거나, 하기 싫은데도 무조건 하라고 한 적 있어."
정서학대,3,왜 안 된다고 한 거야?
정서학대,3,내가 무엇을 하려고 하면 안 된다고 하거나 하기 싫어도 무조건 하라고 할 때가 있나요?
정서학대,3,무엇을 억지로 시키기도 하시나요?
정서학대,3,명령을 거부하면 어떻게 되나요?
정서학대,3,"내가 무엇을 하려고 하면 무조건 안 된다고 하지 말라고 하거나,
하기 싫은데도 무조건 하라고 할 때가 있나요?"
정서학대,3,나에게 무언갈 억지로 시키거나 하고 싶은데 못하게 하는 사람이 있나요?
정서학대,3,"내가 무엇을 하려고 할 때, 무조건 안 된다고 하거나, 하기 싫은데 무조건 하라고 할 때가 있나요?"
정서학대,3,"내가 무엇을 하려고 하면 무조건 안 된다고 하거나, 하기 싫은 데 무조건 하라고 한 적이 있나요?"
정서학대,3,부모님이 내가 무엇을 하려고 하면 무조건 안 된다고 하지 말라고 하거나 하기 싫은데 무조건 하라고 할 때가 있나요?
정서학대,3,억지로 무엇을 시키거나 강제로 못하게 한 적 있나요?
정서학대,5,누구 때문에 그렇게 느꼈어?
정서학대,5,어떤 말이나 행동 때문에 그렇게 느꼈어?
정서학대,5,누가 그랬어요?
정서학대,5,어떤 말이나 행동 때문에 그렇게 느꼈어요?
정서학대,5,친구는 그런 이야기를 들을 때 기분이 어때요?
정서학대,5,그럴 때 기분이 어때요?
정서학대,5,그때 상황을 얘기해줄 수 있나요?
정서학대,5,누가 그런 말을 했나요?
정서학대,5,그런 말을 들으면 어떤 기분이 드나요?
정서학대,5,그런 말 들으면 어떤 기분이 드나요?
정서학대,5,뭐라고 하시는데요?
정서학대,5,무슨 상황이었어요?
정서학대,5,그런 일이 있으면 기분이 어때요?
정서학대,5,그럴 때 어떤 기분이 드나요?
정서학대,5,어떤 말을 했나요?
정서학대,5,그럴 때에 친구는 어떤 기분이 드는지 말해줄 수 있어?
정서학대,5,그런 모습을 보면 어떤 기분이 드나요?
정서학대,5,뭐라고 하는지 말해줄 수 있어요?
정서학대,5,"그럼, 친구 기분은 어땠어?"
정서학대,5,그런 말을 들으면 어떤 생각이 들었나요?
정서학대,5,그 말을 듣고 어떤 생각이 들었나요?
정서학대,5,그때 마음이 어땠나요?
정서학대,5,그런 말을 들었을 때 기분이 어떤가요?
정서학대,5,누가 그랬어?
정서학대,5,그럼 얘기하는 사람은 있어요?
정서학대,5,또 다른 말이나 행동을 한 적 있나요?
정서학대,5,그때 어떤 기분이 들었나요?
정서학대,5,친구에게 어떤 말을 했나요?
정서학대,5,그래서 어떻게 됐어요?
정서학대,5,그 행동을 봤을 때 친구 기분은 어땠어요?
정서학대,5,왜 그렇게 느꼈어요?
정서학대,5,그런 말을 들었을 때 우리 친구 기분은 어때?
정서학대,5,누구때문에 그렇게 느꼈어?
정서학대,5,어떤 말이나 행동때문에 그렇게 느꼈어?
정서학대,5,"그럼, 친구 기분은 어때요?"
정서학대,5,그럴 때 어떤 생각이 드나요?
정서학대,5,누가 그랬나요?
정서학대,5,그때 내 기분은 어땠나요?
정서학대,5,누가 그런 말을 하나요?
정서학대,5,또 어떤 말을 했었나요?
정서학대,5,그럴 때 친구는 기분이 어때요?
정서학대,5,누구의 어떤 말이나 행동 때문에 그렇게 느꼈어?
정서학대,5,친구는 그런 말을 들을 때 기분이 어때요?
정서학대,5,"당했을 때, 어떤 느낌이었나요?"
정서학대,5,그런 말을 들으면 기분이 어때요?
정서학대,5,그런 말을 들었을 때 친구 기분이 어땠나요?
정서학대,5,그런 말을 들을 때 어떤 생각이 들어?
정서학대,5,뭐라고 하시나요?
정서학대,5,어떤 말과 행동을 하셨나요?
정서학대,5,친구가 어떻게 했어요?
정서학대,5,방에 갇혔을 때 무슨 기분이 들었나요?
정서학대,5,선생님이 친구에게 그런 행동을 할 때 친구는 기분이 어땠어요?
정서학대,5,어떨 때 그런 말을 들었나요?
정서학대,5,그때 기분이 어땠나요?
정서학대,5,그런 말을 들으면 친구 기분은 어때?
정서학대,5,그럴 때 어떻게 해?
정서학대,5,그때 선생님이 어떤 말도 했나요?
정서학대,5,그런 선생님의 행동으로 친구는 어때요?
정서학대,5,그렇게 느껴지는 이유가 무엇인가요?
정서학대,5,그런 일을 당하면 기분이 어때요?
정서학대,5,그럴 때 어떤 마음이 들어요?
정서학대,5,그때 상황을 이야기 해줄 수 있나요?
정서학대,5,혼났을 때 친구 기분은 어땠어요?
정서학대,5,무슨 말을 해도요?
정서학대,5,그런 말을 들을 때 기분이 어땠어요?
정서학대,5,그러면 친구 기분은 어때요?
정서학대,5,그런 말을 들으면 어떤 기분이 들어?
정서학대,5,그때 친구의 기분은 어땠어요?
정서학대,5,누가 뭐라고 그랬는지 말해줄 수 있어요? 선생님이 친구 얘기 들어줄게요.
정서학대,5,그런 상황에서 친구의 기분은 어땠어요?
정서학대,5,그런 말을 들으면 기분이 어때?
정서학대,5,그런 말을 들으면 어떤 기분이 들어요?
정서학대,5,그럴 때 어떤 기분이 들었나요?
정서학대,5,언제 그렇게 말했어요?
정서학대,5,그때 친구 기분이 어땠어요?
정서학대,5,또 기억에 남은 말이 있나요?
정서학대,5,대답을 한 적이 있나요?
정서학대,5,그런 상황에 나는 어떤 느낌이 드나요?
정서학대,5,기분이 어땠어?
정서학대,5,그때 친구의 기분이 어땠어요?
정서학대,5,그때 어떤 마음이었나요?
정서학대,5,어떨 때 그런 말을 하시나요?
정서학대,5,그런 말을 들을 때 친구 기분은 어때요?
정서학대,5,표정이 바뀐다는 게 어떻게 바뀌는 건가요?
정서학대,6,어른들이 집에서 쫓아내겠다고 말하거나 어디에 가두고 못 나오게 한 적 있어?
정서학대,6,어른들이 내쫓거나 어디 가둔 적 있니?
정서학대,6,"집에서 쫓아내거나 버리겠다고 하거나, 가두고 못 나오게 한 적이 있어요?"
정서학대,6,"어른들이 집에서 쫓아내거나 버리겠다고 말하거나, 어디에 가두고 못 나오게 한 적이 있어?"
정서학대,6,어른들이 집에서 쫓아내거나 버리겠다고 하거나 진짜 쫓아낸 적 있어?
정서학대,6,어른들이 어디에 가두고 못 나오게 한 적 있어?
정서학대,6,"어른들이 나를 집에서 쫓아내거나 버리겠다고 말하거나, 어디에 가두고 못 나오게 한 적은 있나요?"
정서학대,6,"어른들이 나를 집에서 쫓아내거나 버리겠다고 말하거나, 어디에 가두고 못 나오게 한 적이 있나요?"
정서학대,6,"어른들이 나를 집에서 쫓아내거나 버리겠다고 말하거나, 어디에 가두고 못 나오게 한 적이 있었나요?"
정서학대,6,어른들이 방이나 다른 곳에 가두고 못 나오게 한 적 있어?
정서학대,6,어른들이 집에서 쫓아낸다고 하거나 버리겠다고 하거나 진짜 쫓아낸 적 있어?
정서학대,6,"어른들이 나를 집에서 쫓아내거나, 그러겠다고 하거나, 어디에 가두고 못 나오게 한 적이 있나요?"
정서학대,6,"어른들이 나를 집에서 쫓아내거나, 그러겠다고 하거나, 어디 가두고 못 나오게 한 적이 있나요?"
정서학대,6,어른들이 나를 어디 가두고 못 나오게 한 적 있어요?
정서학대,6,어른들이 나를 집에서 쫓아내거나 버리겠다고 말하거나 진짜 쫓아낸 적 있나요?
정서학대,6,어른들이 집에서 나가라고 하거나 어디 가둔 적 있어?
정서학대,6,"어른들이 나를 집에서 쫓아낸다고 말하거나, 어디에 가두고 못 나오게 한 적이 있나요?"
정서학대,6,어른들이 나를 어디에 가두고 못 나오게 한 적이 있나요?
정서학대,6,어른들이 나를 집에서 쫓아내거나 버리겠다고 말하거나 진짜 쫓아낸 적이 있나요?
정서학대,6,"혹시 어른들이 나를 집에서 쫓아내거나, 그러겠다고 하거나, 어디 가두고 못 나오게 한 적이 있나요?"
정서학대,6,어른들이 집 나가라고 화내거나 어디 가둔 적 있어?
정서학대,6,어른들이 나를 어디에 가두고 못 나오게 한 적 있어?
정서학대,6,나를 집에서 쫓아내겠다고 말하거나 진짜 쫓아낸 적 있어?
정서학대,6,"나를 집에서 쫓아내거나, 그렇게 하겠다고 하거나, 어디에 가두고 못 나오게 한 적이 있나요?"
정서학대,6,아빠가 집에서 쫓아내겠다고 말하거나 어디에 가두고 못 나오게 한 적 있어?
정서학대,6,어른들이 나를 집에서 쫓아내거나 버리겠다고 말하거나 어디에 가두고 못 나오게 한 적 있어?
정서학대,6,어른들이 나를 집에서 쫓아내거나 버리겠다고 말하거나 어디 가둔 적 있나요?
정서학대,6,"어른들이 나를 집에서 쫓아내거나 버리겠다고 말하거나, 어디에 가두고 못 나오게 한 적 있나요?"
정서학대,6,어른들이 어디에 가두고 못 나오게 한 적 있어요?
정서학대,6,어른들이 나를 집에서 쫓아내거나 버리겠다고 말하거나 어디 가두고 못 나오게 한 적 있어?
정서학대,6,"어른들이 나를 집에서 쫓아내거나 버리겠다고 말하거나, 어디에 가두고  못나오게 한 적이 있나요?"
정서학대,6,"집에서 쫓아내겠다고 말하거나, 어디에 가두고 못 나오게 한 적은 있나요?"
정서학대,6,부모님이 집에서 쫓아내겠다고 말하거나 어디에 가두고 못 나오게 한 적이 있어?
정서학대,6,부모님이 집에서 쫓아내겠다고 말하거나 어디에 가두고 못 나오게 한 적이 있나요?
정서학대,6,어른들이 집에서 쫓아내겠다고 말하거나 어디에 가두고 못 나오게 한 적이 있어?
정서학대,6,어른들이 나를 두고 나가거나 쫓아내겠다고 말한 적이 있어?
정서학대,6,어른들이 나를 어디에 가두고 못 나오게 한 적이 있니?
정서학대,6,어른들이 나를 집에서 쫓아내거나 버리겠다고 말하거나 진짜 쫓아낸 적이 있니?
정서학대,6,부모님이 집에서 쫓아내 버리겠다고 하거나 어디에 가두고 못 나오게 한 적이 있나요?
정서학대,6,나를 집에 쫓아내거나 버리겠다고 말한 적이 있나요?
정서학대,6,어른들이 나를 쫓아내거나 버리겠다고 말한 적 있어?
정서학대,6,"어른들이 나를 쫓아내거나, 그러겠다고 하거나, 어디에 가두고 못 나오게 한 적이 있나요?"
정서학대,6,어른들이 나를 집에서 쫓아버리겠다고 하거나 가둔 적이 있나요?
정서학대,6,"어른들이 나를 집에서 쫓아내거나 버리겠다고 말하거나, 진짜 쫓아낸 적이 있니?"
정서학대,6,"어른들이 나를 집에서 쫓아냈거나, 그런다고 하거나, 어디에 가둔 적이 있나요?"
정서학대,6,"혹시 어른들이 나를 집에서 쫓아내거나, 버리겠다고 하거나, 어디 가두고 못 나오게 한 적이 있나요?"
정서학대,6,어른들이 나를 버리겠다고 하거나 진짜 쫓아낸 적 있어?
정서학대,6,"어른들이 나를 집에서 쫓아내거나 버리겠다고 하거나, 어디에 가두고 못 나오게 한 적이 있나요?"
정서학대,6,어른들이 나를 어디 가두고 못 나오게 한 적 있어?
정서학대,6,어른들이 나를 집에서 쫓아내거나 버리겠다고 말하거나 진짜 쫓아낸 적 있어?
정서학대,6,"어른들이 나를 집에서 쫓아내거나 버리겠다고 말하거나, 
어디에 가두고 못 나오게 한 적이 있나요?"
정서학대,6,"아빠가 나를 집에서 쫓아버리거나, 그러겠다고 하거나, 어디 가두고 못 나오게 한 적이 있나요?"
정서학대,6,"어른들이 나를 내쫓아 버리거나, 그런다고 하거나, 어디 가두고 못 나오게 한 적이 있나요?"
정서학대,6,선생님이 시설에서 쫓아내겠다고 말하거나 어디에 가두고 못 나오게 한 적이 있어?
정서학대,6,집에서 쫓아내겠다고 말하거나 어디에 가두고 못 나오게 한 적이 있어?
정서학대,6,어른들이 나를 집에서 쫓아내거나 버리겠다고 말하거나 어디에 가두고 못 나오게 한 적 있나요?
정서학대,6,"나를 집에서 쫓아내거나, 쫓아내겠다고 하거나, 어디에 가두고 못 나오게 한 적이 있어요?"
정서학대,6,"어른들이 나를 집에 쫓아내거나 버리겠다, 어디에 가두고 못 나온 적이 있나요?"
정서학대,6,"어른들이 나를 집에서 쫓아내거나 버리겠다고 말하거나, 어디에 가두고 못 나오게 한 적이 
있나요?"
정서학대,6,어른들이 나를 집에서 쫓아내거나 버리겠다고 한 적 있어요?
정서학대,6,"어른들이 나를 쫓아내거나 버리겠다고 말하거나, 어디에 가두고 못 나오게 한 적이 있나요?"
정서학대,6,어른들이 집 나가라고 하거나 어디 가둔 적 있어?
정서학대,6,어른들이 집에서 쫓아내거나 버리겠다고 한 적이 있어?
정서학대,6,아빠가 집에서 쫓아내거나 버리겠다고 말하거나 어디에 가두고 못 나오게 한 적이 있나요?
정서학대,6,"어른들이 나를 집에서 쫓아내거나, 그러겠다고 하거나, 어디 가둔 적이 있나요?"
정서학대,6,"어른들이 나를 집에서 쫓아낸다고 하거나 버리겠다고 하거나, 어디에 가둔 적 있나요?"
정서학대,6,어른들이 나를 집에서 쫓아내거나 버리겠다고 말하거나 어디 가둔 적이 있나요?
정서학대,6,"어른들이 집에서 쫓아내거나, 그러겠다고 하거나, 어디 가두고 못 나오게 한 적이 있어요?"
정서학대,6,집에서 쫓아내겠다고 말하거나 어디에 가두고 못 나오게 한 적이 있나요?
정서학대,6,어른들이 나를 집에서 쫓아버리겠다고 하거나 어디에 가두고 못 나오게 한 적이 있어요?
정서학대,6,어른들이 집을 나가라고 하거나 어디 가둔 적 있어?
정서학대,6,"어른들이 날 집에서 쫓아버린다고 하거나, 아니면 그런다고 말하거나, 어디 가둔 적이 있나요?"
정서학대,6,"어른들이 나를 집에서 쫓아내거나 버리겠다고 말하거나, 어디에 가두고 못 나오게 한 적 있어요?"
정서학대,6,어른들이 나를 집에서 쫓아내거나 어디에 가두고 못 나오게 한 적이 있나요?
정서학대,6,어른이 어디 가두고 못 나오게 한 적이 있나요?
정서학대,6,어른이 집에서 쫓아내거나 버리겠다고 말하거나 진짜 쫓아낸 적이 있나요?
정서학대,6,나를 집에서 버리겠다고 말하거나 진짜 쫓아낸 적 있어?
정서학대,6,집에서 쫓아낸다는 말을 듣거나 어디서 억지로 있었던 적이 있어요?
정서학대,6,어른들이 집 나가라고 화를 내거나 어디 가둔 적 있어?
정서학대,6,아빠가 방이나 다른 곳에 가두고 못 나오게 한 적 있어요?
정서학대,6,아빠가 집에서 쫓아낸다고 하거나 버리겠다고 하거나 실제로 쫓아낸 적이 있어요?
정서학대,6,어른들이 집에서 쫓아내거나 버리겠다고 말하거나 어디에 가두고 못 나오게 한 적 있어요?
정서학대,6,어른들이 집 나가라고 혼내거나 어디 가둔 적 있어?
정서학대,6,"부모님이 나를 집에서 쫓아버리겠다고 하거나 쫓아낸 적, 혹은 어디 가둔 적이 있나요?"
정서학대,6,"어른들이 나를 집에서 쫓아냈거나, 그런다고 하거나, 가둔 적이 있나요?"
정서학대,6,부모님이 집에서 쫓아내거나 어디 가두려고 한 적 있어?
정서학대,6,"어른들이 나를 집에서 쫓아내 버리겠다고 하거나, 어디 가두고 못 나오게 한 적이 있어요?"
정서학대,6,선생님이 어디에 가두고 못 나오게 한 적이 있어요?
정서학대,6,선생님이 보육원에서 쫓아내거나 버리겠다고 말하거나 진짜 쫓아낸 적이 있나요?
정서학대,6,"어른들이 나를 집에서 쫒아내거나 버리겠다고 말하거나, 어디에 가두고 못 나오게 한 적이 있나요?"
정서학대,6,나를 집에서 쫓아내거나 버리겠다고 말하거나 진짜 쫓아낸 적 있어?
정서학대,6,"어른들이 집에서 쫓아내거나 버리겠다고 말하거나, 어디에 가두고 못 나오게 한 적이 있어요?"
정서학대,6,어른들이 너를 어디에 가두고 못 나오게 한 적이 있나요?
정서학대,6,어른들이 나를 집에서 쫓아내 버리겠다고 말하거나 진짜 쫓아낸 적이 있나요?
정서학대,6,어른들이 나를 어디에 가두고 못 나오도록 한 적이 있어?
정서학대,6,집에서 나가라고 하거나 쫓아낸다고 한 적이 있어?
정서학대,6,"어른들이 나를 집에서 쫓아내겠다고 하거나 버리겠다고 하거나, 진짜로 쫓아낸 적이 있어요?"
정서학대,6,나를 어디에 가두고 못 나오게 한 적 있어?
정서학대,6,"어른들이 나를 집에서 쫓아내거나 버리겠다고 말하거나, 어디 가두고 못 나오게 한 적 있어?"
정서학대,6,어른들이 시설에서 쫓아내겠다고 말하거나 어디에 가두고 못 나오게 한 적이 있어?
정서학대,6,"집에서 쫓아내거나 버리겠다고 하거나, 가두고 못 나오게 한 적 있어요?"
정서학대,6,할머니가 나를 방에 가두거나 못 나오게 한 적이 있어?
정서학대,6,할머니가 너를 집에서 쫓아내거나 버리겠다고 말한 적이 있어?
정서학대,6,어른들이 방에 가두고 못 나오게 한 적 있나요?
정서학대,6,"어른들이 나를 지내는 곳에서 쫓아내거나, 그러겠다고 하거나, 어디 가두고 못 나오게 한 적이 있나요?"
정서학대,6,어른들이 집에서 쫓아내거나 버리겠다고 말하거나 어디에 가두고 못 나오게 한 적이 있어?
정서학대,6,부모님이 집에서 쫓아내겠다고 말하거나 어디 가두고 못 나오게 한 적이 있나요?
정서학대,6,"어른들이 나를 시설에서 쫓아낸다고 말하거나, 어디에 가두고 못 나오게 한 적이 있나요?"
정서학대,6,"그럼, 아빠가 나를 집에서 쫓아내거나 그러겠다고 하거나, 어디 가둔 적이 있나요?"
정서학대,6,어른들이 집에서 쫓아내거나 버리겠다고 말한 적 있어?
정서학대,6,어른들이 집에서 쫓아내거나 버리겠다고 말한 적이 있어?
정서학대,6,"어른들이 나를 집에서 쫓아내거나, 쫓아내 버리겠다고 하거나, 어디에 가두고 못 나오게 한 적이 있나요?"
정서학대,6,어른들이 방이나 다른 곳에 가두고 못 나오게 한 적 있어요?
정서학대,6,어른들이 집에서 쫓아낸다고 하거나 버리겠다고 하거나 진짜 쫓아낸 적 있어요?
정서학대,6,어른들이 나를 집에서 쫓아내거나 버리겠다고 말하거나 어디에 가두고 못 나오게 한 적이 있나요?
정서학대,6,"어른들이 나를 집에서 쫓아내거나, 그러겠다고 말하거나, 어디에 가두고 못 나오게 한 적이 있나요?"
정서학대,6,"어른들이 집에서 나를 쫓아내거나 버리겠다고 말하거나, 어디에 가두고 못 나오게 한 적은 있나요?"
정서학대,6,나를 어디에 가두고 못 나오게 한 적 있나요?
정서학대,6,나를 버리겠다고 말하거나 진짜 쫓아낸 적이 있나요?
정서학대,6,어른들이 나를 어디에 가두고 못 나오게 한 적이 있어?
정서학대,6,어른들이 나를 집에서 쫓아내거나 버리겠다고 한 적 있어?
정서학대,6,어른들이 나를 집에서 쫓아내거나 버리겠다고 말하거나 어디 가두고 못 나오게 한 적 있나요?
정서학대,6,"어른들이 나를 집에서 쫓아내거나 버리겠다고 말하거나, 어디에 가두고 못 나오게 한 적이 있어?"
정서학대,6,"어른들이 집에서 쫓아내겠다고 말하거나, 어디에 가두고 못 나오게 한 적 있어?"
정서학대,6,아빠가 나를 집에서 쫓아내거나 버리겠다고 한 적 있어요?
정서학대,6,새엄마가 나를 집에서 쫓아내거나 버리겠다고 말하거나 진짜 쫓아낸 적이 있니?
정서학대,6,집에서 쫓아내거나 버리겠다고 말한 적 있어요?
정서학대,6,어른들이 집에서 나가라고 화를 내거나 어디 가둔 적 있어?
정서학대,6,"어른들이 나를 집에서 쫓아낸다고 말하거나, 어디에 가두고 못 나오게 한 적이 있어요?"
정서학대,6,어른들이 집에서 나가라고 화내거나 어디 가둔 적은 있어?
정서학대,6,"어른들이 나를 집에서 쫓아내거나 버리겠다고 말하거나, 어디에 가두고 못 나오게 한 적 있어?"
정서학대,6,"그럼 부모님이 나를 집에서 쫓아내거나 쫓아내 버리겠다고 하거나, 어디에 가둔 적이 있어요?"
정서학대,6,어른들이 나를 집에서 쫓아내겠다고 말하거나 진짜 쫓아낸 적 있어?
정서학대,6,"어른들이 나를 집에서 쫓아냈거나 그런다고 하거나, 가둔 적이 있을까?"
정서학대,6,어른들이 어디에 가두고 못 나오게 한 적이 있나요?
정서학대,6,집에서 쫓아낸다고 하거나 어디 가두기도 하나요?
정서학대,6,"어른들이 나를 집에서 쫓아내거나 버리겠다고 말하거나, 어디에 가두고 못 나오게 한 적이 있을까?"
정서학대,6,어른들이 내쫓으려 하거나 어디 가두려 한 적 있어?
정서학대,6,어른들이 나를 집에서 쫓아내거나 버리겠다고 말하거나 어디에 가두고 못 나오게 한 적 있어요?
정서학대,6,"어른들이 나를 쫓아내거나, 그러겠다고 하거나, 어디 가두고 못 나오게 한 적이 있나요?"
정서학대,6,어른들이 집 나가라고 하거나 어디 가두거나 한 적 있어?
정서학대,6,어른들이 나를 집에서 쫓아내겠다고 하거나 진짜 쫓아낸 적 있어?
정서학대,6,"어른들이 나를 내쫓아 버리거나, 그러겠다고 하거나, 어디 가두고 못 나오게 한 적이 있나요?"
정서학대,6,어른들이 나를 집에서 쫓아내거나 버리겠다고 말하거나 어디 가두고 못 나오게 한 적 있어요?
정서학대,6,"어른들이 나를 집에서 쫓아내거나, 쫓아내려고 하거나, 어디에 가두고 못 나오게 한 적이 있나요?"
정서학대,6,"어른들이 나를 집에서 쫓아내거나, 그러겠다고 하거나, 어디에 가두고 못 나오게 한 적이 있을까?"
정서학대,6,"어른들이 나를 집에서 쫓아내겠다고 하거나 버리겠다고 말하거나, 어디 가두고 못 나오게 한 적 있나요?"
정서학대,6,"어른들이 집에서 쫓아내거나 버리겠다고 말하거나, 어디에 가두고 못 나오게 한 적은 있나요?"
정서학대,6,어른들이 나를 어디에 가두고 못 나오게 한 적 있나요?
정서학대,6,"어른들이 나를 집이나 시설에서 쫓아내거나, 그러겠다고 하거나, 어디 가두고 못 나오게 한 적이 있나요?"
정서학대,6,어른들이 집 나가라고 소리 지르거나 어디 가둔 적 있어?
정서학대,6,어른들이 집에서 쫓아낸다고 하거나 버리겠다고 한 적 있어?
정서학대,6,어른들이 집에서 나가라고 하거나 버리겠다고 하거나 못 나오게 막은 적 있어?
정서학대,6,어른들이 시설에서 나가라고 화내거나 어디 가둔 적 있어?
정서학대,6,"어른들이 나를 쫓아낸다고 말하거나, 어디에 가두고 못 나오게 한 적이 있나요?"
정서학대,6,"어른들이 나를 집에서 쫓아내거나 버리겠다고 말하거나, 어디에 가두고 못나오게 한 적이 있나요?"
정서학대,6,"어른들이 나를 집에서 쫓아내거나, 그러겠다고 하거나, 어디에 가두고 못 나오게 한 적이
있어요?"
정서학대,6,"어른들이 나를 집에서 쫓아내거나 버리겠다고 말하거나, 어디에 가두고 못 나오게 한 적은 있어?"
정서학대,6,나를 집에서 쫓아내거나 버리겠다고 말하거나 어디에 가두고 못 나오게 한 적이 있나요?
정서학대,6,어른들이 방에 나를 가두거나 못 나오게 한 적이 있어?
정서학대,6,어른들이 나를 버리겠다고 하거나 진짜 집 밖으로 쫓아낸 적이 있어?
정서학대,6,"어른들이 나를 집에서 쫓아낸다고 말하거나, 어디에 가두고 못 나오게 한 적은 있나요?"
정서학대,6,선생님들이 나가라고 내쫓거나 어디 가둔 적 있어?
정서학대,6,"엄마나 아빠가 버리겠다고 말하거나, 어디에 가두고 못 나오게 한 적이 있어요?"
정서학대,6,"어른들이 나를 집에서 쫓아내거나, 그러겠다고 하거나, 어디 가두고 못 나오게 한 적이 있을까?"
정서학대,6,어디에서 못 나오거나 쫓아내겠다는 말을 들은 적이 있어?
정서학대,6,시설에서 쫓아내겠다고 말하거나 어디에 가두고 못 나오게 한 적이 있어?
정서학대,6,"어른들이 나를 집에서 쫓아내거나 그러겠다고 하거나, 어디에 가두고 못 나오게 한 적 있어?"
정서학대,6,부모님이 집에서 쫓아내겠다고 말하거나 어디에 가두고 못 나오게 한 적 있나요?
정서학대,6,어디 가두고 못 나오게 하거나 쫓아낸다고 한 적은 있나요?
정서학대,6,할머니가 집에서 쫓아내겠다고 말하거나 어디에 가두고 못 나오게 한 적이 있어?
정서학대,6,아빠가 집에서 쫓아낸다고 말하거나 버리겠다고 한다거나 가두고 못 나오게 한 적이 있나요?
정서학대,6,할아버지가 집에서 쫓아내겠다고 말하거나 어디에 가두고 못 나오게 한 적이 있어?
정서학대,6,"어른들이 나를 집에서 쫓아내 버리겠다고 말하거나, 어디에 가두고 못 나오게 한 적이 있나요?"
정서학대,6,"어른들이 나를 집에서 쫓아내거나 버리겠다고 말하거나, 어디에 가두고 못 나오게 한 적 있었나요?"
정서학대,6,어른들이 집에서 쫓아낸다고 하거나 버리겠다고 하거나 진짜 쫓아낸 적이 있어요?
정서학대,6,어른들이 나를 집에서 쫓아내거나 버리겠다고 말하거나 어디 가두고 못 나오게 한 적 있을까?
정서학대,6,어른들이 집에서 쫓아낸다고 하거나 어디 가둔 적이 있나요?
정서학대,6,부모님이 집 나가라고 하거나 어디 가둔 적 있어?
정서학대,6,어른들이 나를 쫓아내거나 어디에 가두고 못 나오게 한 적이 있나요?
정서학대,6,"어른들이 나를 집에서 쫓아내거나, 쫓아내 버리겠다고 말하거나, 어디에 가두고 못 나오게 한 적이 있나요?"
정서학대,6,"어른들이 집에서 쫓아내거나 버리겠다고 말하거나, 어디에 가두고 못 나오게 한 적이 있나요?"
정서학대,6,"어른들이 집에서 쫓아내거나 버리겠다고 말하거나, 어디에 가두고 못 나오게 한 적 있어?"
정서학대,6,어른들이 나를 어디에 가두고 못 나오게 한 적이 있었어?
정서학대,6,집에서 쫓아내거나 버리겠다고 말하거나 실제로 그런 적이 있어?
정서학대,6,어른들이 집에서 쫓아내거나 버리겠다고 한 적이 있나요?
정서학대,6,어른들이 나를 어디 가두고 못 나오게 한다거나 쫓아내 버린다고 말 한 적 있나요?
정서학대,6,어른들이 나가라고 화내거나 어디 가둔 적 있어?
정서학대,6,"어른들이 나를 내쫓겠다고 하거나, 어디 가두고 못 나오게 한 적이 있나요?"
정서학대,6,부모님이 버리겠다고 말하거나 어디 가두고 못 나오게 한 적이 있나요?
정서학대,6,"어른들이 집에서 나를 쫓아내거나 버리겠다, 가두고 못 나오게 한 적이 있나요?"
정서학대,6,"어른들이 나를 집에서 쫓아내거나 버리겠다고 말 하거나, 어디에 가두고 못 나오게 한 적 있나요?"
정서학대,6,어른들이 방에 가두고 못 나오게 한 적이 있어?
정서학대,6,원장님이 시설에서 쫓아내겠다고 말하거나 어디에 가두고 못 나오게 한 적이 있나요?
정서학대,6,어른들이 집에서 쫓아내거나 버리겠다고 하거나 가두고 못 나오게 한 적이 있나요?
정서학대,6,어른들이 나를 쫓아낸다고 하거나 어디 가둔 적은 있어?
정서학대,6,어른들이 나를 가두거나 어디 못 나오게 한 적이 있어?
정서학대,6,"어른들이 나를 집에서 쫓아내거나, 그러겠다고 하거나, 어디에 가두고 못 나오게 한 적이 있어?"
정서학대,6,어른들이 나를 집에서 쫓아내거나 버리겠다고 말하거나 진짜 쫓아낸 적이 있어요?
정서학대,6,어른들이 나를 어디에 가두고 못 나오게 한 적 있어요?
정서학대,6,어른들이 나를 어디 가두고 못 나오게 한다거나 쫓아내 버린다고 말 한 적이 있나요?
정서학대,6,삼촌이 버리겠다고 말하거나 어디 가두고 못 나오게 한 적이 있나요?
정서학대,6,아빠가 집 나가라고 하거나 어디 가둔 적 있어?
정서학대,6,"어른들이 나를 집에서 쫓아내겠다고 하거나, 어디에 가두고 못 나오게 한 적이 있나요?"
정서학대,6,"어른들이 집에서 쫓아내거나 버리겠다고 말하거나, 어디 가두고 못 나오게 한 적이 있나요?"
정서학대,6,어른들이 나를 집에서 쫓아내거나 버리겠다고 말하거나 어디에 가둔 적 있나요?
정서학대,6,집에서 나가라고 하거나 어디에 들어가라고 하고 못 나오게 한 적 있어?
정서학대,6,"어른들이 나를 집에서 쫓아내거나 버리겠다고 말하거나, 어디 가두고 못 나오게 한 적이 있나요?"
정서학대,6,그럼 나가라고 내쫓거나 어디 가둔 적은 있어?
정서학대,6,"어른들이 나를 집에서 쫓아내거나 버리겠다고 말하거나, 어디에 가두고서 못 나오게 한 적 있어요?"
정서학대,6,"어른들이 나를 집에서 쫓아내거나, 그러겠다고 하거나, 어디에 가두고 못 나오게 한 적이 있어요?"
정서학대,6,어른들이 나를 어디에 가두고 못 나오게 한 적 있었어?
정서학대,6,"집에서 쫓아낸다고 하거나, 어디에서 못 나온 적은 있어요?"
정서학대,6,어른들이 너를 어디에 가두고 못 나오게 한 적이 있어요?
정서학대,6,어른들이 집에서 쫓아내거나 버리겠다고 말하거나 진짜 쫓아낸 적이 있나요?
정서학대,6,"어른들이 집에서 쫓아낸다고 하거나, 버리겠다고 하거나, 진짜 쫓아낸 적 있어?"
정서학대,6,어른들이 나를 집에서 쫓아내거나 버리겠다 하거나 어디에 가둔 적이 있나요?
정서학대,6,어른들이 나를 어디 가두고 못 나오게 한 적이 있나요?
정서학대,6,"어른들이 나를 집에서 쫓아내거나 그러겠다고 하거나, 어디에 가두고 못 나오게 한 적이 있나요?"
정서학대,6,"부모님이 집에서 쫓아내 버리겠다고 말하거나, 어디에 가두고 못 나오게 한 적이 있어요?"
정서학대,6,부모님이 나를 집에서 쫓아내거나 어디에 가두고 못 나오게 한 적이 있나요?
정서학대,6,어른들이 나이 집에서 쫓아내거나 버리겠다고 말하거나 어디 가두고 못 나오게 한 적 있어?
정서학대,6,어른들이 나를 집에서 쫓아내거나 버리겠다고 하거나 어디 가두고 못 나오게 한 적 있어?
정서학대,6,어른들이 집에서 쫓아내겠다고 하거나 가두고 못나오게 한 적이 있나요?
정서학대,6,"엄마가 친구를 집에서 쫓아내거나 버리겠다고 말하거나, 어디에 가두고 못 나오게 한 적 있어요?"
정서학대,6,어른들이 친구를 집에서 쫓아내거나 버리겠다고 말하거나 어디에 가두고 못 나오게 한 적 있어?
정서학대,6,"어른들이 친구를 집에서 쫓아내거나 버리겠다고 하거나, 어디에 가두고 못 나오게 한 적 있어?"
정서학대,6,어른들이 친구를 집에서 쫓아내거나 어디에 가두고 못 나오게 한 적 있어?
정서학대,6,부모님이 친구를 버리겠다고 말하거나 어디 가두고 못 나오게 한 적이 있나요?
정서학대,6,어른들이 친구를 집에서 쫓아내거나 버리겠다고 말하거나 어디에 가두고 못 나오게 한 적이 있어요?
정서학대,6,"부모님이 친구를 집에서 쫓아내거나 버리겠다고 말하거나, 어디에 가두고 못 나오게 한 적이 있어?"
정서학대,6,"어른들이 친구를 집에서 쫓아내거나 버리겠다고 말하거나, 
어디에 가두고 못 나오게 한 적이 있나요?"
정서학대,6,"어른들이 친구를 집에서 쫓아내거나 버리겠다고 말하거나, 어디에 가두고 못 나오게 한 적이 있어?"
정서학대,6,"어른들이 친구를 집에서 쫓아내 버리겠다고 하거나, 어디 가두고 못 나오게 한 적 있어?"
정서학대,6,어른들이 친구를 어디 가두고 못 나오게 한 적이 있었나요?
정서학대,6,어른들이 집에서 친구를 쫓아낸다고 하거나 진짜로 쫓아낸 적이 있어요?
정서학대,6,"어른들이 친구를 집에서 쫓아내거나 버리겠다고 하거나, 어디에 가두고 못 나오게 한 적 있어요?"
정서학대,6,어/ 어른들이 친구를 어디 가두고 못 나오게 한 적이 있었어요?
정서학대,6,어른들이 친구를 집에서 쫓아낸 적이 있나요?
정서학대,6,"그럼, 어른들이 친구를 가두고 못 나오게 한 적이 있었나요?"
정서학대,6,"어른들이 친구를 집에서 쫓아내거나 버리겠다고 말하거나, 어디에 가두고 못 나오게 한 적이 있나요?"
정서학대,6,"어른들이 친구를 집에서 쫓아내거나 버리겠다고 말하거나, 어디에 가두고 못 나오게 한 적이 있었나요?"
정서학대,6,친구를 어디에 가두고 못 나오게 한 적이 있어요?
정서학대,6,어른들이 친구를 집에서 쫓아내거나 버리겠다고 말하거나 진짜 쫓아낸 적이 있어요?
정서학대,6,어른들이 친구를 집에서 쫓아내거나 버리겠다고 말하거나 어디에 가두고 못 나오게 한 적 있어요?
정서학대,6,어른들이 친구를 어디에 가두고 못 나오게 한 적 있어?
정서학대,6,어른들이 친구를 집에서 쫓아내거나 버리겠다고 말한 적 있어?
정서학대,6,"어른들이 친구를 집에서 쫓아내거나 버리겠다고 말하거나, 어디에 가두고 못 나오게 한 적이 있어요?"
정서학대,6,혹시 어른들이 친구를 가두고 못 나오게 한 적이 있나요?
정서학대,6,부모님이 친구를 버리겠다고 말하거나 어디 가두고 못나오게 한적이 있나요?
정서학대,6,친구를 어디 가두고 못 나오게 한 적 있어?
정서학대,6,"어른들이 친구를 집에서 쫓아내거나 버리겠다고 말하거나, 어디에 가두고 못 나오게 한 적은 있어?"
정서학대,6,어른들이 친구를 쫓아내거나 버리겠다고 말하거나 어디에 가두고 못 나오게 한 적 있나요?
정서학대,6,"어른들이 집에서 친구를 쫓아내거나 버리겠다고 하거나, 어디에 가두고 못 나오게 한 적은 있어?"
정서학대,6,어른들이 친구를 어디에 가두고 못 나오게 한 적이 있었어?
정서학대,6,"원장님이 친구를 집에서 쫓아내거나 버리겠다고 말하거나, 어디에 가두고 못 나오게 한 적이 있어?"
정서학대,6,"부모님이 친구를 집에서 쫓아내거나 버리겠다고 말하거나, 어디에 가두고 못 나오게 한 적이 있어요?"
정서학대,6,어른들이 친구를 어디에 가두고 못 나오게 한 적이 있어?
정서학대,6,어른들이 친구를 어디에 가둔 적이 있을까?
정서학대,6,어른들이 친구를 어디에 가두고 못 나오게 한 적 있나요?
정서학대,6,"원장님이 친구를 시설에서 쫓아내거나 버리겠다고 말하거나, 어디에 가두고 못 나오게 한 적 있어?"
정서학대,6,어른들이 친구를 어디에 가두고 못 나오게 한 적이 있었어요?
정서학대,6,어른들이 친구를 집에서 쫓아낸 적이 있어요?
정서학대,6,"할아버지가 친구를 집에서 쫓아내거나 버리겠다고 말하거나, 어디에 가두고 못 나오게 한 적이 있어?"
정서학대,6,집에서 친구를 쫓아내거나 버리겠다고 말하거나 어디에 가두고 못 나오게 한 적 있나요?
정서학대,6,어른들이 친구를 버리겠다고 말하거나 어디에 가두고 못 나오게 한 적 있어?
정서학대,6,어른들이 친구를 어디에 가두고 못 나오게 한 적이 있어요?
정서학대,6,어른들이 친구를 쫓아내거나 버리겠다고 말하거나 진짜 쫓아낸 적이 있어요?
정서학대,6,선생님이 어디에 가두고 못 나오게 한 적이 있다거나 다른 친구들 앞에서 혼낸 적 있나요?
정서학대,6,선생님이 친구를 쫓아내거나 쫓아내 버리겠다고 말한 적이 있어?
정서학대,6,"부모님이 친구를 쫓아내거나 버리겠다고 하거나, 어디에 가두고 못 나오게 했던 적이 있나요?"
정서학대,6,"친구는 부모님이 쫓아낸다고 말하거나, 어디에 가둔 적 있어?"
정서학대,6,"어른들이 친구를 집에서 쫓아내거나 버리겠다고 말하거나, 어디에 가두고 못 나오게 한 적 있어?"
정서학대,6,엄마가 친구를 어디 가두고 못 나오게 한 적이 있나요?
정서학대,6,엄마가 친구를 집에서 쫓아내거나 쫓아낸다고 말한 적 있어?
정서학대,6,"친구를 집에서 쫓아내 버리겠다고 하거나, 어디에 가두고 못 나오게 한 적 있어?"
정서학대,6,"어른들이 친구를 집에서 쫓아내거나 버리겠다고 하거나, 어디에 가두고는 못 나오게 한 적 있었어?"
정서학대,6,어른들이 친구를 어디에 가두고 못 나오게 한 적이 있나요?
정서학대,6,아빠가 친구를 어디 가두고 못 나오게 한 적이 있나요?
정서학대,6,아빠가 친구를 집에서 쫓아내거나 버리겠다고 말하거나 진짜 쫓아낸 적 있어요?
정서학대,6,친구를 집에서 쫓아내 버리겠다고 말하거나 어디에 가두겠다고 말한 적 있어?
정서학대,6,"어른들이 친구를 집에서 쫓아내거나 버리겠다고 말하거나, 
어디에 가두고 못 나오게 한 적이 있어요?"
정서학대,6,친구를 집에서 쫓아내거나 버리겠다고 말하거나 진짜 쫓아낸 적이 있나요?
정서학대,6,어른들이 친구를 집에서 쫓아내거나 버리겠다고 말하거나 어디에 가두고 못 나오게 한 적 있나요?
정서학대,6,"아빠가 친구를 집에서 쫓아내거나 버리겠다고 말하거나, 어디에 가두고 못 나오게 한 적이 있어?"
정서학대,6,어른들이 친구를 어디 가두고 못 나오게 한 적이 있었어요?
정서학대,6,어른들이 친구를 쫓아내거나 버리겠다고 말하거나 진짜 쫓아낸 적이 있나요?
정서학대,6,어른들이 친구를 집에서 쫓아내겠다고 이야기하거나 정말 쫓겨난 적이 있었어요?
정서학대,6,"그럼, 어른들이 친구를 어디에 가두고 못 나오게 한 적이 있었어요?"
정서학대,6,"어른들이 친구를 집에서 쫓아내거나 버리겠다고 말하거나, 어디에 가두고는 못 나오게 한 적 있어?"
정서학대,6,부모님이 친구를 버리겠다고 말하거나 어디 가두고 못 나오게 한적이 있나요?
정서학대,6,"아버지가 친구를 집에서 쫓아내거나 버리겠다고 하거나, 어디에 가두고 못 나오게 했던 적 있어?"
정서학대,6,혹시 어른들이 친구를 가두고 못 나오게 한 적이 있었어요?
정서학대,6,엄마가 친구를 어디에 가두고 못 나오게 한 적이 있어요?
정서학대,6,어른들이 친구를 집에서 쫓아내거나 버리겠다고 말한 적 있어요?
정서학대,6,혹시 어른들이 친구를 가두고 못 나오게 한 적 있나요?
정서학대,6,어른들이 친구를 집에서 쫓아내거나 버리겠다고 말한 적이 있어?
정서학대,6,친구를 집에서 쫓아내거나 버리겠다고 말하거나 진짜 쫓아낸 적 있나요?
정서학대,6,어른들이 친구를 집에서 쫓아내거나 진짜로 쫓아낸 적이 있어요?
정서학대,6,"어른들이 친구를 쫓아내거나 버리겠다고 말하거나, 어디에 가두고 못 나가게 한 적이 있을까?"
정서학대,6,"아빠가 친구를 집에서 쫓아버리겠다고 말하거나, 못 나오게 어디에 가둔 적도 있어요?"
정서학대,6,아버지가 친구를 집에서 쫓아내거나 버리겠다고 말하거나 방에 가두고 못 나오게 한 적 있어요?
정서학대,6,"어른들이 친구를 집에서 쫓아내거나 버리겠다고 말하거나, 어딘가에 가두고는 못 나오게 한 적 있어?"
정서학대,8,마음이 힘들면 누구한테 말해?
정서학대,8,마음이 힘들 때 누구한테 이야기해?
정서학대,8,"마음이 힘들 때, 누구에게 이야기하는 편이야?"
정서학대,8,마음이 힘들 때 누구에게 말해?
정서학대,8,"마음이 힘들 때, 누구한테 말해요?"
정서학대,8,"마음이 힘들 때, 누구에게 내 마음을 이야기하나요?"
정서학대,8,"마음이 힘들 때, 누구한테 마음을 얘기해요?"
정서학대,8,마음이 힘들 때 누구에게 내 마음을 이야기하나요?
정서학대,8,마음이 힘들 때 누군가에게 내 마음을 이야기하나요?
정서학대,8,마음이 힘들 때 누구한테 말해?
정서학대,8,마음이 힘들 때 누구한테 내 마음을 이야기해?
정서학대,8,누구에게 말하나요?
정서학대,8,"마음이 힘들 때, 누구에게 내 마음을 이야기 하나요?"
정서학대,8,마음이 힘들 때 누구에게 친구 마음을 이야기해?
정서학대,8,"마음이 힘들 때, 누구한테 이야기해요?"
정서학대,8,마음이 힘들 때 누구한테 이야기하나요?
정서학대,8,"마음이 힘들 때, 누구한테 마음을 이야기해?"
정서학대,8,누구에게 이야기하나요?
정서학대,8,그렇게 마음이 힘들 때 친구는 누구에게 이야기하나요?
정서학대,8,마음이 힘들 때 누구한테 내 마음을 이야기 하나요?
정서학대,8,마음이 힘들 때 누구에게 이야기 하나요?
정서학대,8,마음이 힘들 때 누군가에게 이야기 하나요?
정서학대,8,마음이 힘들 때는 누구한테 마음을 이야기해요?
정서학대,8,마음이 힘들 때 친구는 누구에게 마음을 이야기 하나요?
정서학대,8,"마음이 힘들 때, 누구한테 이야기 해?"
정서학대,8,마음이 힘들 때 어른들에게 힘들다고 이야기해?
정서학대,8,"마음이 힘들 때, 얘기하는 사람이 없어요?"
정서학대,8,"친구가 마음이 있을 때는, 누구한테 마음을 이야기해요?"
정서학대,8,"마음이 힘들 때, 누구에게 친구의 마음을 이야기하나요?"
정서학대,8,공부랑 성적으로 마음이 힘들면 누구한테 얘기해?
정서학대,8,그렇게 마음이 힘들 때면 누구에게 내 마음을 이야기하나요?
정서학대,8,"마음이 힘들 때, 누구에게 친구 마음을 이야기하나요?"
정서학대,8,"친구가 힘든 일이 있으면 선생님이 도와주고 싶은데, 친구가 힘든 점을 이야기해 주면 도움이 많이 될 거 같아요. 이야기해 줄 수 있어요?"
정서학대,8,마음이 힘들 때 누구에게 너의 마음을 이야기하는 편이야?
정서학대,8,그렇게 마음이 힘들 때 누구에게 이야기하나요?
정서학대,8,"마음이 힘들 때, 누구한테 얘기해요?"
정서학대,8,"마음이 힘들 때, 누구에게 이야기하나요?"
정서학대,8,마음이 힘들 때 친구 마음을 누구에게 이야기하나요?
정서학대,8,"마음이 힘들 때, 센터 선생님에게 내 마음을 이야기하나요?"
정서학대,8,"마음이 힘들 때, 누구한테 내 마음을 이야기하나요?"
정서학대,8,"마음이 힘들 때, 누구에게 내 마음을 이야기할 수 있나요?"
정서학대,8,"마음이 힘들 때, 누구한테 친구 마음을 이야기하나요?"
정서학대,8,"마음이 힘들 때, 주로 누구한테 이야기해?"
정서학대,8,"마음이 힘들 때, 누구한테 이야기해?"
정서학대,8,친구는 마음이 힘들면 누구한테 내 마음을 이야기해?
정서학대,8,마음이 힘들 때 다른 사람에게 마음을 이야기해요?
정서학대,8,마음이 힘들 때 누구한테 너의 마음을 이야기하는 편이야?
정서학대,8,마음이 힘들거나 지치면 누구한테 말을 해?
정서학대,8,"마음이 힘들 때, 누구에게 친구 마음을 이야기해?"
정서학대,8,"마음이 힘들 때, 누구한테 얘기해?"
정서학대,8,마음이 힘들 때 주변에 이야기해?
정서학대,8,"선생님은 친구의 걱정을 도와주고 싶은데, 친구가 솔직하게 얘기해주면 선생님이 친구를 돕는 데 도움이 될 거 같아요. 이야기해 줄 수 있어요?"
정서학대,8,내 마음이 힘들면 누구한테 말해?
정서학대,8,"마음이 힘들 때, 누구한테 마음을 얘기해?"
정서학대,8,마음이 힘들 때 누구에게 이야기하는 편이야?
정서학대,8,"그럼 만약 마음이 힘들 때가 생기면, 누구에게 내 마음을 얘기할 수 있을 것 같아요?"
정서학대,8,"마음이 많이 힘들었을 것 같은데, 지금은 어때요?"
정서학대,8,"마음이 힘들 때, 원장님에게 마음을 이야기해?"
정서학대,8,마음이 힘들 때 누구한테 마음을 얘기해요?
정서학대,8,마음이 힘들 때 누구에게 말해요?
정서학대,8,마음이 힘들 때 누구에게 이야기하나요?
정서학대,8,마음이 힘들 때 누구에게 이야기해?
정서학대,8,마음이 힘들 때 고모에게 내 마음을 이야기해요?
정서학대,8,"마음이 힘들 때, 내 마음을 이야기하는 사람이 있나요?"
정서학대,8,"마음이 힘들 때, 누구한테 친구의 마음을 얘기해요?"
정서학대,8,"마음이 힘들 때, 누구에게 내 마음을 이야기해?"
정서학대,8,마음이 힘들 때 선생님한테 이야기해?
정서학대,8,"마음이 힘들 때, 누구한테 마음을 이야기하나요?"
정서학대,8,마음이 힘들 때 누구에게 내 마음을 이야기해?
정서학대,8,말 걸면 어떻게 되나요?
정서학대,8,마음이 힘들 때 친구 마음을 누구에게 이야기 하나요?
정서학대,8,"마음이 힘들 때, 누구에게 속마음을 얘기해요?"
정서학대,8,"마음이 힘들 때, 누구에게 마음을 이야기하나요?"
정서학대,8,"친구가 힘든 일이 있으면 선생님이 도와주고 싶은데, 친구가 얘기해주면 선생님이 더 잘 도와줄 수 있을 거 같아요. 얘기해줄 수 있어요?"
정서학대,8,슬프거나 화날 때 누구한테 얘기해?
정서학대,8,마음이 힘들 때 누구한테 마음을 이야기해?
정서학대,8,"마음이 힘들 때, 누구에게 이야기하는 편인가요?"
정서학대,8,마음이 힘들 때 가장 먼저 떠오르는 사람들이 누구인가요?
정서학대,8,마음이 힘들 때 누구한테 말해요?
정서학대,8,"마음이 힘들 때, 누구에게 마음을 이야기 하나요?"
정서학대,8,고민이 있거나 마음이 힘들 때 누구한테 이야기해?
정서학대,8,그렇게 마음이 힘들면 누구한테 이야기해요?
정서학대,8,마음이 힘들 때는 누구에게 마음을 이야기해요?
정서학대,8,"마음이 힘들 때, 누구한테 마음을 이야기해요?"
정서학대,8,마음이 힘들 때 누구한테 내 마음을 이야기하나요?
정서학대,8,"마음이 슬플 때, 주로 누구에게 말해요?"
정서학대,8,"마음이 힘들 때, 시설 선생님들한테 친구 마음을 이야기해?"
정서학대,8,"마음이 힘들 때, 누구에게 이야기해요?"
정서학대,8,마음이 힘들 때 다른 사람에게 속마음을 얘기해요?
정서학대,8,"그럼, 누구에게 말하나요?"
정서학대,8,마음이 힘들 때 누구에게 내 마음을 이야기 하나요?
정서학대,8,"그럼, 우리 친구는 마음이 힘들 때 누구에게 이야기 하나요?"
정서학대,8,"그럼, 누구에게 친구 마음을 이야기해?"
정서학대,8,"친구가 힘든 점이 있으면 선생님이 도와주고 싶은데, 친구가 이야기해 주면 도움이 많이 될 거 같아요. 이야기해 줄 수 있어요?"
정서학대,8,마음이 힘들 때 누구에게 마음을 이야기 하나요?
정서학대,8,누구한테 해?
정서학대,8,마음이 힘들 때 누군가한테 이야기하는 편이야?
정서학대,8,마음이 힘들 때 누군가에게 내 마음을 이야기 하나요?
정서학대,8,마음이 힘들 때 누구한테 친구의 마음을 이야기해요?
정서학대,8,"친구는 마음이 힘들 때, 누구에게 마음을 이야기 하나요?"
정서학대,8,"마음이 힘들 때, 시설 선생님들에게 내 마음을 이야기하나요?"
정서학대,8,마음이 힘들 때 누구한테 얘기하나요?
정서학대,8,마음이 힘들 때 다른 사람한테 얘기하는 편이야?
정서학대,8,마음이 힘들 때 선생님들에게 힘들다고 이야기해?
정서학대,8,누구에게 이야기 하나요?
정서학대,8,마음이 힘들 때 누구에게 말하나요?
정서학대,8,"마음이 힘들 때, 누구에게 말하나요?"
정서학대,8,친구 이야기를 자세히 들어보고 싶어요. 믿고 편하게 이야기해 줄 수 있을까요?
정서학대,8,마음이 힘들 때 누군가한테 이야기해?
정서학대,8,"마음이 힘들 때, 누군가에게 내 마음을 이야기하나요?"
정서학대,8,"마음이 힘들 때, 우리 친구 마음을 누구에게 이야기해?"
정서학대,8,"마음이 힘들 때, 시설 사람들에게 내 마음을 이야기하나요?"
정서학대,8,마음이 힘들 때 누구한테 이야기해요?
정서학대,8,마음이 힘들 때 원장님에게 힘듦을 이야기하나요?
정서학대,8,마음이 힘들 때 누군가한테 이야기하는 편이야? 누구한테 해?
정서학대,8,마음이 힘들 때 누군가에게 이야기하나요?
정서학대,8,"친구는 마음이 힘들 때, 누구에게 마음을 이야기하나요?"
정서학대,8,속상하거나 힘들 때 누구한테 이야기해?
정서학대,8,마음이 힘들 때 누구에게 마음을 이야기하나요?
정서학대,8,마음이 힘들 때 시설 선생님에게 내 마음을 이야기하나요?
정서학대,8,말하기가 어렵나요?
정서학대,8,그러면 누구한테 이야기를 하나요?
정서학대,8,마음이 힘들 때 시설 선생님들에게 힘들다고 이야기해?
정서학대,8,"아빠 때문에 마음이 힘들 때, 누구한테 친구 마음을 이야기해요?"
정서학대,8,제일 힘들 때가 언제인가요?
정서학대,8,마음이 힘들 때 가장 먼저 떠오르는 사람들이 누군가요?
정서학대,9,"마음이 힘들 때, 가족에게 내 마음을 이야기해요?"
정서학대,9,"마음이 힘들 때, 가족에게 내 마음을 이야기하나요?"
정서학대,9,"마음이 힘들 때, 가족에게 친구 마음을 이야기해?"
정서학대,9,마음이 힘들 때 가족에게 이야기 하나요?
정서학대,9,마음이 힘들 때 가족들한테 이야기해?
정서학대,9,마음이 힘들 때. 가족에게 내 마음을 이야기하나요?
정서학대,9,마음이 힘들 때 가족에게 내 마음을 이야기하나요?
정서학대,9,"마음이 힘들 때, 가족한테 친구 마음을 이야기해?"
정서학대,9,"마음이 힘들 때, 가족한테 내 마음을 이야기 하나요?"
정서학대,9,마음이 힘들 때 가족에게 내 마음을 이야기해?
정서학대,9,힘들 때 가족에게 힘듦을 이야기하나요?
정서학대,9,"마음이 힘들 때, 가족에게 마음을 이야기 해?"
정서학대,9,마음이 힘들 때 가족에게 내 마음을 이야기 하나요?
정서학대,9,마음이 힘들 때 가족에게 너의 마음을 이야기하는 편이야?
정서학대,9,마음이 힘들 때 가족들에게 힘들다고 이야기해?
정서학대,9,"마음이 힘들 때, 가족한테 친구의 마음을 이야기해?"
정서학대,9,마음이 힘들 때 가족들에게 힘듦을 이야기하나요?
정서학대,9,"마음이 힘들 때, 가족에게 내 마음을 이야기 하나요?"
정서학대,9,마음이 힘들 때 가족에게 내 마음을 이야기 하니?
정서학대,9,"마음이 힘들 때, 가족한테 친구 마음을 이야기해요?"
정서학대,9,"마음이 힘들 때, 가족에게 내 마음을 이야기하니?"
정서학대,9,가족에게 친구 고민을 이야기해요?
정서학대,9,"마음이 힘들 때, 가족들한테 마음을 얘기해?"
정서학대,9,마음이 힘들 때 가족에게 이야기하는 편이야?
정서학대,9,"마음이 힘들 때, 가족한테 이야기해요?"
정서학대,9,마음이 힘들 때 가족에게 내 마음을 이야기 해?
정서학대,9,마음이 힘들 때 가족에게 힘들다고 이야기해?
정서학대,9,"마음이 힘들 땐, 가족에게 친구 마음을 이야기해?"
정서학대,9,"마음이 힘들 때, 가족에게 마음을 이야기해?"
정서학대,9,"마음이 힘들 때, 가족에게 친구 마음을 말하나요?"
정서학대,9,왜 가족한테 이야기하지 못할까요?
정서학대,9,마음이 힘들 때 가족에게 이야기하니?
정서학대,9,마음이 힘들 때 가족에게 내 마음을 이야기해요?
정서학대,9,마음이 힘들 때 가족에게 마음을 이야기해?
정서학대,9,마음이 힘들 때 가족들에게 내 마음을 이야기 하나요?
정서학대,9,"마음이 힘들 때, 가족에게 내 마음을 이야기할 수 있어?"
정서학대,9,그러면 가족에게 이야기하지 않는 내용은 누구에게 이야기해?
정서학대,9,마음이 힘들 때 가족들한테 이야기하니?
정서학대,9,"마음이 힘들 때, 가족에게 마음을 이야기한 적이 있니?"
정서학대,9,"마음이 힘들 때, 가족에게 친구 마음을 이야기하나요?"
정서학대,9,마음이 힘들 때 가족에게 마음을 이야기 하나요?
정서학대,9,마음이 힘들 때 가족들한테 얘기하는 편이야?
정서학대,9,"그럼, 친구 마음이 힘들 땐 가족에게 친구 마음을 이야기하고 있어?"
정서학대,9,마음이 힘들 때 가족들에게 내 마음을 이야기하나요?
정서학대,9,마음이 힘들 때 가족한테 친구 마음을 이야기해?
정서학대,9,마음이 힘들 때 할머니나 다른 가족들에게 마음을 이야기 하나요?
정서학대,9,"마음이 힘들 때, 가족한테 이야기 해요?"
정서학대,9,"마음이 힘들 때, 가족에게 마음을 이야기해요?"
정서학대,9,마음 힘들 때 가족에게 내 마음을 이야기하나요?
정서학대,9,"마음이 힘들 때, 가족에게 친구 마음을 이야기하는 편이야?"
정서학대,9,마음이 힘들 때 가족에게 힘듦을 이야기하나요?
정서학대,9,마음이 힘들 때 가족에게 친구 마음을 이야기해?
정서학대,9,마음이 힘들 때 가족에게 마음을 이야기하나요?
정서학대,9,"마음이 힘들 때, 가족에게 친구 마음을 이야기하고 그래?"
정서학대,9,숙제할 때 어려우면 부모님이 도와주시기도 하나요?
정서학대,9,"마음이 힘들 때, 가족에게 친구 마음을 이야기 해?"
정서학대,9,마음이 힘들 때 가족에게 마음을 이야기하는 편이에요?
정서학대,9,"마음이 힘들거나 무서우면, 친구는 가족에게 마음을 이야기해요?"
정서학대,9,"마음이 힘들면, 가족한테 이야기해?"
정서학대,9,마음이 힘들 때 가족에게 내 마음을 이야기할까?
정서학대,9,"그럼, 친구 마음이 힘들 때 가족에게 친구 마음을 이야기하고 있어요?"
정서학대,9,"마음이 힘들 때, 가족에게 이야기하나요?"
정서학대,9,마음이 힘들 때 가족에게 내 마음을 이야기하니?
정서학대,9,힘든 일이 있을 때 가족들한테 이야기해?
정서학대,9,힘든 일 있으면 가족들한테 이야기해?
정서학대,9,마음이 힘들었을 때 가족에게 내 마음을 이야기하나요?
정서학대,9,"마음이 힘들거나 무서울 때, 가족에게 내 마음을 말하나요?"
정서학대,9,마음이 힘들 때 가족들에게 힘듦을 이야기해?
정서학대,9,"마음이 힘들면, 가족에게 친구 마음을 이야기해?"
정서학대,9,마음이 힘들 때 가족에게 얘기 하나요?
정서학대,9,"마음이 힘들 때, 가족에게 마음을 얘기해요?"
정서학대,9,마음이 힘들 때 가족들한테 이야기해? 누구한테 해?
정서학대,9,마음이 힘든 일이 있으면 가족들한테 이야기해?
정서학대,9,"마음이 힘들 때, 가족에게 친구의 마음을 이야기해요?"
정서학대,9,"마음이 힘들 때, 가족에게 내 마음을 말하나요?"
정서학대,9,"마음이 힘들 때, 가족한테 내 마음을 이야기하나요?"
정서학대,9,"마음이 힘들 때, 가족에게 내 마음을 이야기하는 편이야?"
정서학대,9,"마음이 힘들 때, 가족에게 친구 마음을 이야기 하나요?"
정서학대,9,마음이 힘들 때 가족에게 이야기하나요?
정서학대,9,마음이 힘들 때 가족에게 네 마음을 얘기해?
정서학대,9,마음이 힘들면 가족들한테 이야기를 하는 편이야?
정서학대,9,"그럴 때 마음이 많이 힘든가요? 마음이 힘들 때, 가족에게 내 마음을 이야기하나요?"
정서학대,9,"마음이 힘들 때, 가족에게 마음을 이야기 해요?"
정서학대,9,"마음이 힘들 때, 가족에게 친구의 마음을 이야기할까?"
정서학대,9,"마음이 힘들 때, 가족에게 내 마음을 이야기해?"
정서학대,9,"마음이 힘들 때, 가족들에게 이야기를 하나요?"
정서학대,9,"마음이 힘들면, 가족한테 친구 마음을 이야기해?"
정서학대,9,마음이 힘들 때 가족에게 친구 마음을 이야기하나요?
정서학대,9,마음이 힘들 때 가족한테 내 마음을 이야기하나요?
정서학대,9,마음이 힘들 때 가족에게 내 마음은 이야기하나요?
정서학대,9,가족에게 말을 하지 않는 이유가 뭔가요?
정서학대,9,마음이 힘들 때 가족에게 말하나요?
정서학대,9,마음이 힘들 때 가족들한테 이야기하는 편이야?
정서학대,9,힘든 일이 있을 때 가족에게 얘기하나요?
정서학대,9,"마음이 힘들 때, 가족에게 친구가 힘든 걸 이야기해요?"
정서학대,9,마음이 힘들 때 가족한테 내 마음을 이야기 하나요?
정서학대,9,마음이 힘들 때 가족한테 이야기하는 편이야?
정서학대,9,마음이 힘들 때 가족에게 힘든 마음을 이야기하나요?
정서학대,10,어떤 부분 때문에 친구의 기분이 안 좋아졌어?
정서학대,10,친구한테 화를 냈었어?
정서학대,10,기분이 안 좋아진 적 있어요?
정서학대,10,누가 기분 나쁘게 하거나 슬프게 한 적이 있어?
정서학대,10,어떤 말이나 행동이 나를 슬프게 했어?
정서학대,10,선생님의 어떤 말과 행동이 기분을 안 좋아지게 했나요?
정서학대,10,선생님의 어떤 말이나 행동이 기분을 안 좋아지게 했나요?
정서학대,10,피아노 선생님의 어떤 말이나 행동이 기분을 안 좋게 했나요?
정서학대,10,어떤 것 때문에 걱정이 돼?
정서학대,10,어떤 것 때문에 기분이 안 좋았어?
정서학대,10,누구의 말이나 행동이 기분을 안 좋게 했나요?
정서학대,10,그 사건 가해자들의 특히 어떤 것 때문에 그랬는지 이야기해 줄래요?
정서학대,10,욕도 하시나요?
정서학대,10,주로 어떤 말을 많이 하셨나요?
정서학대,10,때리면서 어떤 말도 하셨나요? 욕도 하셨나요?
정서학대,10,누군가의 말이나 행동이 나를 슬프게 하거나 화나게 한 적 있어요?
정서학대,10,어떤 말이나 행동이 친구를 슬프게 했나요?
정서학대,10,어떤 말이나 행동이 친구를 슬프게 해요?
정서학대,10,어떤 말이나 행동 때문에 화가 났어?
정서학대,10,또 어떤 말이나 행동 때문에 기분이 안 좋았나요?
정서학대,10,어떤 말이나 행동이 슬프게 했어요?
정서학대,10,누구 때문에 기분이 안 좋았어?
정서학대,10,왜 자기 머리를 때리셨나요?
정서학대,10,뭐라고 할 때 욕 같은 나쁜 말도 하셔?
정서학대,10,그 말이 왜 기분을 안 좋게 했나요?
정서학대,10,누가 기분 나쁘게 하거나 슬프게 한 적 있어?
정서학대,10,어떤 일이 있었나요?
정서학대,10,어떤 말이나 행동이 기분을 안 좋게 했어요?
정서학대,10,무슨 일이 있었나요?
정서학대,10,나의 기분을 가장 안 좋게 했던 말이 있나요?
정서학대,10,무엇 때문에 기분이 안좋았어요?
정서학대,10,때리면서 어떤 말도 하셨나요?
정서학대,10,어떤 점이 불편하다고 생각해?
정서학대,10,누구 때문에 슬프거나 화가 났었나요?
정서학대,10,어떤 말이나 행동이 기분을 안 좋게 했나요?
정서학대,10,어떤 말이나 행동이 슬프게 하나요?
정서학대,10,코치님의 어떤 말이나 행동이 화가 나요?
정서학대,10,어떤 말이나 행동이 내 기분을 상하게 하나요?
정서학대,10,기사 아저씨의 어떤 행동이 친구의 기분을 안 좋아지게 했나요?
정서학대,10,과학 선생님의 어떤 말과 행동이 기분을 안 좋아지게 했나요?
정서학대,10,어떤 말이나 행동이 화나게 했어?
정서학대,10,선생님의 어떤 말이나 행동이 화나게 했어요?
정서학대,10,뭐라고 욕을 하나요?
정서학대,10,누구의 어떤 말이나 행동이 친구를 슬프거나 화나게 했나요?
정서학대,10,그런 말을 할 때 욕도 하셔?
정서학대,10,어떤 것 때문에 기분이 나빠져?
정서학대,10,언제 누구 때문에 화가 났어?
정서학대,10,감정의 기복이 심하신가요?
정서학대,10,원장님의 어떤 말이나 행동이 기분을 안 좋아지게 했어?
정서학대,10,그런 말을 들으면 슬픈가요?
정서학대,10,누구의 어떤 말과 행동이 슬프게 만드나요?
정서학대,10,시설 선생님의 어떤 말과 행동이 기분을 안 좋아지게 했나요?
정서학대,10,원장 선생님의 어떤 행동 때문에 기분이 안 좋아졌어요?
정서학대,10,왜 그런 말을 하셨나요?
정서학대,10,이런 분위기 때문에 두통이 일어나는 건가요?
정서학대,10,누구 때문에 기분이 안 좋았을까?
정서학대,10,고모의 어떤 말이나 행동이 화나게 해요?
정서학대,10,충격이 컸을 것 같은데. 이후로 어떻게 지내고 계셨나요?
정서학대,10,독후감이나 글씨체 때문에 혼나면 어떤 기분이 드나요?
정서학대,10,선생님의 어떤 말과 행동이 기분을 나쁘게 했나요?
정서학대,10,어떤 말이나 행동이 슬프게 해요?
정서학대,10,누구 때문에 기분이 상했나요?
정서학대,10,어떤 말이나 행동 때문에 기분이 안 좋아졌어?
정서학대,10,어떤 일 때문에 혼나?
정서학대,10,어떤 말과 행동이 친구를 기분 나쁘게 했어?
정서학대,10,뭐라고 욕했어?
정서학대,10,어떤 행동이나 말이 나를 힘들게 했어?
정서학대,10,어떻게 막말을 하세요?
정서학대,10,어떤 말이나 행동이 힘들게 했어요?
정서학대,10,어떤 게 기분을 나쁘게 해?
정서학대,10,어떤 말이나 행동이 기분을 안 좋게 했어?
정서학대,10,수학 선생님의 어떤 말과 행동이 기분을 안 좋아지게 했어?
정서학대,10,선생님의 어떤 말이 기분이 안 좋았나요?
정서학대,10,어떤 것 때문에 기분이 나빴어?
정서학대,10,어떤 것 때문에 기분이 나빠?
정서학대,10,컴퓨터 선생님의 어떤 말이나 행동이 기분을 안 좋게 했어?
정서학대,10,아저씨의 어떤 말이나 행동이 나를 슬프게 했어요?
정서학대,10,또 어떤 말이나 행동이 친구를 슬프게 했나요?
정서학대,10,그때 상황이 계속 떠올라서 슬프고 힘든가요?
정서학대,10,어떤 일 때문에 슬프거나 화가 났어요?
정서학대,10,시설 선생님이 어떻게 화내서 기분이 안 좋았어?
정서학대,10,고모의 어떤 말과 행동이 기분 나쁘게 했나요?
정서학대,10,체육 선생님은 어떤 말과 행동으로 기분 나쁘게 했나요?
정서학대,10,어떤 말이나 행동이 나를 슬프게 하나요?
정서학대,10,그 아주머니의 어떤 말과 행동이 나의 기분을 안 좋게 만들었어요?
정서학대,10,어떤 말이나 행동 때문에 기분이 나빠졌어?
정서학대,10,어떤 말이나 행동이 친구의 기분을 상하게 했어요?
정서학대,10,어떤 부분이 너를 화 나거나 슬프게 했어?
정서학대,10,무엇 때문에 기분이 안 좋아진 거예요?
정서학대,10,어떤 이유에서 슬프거나 화가 났어요?
정서학대,10,그런 행동이 왜 나를 슬프게 하나요?
정서학대,10,누구 때문에 그랬나요?
정서학대,10,어떤 일이 있었는지 자세히 말해줄래요?
정서학대,10,그 뒤로 따돌림이 심해진 거에 대해서 말씀드렸어?
정서학대,10,선생님의 어떤 말이나 행동 때문에 기분이 안 좋아졌나요?
정서학대,10,어떤 말이나 행동이 기분 안 좋게 했어요?
정서학대,10,왜 그러신 것 같아?
정서학대,10,얼마나 자주 그런 생각 때문에 슬프거나 화가 났어요?
정서학대,10,어떤 말이 우리 친구의 기분을 안 좋게 했나요?
정서학대,10,다른 안 좋은 말 한 적이 있나요?
정서학대,10,어떤 말이나 행동 때문에 그랬어요?
정서학대,10,무슨 일이 있었던 거야?
정서학대,10,어떤 말이나 행동 때문에 그렇게 느꼈나요?
정서학대,10,갑자기 그런 말을 했나요?
정서학대,10,그리고 또 어떤 일이 있었나요?
정서학대,10,어떻게 욕 했어요?
정서학대,10,어떤 말이나 행동이 나를 화나게 했어?
정서학대,10,최근에 기분이 안 좋아진 적이 있나요?
정서학대,10,어떤 이유로 그랬나요?
정서학대,10,어학원 선생님의 어떤 말과 행동이 기분을 안 좋아지게 했나요?
정서학대,10,학원 쌤의 어떤 이상한 짓이 기분을 안 좋게 했어?
정서학대,10,어떤 이상한 짓 때문에 기분이 안 좋았어?
정서학대,10,부원장님이 어떤 말이나 행동이 나를 슬프게 하나요?
정서학대,10,삼촌의 어떤 말이 기분을 안 좋게 했어요?
정서학대,10,목소리가 커지면 왜 화가 나?
정서학대,10,어떤 게 기분이 나빴어?
정서학대,10,왜 원장 선생님 때문에 기분이 안 좋아졌어요?
정서학대,10,제일 상처가 됐던 말은 무엇인가요?
정서학대,10,기분이 안 좋은 이유가 있나요?
정서학대,10,어떤 행동을 했나요?
정서학대,10,어떤 말이 내 기분을 안 좋게 했어?
정서학대,10,어떤 말이나 행동 때문에 기분이 안 좋았어요?
정서학대,10,누구의 말이나 행동이 친구를 슬프게 하거나 화나게 했어요?
정서학대,10,그때 그 상황이 계속 떠올라서 슬프고 힘들어요?
정서학대,10,어떤 점이 너를 슬프게 해?
정서학대,10,왜 기분이 안 좋아졌어요?
정서학대,10,선생님의 어떤 말이나 행동이 기분을 상하게 했나요?
정서학대,10,선생님이 어떤 말이나 행동으로 기분을 안 좋게 만들었어요?
정서학대,10,누가 기분을 안 좋게 해?
정서학대,10,때리면서 어떤 말도 하셨나요? 욕도 했나요?
정서학대,10,어떤 일 때문에 그런가요?
정서학대,11,엄마가 어떻게 하시길래 사람 취급을 안 하는 것 같아요?
정서학대,11,엄마의 어떤 말이나 행동이 나를 화나게 했나요?
정서학대,11,할머니의 어떤 말이나 행동이 친구를 슬프게 하나요?
정서학대,11,엄마가 어떻게 하시길래 사람 취급을 안 하는 것 같아?
정서학대,11,새엄마가 그런 말을 했을 때 기분이 어땠어?
정서학대,11,엄마가 어떻게 하시길래 화도 나고 슬퍼?
정서학대,11,엄마에게 바라는 점이 있나요?
정서학대,11,엄마의 어떤 말이나 행동이 내 기분을 상하게 하나요?
정서학대,11,엄마의 어떤 말이나 행동이 친구를 슬프게 했어요?
정서학대,11,아저씨는 왜 엄마한테 말하면 안 된다고 했어?
정서학대,11,엄마한테는 왜 말을 안 하나요?
정서학대,11,새엄마가 어떻게 했는데 화가 났어?
정서학대,11,엄마가 어떻게 화내서 기분이 안 좋았어?
정서학대,11,엄마가 어떤 잔소리를 하셔?
정서학대,11,엄마의 어떤 말과 행동이 나를 기분 나쁘게 했나요?
정서학대,11,엄마의 어떤 말이나 행동이 친구를 슬프게 했나요?
정서학대,11,엄마가 다른 사람들이 있는 곳에서 놀리거나 혼낸 적이 있어?
정서학대,11,엄마가 나를 어디에 가두고 못 나오게 한 적 있어?
정서학대,11,엄마의 어떤 말이나 행동이 나를 슬프게 하나요?
정서학대,11,새엄마의 어떤 말이나 행동 때문에 기분이 안 좋았어?
정서학대,11,엄마가 왜 그런 말을 한 것 같아?
정서학대,11,엄마가 이런 말을 얼마나 했어?
정서학대,11,엄마의 어떤 말이나 행동이 기분을 안 좋게 했나요?
정서학대,11,평소 엄마가 술을 자주 마시나요? 마시고 무섭게 행동할 때가 있나요?
정서학대,11,새엄마의 어떤 부분 때문에 화가 났어?
정서학대,11,엄마가 뭐라고 했는데 슬펐어?
정서학대,11,그럴 때 엄마가 욕을 하거나 소리를 지르기도 했나요?
정서학대,11,엄마의 어떤 말이나 행동이 우리 친구를 화나게 만드는 것 같아?
정서학대,11,엄마의 어떤 말이나 행동이 나를 짜증 나게 해?
정서학대,11,어머니의 어떤 말이나 행동이 나를 슬프게 하나요?
정서학대,11,어머니의 어떤 말이나 행동이 우리 친구 기분을 안 좋게 했어?
정서학대,11,엄마의 또 어떤 모습 때문에 친구가 슬펐나요?
정서학대,11,엄마가 늦게 들어오면 왜 속상해요?
정서학대,11,새엄마의 어떤 말이나 행동이 우리 친구의 기분을 나쁘게 한 거예요?
정서학대,11,엄마의 어떤 말이나 행동 때문에 기분이 안 좋았어?
정서학대,11,엄마의 어떤 말이나 행동이 기분을 안 좋게 해요?
정서학대,11,엄마가 화낼 때 친구는 어떻게 화가 나니?
정서학대,11,엄마는 어떨 때 화를 내시는 거니?
정서학대,11,아까 엄마랑 엄마 남자친구 때문에 기분이 나쁜 적이 있다고 했는데 왜 그랬어요?
정서학대,11,엄마의 어떤 말이나 행동이 나를 아프게 했어?
정서학대,11,엄마의 어떤 말이나 행동이 우리 친구 기분을 안 좋게 했어?
정서학대,11,엄마가 말을 안 하면 어떤 기분이 들어요.
정서학대,11,엄마의 그런 행동을 보면 어떤 기분이 드나요?
정서학대,11,엄마의 어떤 말이나 행동이 우리 친구의 기분을 안 좋게 했어?
정서학대,11,엄마의 어떤 말과 행동이 기분을 안 좋아지게 했나요?
정서학대,11,새엄마가 나를 어디에 가두고 못 나오게 한 적이 있니?
정서학대,11,새엄마가 나를 다른 아이들과 비교하니?
정서학대,11,엄마의 어떤 말이나 행동 때문에 그랬어요?
정서학대,11,새엄마의 어떤 말이나 행동 때문에 기분이 안 좋았나요?
정서학대,11,엄마 때문에 기분이 안 좋아진 적 있어요?
정서학대,11,할머니의 어떤 말이나 행동이 친구를 슬프고 힘들게 했나요?
정서학대,11,엄마가 그렇게 행동했던 이유를 혹시 알아요?
정서학대,11,엄마가 친구한테 심한 말이나 행동을 해서 기분이 안 좋아진 적 있나요?
정서학대,11,엄마의 어떤 말이나 행동이 친구를 기분 안 좋게 했나요?
정서학대,11,예전에 엄마의 어떤 말이나 행동이 나를 속상하게 했어?
정서학대,11,엄마의 어떤 말이나 행동이 친구를 슬프게 해?
정서학대,11,엄마의 어떤 말이나 행동이 기분을 안 좋아지게 했어?
정서학대,11,엄마가 늦게 들어오면 왜 속상한 것 같아?
정서학대,11,새엄마는 왜 너랑 동생의 볼을 때리라고 한 것 같아?
정서학대,11,엄마한테 그런 말을 들으면 기분이 어때요?
정서학대,11,엄마 때문에 기분이 안 좋은 적이 있어요?
정서학대,11,그때마다 엄마가 어떤 말이나 행동을 하면 슬퍼요?
정서학대,11,"엄마가 버리겠다고 말하거나, 어디에 가두고 못 나오게 한 적이 있어요?"
정서학대,11,엄마의 어떤 말이나 행동이 나를 슬프게 해?
정서학대,11,엄마의 어떤 말이나 행동이 기분을 안 좋게 했어?
정서학대,11,엄마가 뭐라고 했어?
정서학대,11,엄마의 어떤 말이나 행동이 친구의 기분을 상하게 했나요?
정서학대,11,엄마가 그렇게 이야기하는 거 때문에 얼마나 힘들어요?
정서학대,11,새엄마의 어떤 말이나 행동이 기분을 안 좋게 했어?
정서학대,11,새엄마의 어떤 말이나 행동으로 기분이 안 좋았어?
정서학대,11,엄마의 어떤 말이나 행동이 나를 슬프게 했어?
정서학대,11,엄마가 나를 어디 가두고 못 나오게 한 적 있어?
정서학대,11,아주머니의 어떤 말이나 행동 때문에 친구의 기분이 안 좋아졌나요?
정서학대,11,엄마가 일주일에 몇 번씩 그런 말들을 하는 것 같아요?
정서학대,11,엄마랑 아빠 때문에 기분이 안 좋았던 적 있어요?
정서학대,11,할머니의 어떤 말이나 행동이 기분을 안 좋아지게 했어요?
정서학대,11,어머니의 어떤 말이나 행동 때문에 기분이 안 좋았나요?
정서학대,11,엄마가 그런 말을 자주 했나요?
정서학대,11,엄마가 어떻게 하시는데 슬프거나 화가 났어?
정서학대,11,엄마가 어떤 이유로 우리 친구를 쫓아냈어?
정서학대,11,엄마의 어떤 말이나 행동이 내 기분을 안 좋게 한 거야?
정서학대,11,새엄마의 어떤 말과 행동이 기분을 안 좋아지게 만들었나요?
정서학대,11,어머니의 어떤 말이나 행동이 친구를 슬프게 하나요?
정서학대,11,엄마한테 그런 이야기해 봤어?
정서학대,11,엄마의 어떤 말이나 행동 때문에 기분이 안 좋아졌나요?
정서학대,11,이모가 어떤 말을 했어요?
정서학대,11,엄마가 진지하게 말하는 것 같나요?
정서학대,11,엄마가 언제부터 그런 상처 주는 말을 했어?
정서학대,11,새엄마의 어떤 말이나 행동이 너를 화가 나게 했어?
정서학대,11,엄마의 어떤 말이나 행동이 너를 슬프게 해?
정서학대,11,엄마의 어떤 말이나 행동이 기분을 안 좋게 했어요?
정서학대,11,새엄마의 어떤 행동이나 말 때문에 기분이 안 좋았어요?
정서학대,11,엄마가 언제부터 그런 이야기를 했어?
정서학대,11,새엄마의 어떤 점이 화가 났어?
정서학대,11,엄마의 어떤 말이나 행동으로 기분이 안 좋았어?
정서학대,11,엄마의 어떤 말이나 행동으로 기분이 안 좋았을까?
정서학대,11,그 아줌마의 어떤 말이나 행동이 친구 기분을 안 좋아지게 했어요?
정서학대,11,새엄마의 어떤 말이나 행동이 우리 친구의 기분을 안 좋게 했어?
정서학대,11,엄마는 어떨 때 목소리가 커지는 거니?
정서학대,11,엄마가 왜 짜증을 내시는 거예요?
정서학대,11,엄마가 어떻게 짜증을 내시는 거예요?
정서학대,11,엄마가 그렇게 행동하면 친구 기분은 어때요?
정서학대,11,엄마의 어떤 말이나 행동이 친구를 슬프게 해요?
정서학대,11,아줌마의 어떤 말이나 행동이 친구를 슬프게 했어요?
정서학대,11,어머니의 어떤 말이나 행동이 친구의 기분을 안 좋게 했어?
정서학대,11,엄마가 늦게 들어왔을 때 뭐 때문에 속상했어?
정서학대,11,엄마가 그런 말을 자주 하나요?
정서학대,11,저런 엄마의 모습을 보면 어떤가요?
정서학대,11,엄마의 저런 행동이 매일 나타났나요?
정서학대,12,부모님이나 선생님 때문에 기분이 안 좋아진 적이 있어?
정서학대,12,최근에 선생님들 때문에 기분 상했던 적 있어?
정서학대,12,부모님이나 선생님 때문에 슬프거나 화가 난 적이 있어요?
정서학대,12,부모님이나 선생님 때문에 슬프거나 화가 난 적이 있나요?
정서학대,12,부모님이나 선생님 때문에 기분이 안 좋아진 적이 있나요?
정서학대,12,주변 어른들 때문에 기분이 안 좋아진 적이 있어?
정서학대,12,선생님 때문에 기분이 안 좋아진 적 있어요?
정서학대,12,아빠나 선생님 때문에 기분이 안 좋아진 적이 있었어요?
정서학대,12,부모님이나 선생님이나 주위 어른들 때문에 화나거나 슬픈 적 있어?
정서학대,12,부모님이나 선생님 때문에 기분이 나빠진 적 있어요?
정서학대,12,부모님이나 선생님 때문에 기분이 안 좋아진 적 있어?
정서학대,12,부모님이나 선생님 때문에 기분이 안 좋아진 적이 있었어요?
정서학대,12,어머니나 선생님 때문에 기분이 안 좋아진 적 있었어?
정서학대,12,평소 부모님이 술을 자주 마시나요? 마시고 무섭게 행동할 때가 있나요?
정서학대,12,부모님이나 선생님 때문에 기분이 안 좋아진 적이 있어요?
정서학대,12,부모님이나 선생님 때문에 슬프거나 화난 적 있었어?
정서학대,12,부모님의 어떤 말이나 행동이 내 기분을 상하게 하나요?
정서학대,12,최근에 부모님이나 선생님 때문에 기분 안 좋았던 적 있어?
정서학대,12,부모님이나 선생님 때문에 기분이 나빴던 적 있어?
정서학대,12,부모님이나 선생님 때문에 슬프거나 화가 난 적이 있니?
정서학대,12,부모님이나 선생님 때문에 슬프거나 화가 난적이 있나요?
정서학대,12,선생님들 때문에 기분이 안 좋아진 적이 있어?
정서학대,12,최근에 부모님이나 선생님 때문에 기분 상했던 적 있어?
정서학대,12,아버지나 선생님 때문에 기분이 안 좋아진 적 있어?
정서학대,12,부모님이나 선생님 때문에 슬프거나 화가 난 적 있어?
정서학대,12,할머니나 선생님 때문에 슬프거나 화가 난 적이 있나요?
정서학대,12,부모님이나 선생님 때문에 기분이 안 좋아진 적이 있었나요?
정서학대,12,부모님이나 선생님 때문에 기분이 상한 적이 있나요?
정서학대,12,시설 선생님이나 담임 선생님 때문에 기분이 안 좋아진 적 있었어?
정서학대,12,부모님이나 선생님 때문에 기분이 안 좋아진 적 있어요?
정서학대,12,부모님이나 선생님 때문에 슬프거나 화가 난 적이 있어?
정서학대,12,어른들 때문에 슬프거나 화가 난 적 있어요?
정서학대,12,부모님이나 선생님 같은 어른들 때문에 억울하거나 슬픈 적이 있어?
정서학대,12,엄마나 선생님 때문에 슬프거나 화가 난 적이 있나요?
정서학대,12,선생님의 어떤 말이나 행동이 나를 슬프게 하나요?
정서학대,12,부모님이나 선생님 때문에 슬프거나 화가 난 적이 있었니?
정서학대,12,부모님이나 학교 선생님 때문에 슬프거나 화난 적 있어?
정서학대,12,학원 선생님의 어떤 말이나 행동 때문에 기분이 안 좋았어?
정서학대,12,할아버지나 선생님 때문에 기분이 안 좋아진 적이 있나요?
정서학대,12,부모님이나 선생님 때문에 기분이 상한 적 있나요?
정서학대,12,부모님이나 선생님 때문에 화가 나거나 슬펐던 적이 있나요?
정서학대,12,왜 부모님 때문에 우울해요?
정서학대,12,부모님이나 선생님 때문에 화가 나거나 슬픈 적 있어?
정서학대,12,시설 선생님들이나 학교 선생님 때문에 슬프거나 화가 난 적이 있나요?
정서학대,12,그럼 다른 사람들 때문에 슬프거나 화가 난 적이 있나요?
정서학대,12,부모님이나 선생님 때문에 억울했거나 슬펐던 적이 있어?
정서학대,12,할머니나 선생님 때문에 기분이 안 좋아진 적 있어?
정서학대,12,부모님의 어떤 말과 행동이 기분을 안 좋아지게 했나요?
정서학대,12,엄마나 선생님 때문에 기분이 안 좋아 진 적이 있나요?
정서학대,12,부모님이나 선생님 때문에 슬프거나 화난 적 있어?
정서학대,12,부모님이나 선생님 때문에 기분이 나빴던 적 있어요?
정서학대,12,부모님의 어떤 말이나 행동이 나를 슬프게 했어?
정서학대,12,부모님이나 선생님의 어떤 말이나 행동이 나를 슬프게 해?
정서학대,12,어른들 때문에 기분이 안 좋아진 적 있어요?
정서학대,12,혹시 부모님이나 선생님 때문에 기분이 안 좋아진 적이 있었어요?
정서학대,12,어른들 때문에 슬프거나 화가 난 적이 있나요?
정서학대,12,원장 선생님의 어떤 행동이나 말이 친구 기분을 안 좋아지게 했나요?
정서학대,12,"주위 어른이나, 선생님 때문에 기분이 안 좋아진 적 있어요?"
정서학대,12,부모님이나 선생님 때문에 화나거나 슬픈 적 있어?
정서학대,12,부모님의 어떤 말이나 행동이 그랬어?
정서학대,12,부모님나 선생님 때문에 기분이 안 좋아진 적 있었어?
정서학대,12,할머니나 선생님 때문에 기분이 안 좋아진 적이 있나요?
정서학대,12,부모님이나 선생님 때문에 슬프거나 화가난 적이 있어?
정서학대,12,아빠나 선생님 때문에 기분이 안 좋아진 적이 있나요?
정서학대,12,부모님이나 선생님 때문에 기분이 나빠진 적 있어?
정서학대,12,부모님이나 선생님 때문에 기분이 안 좋아진 적이 있었어?
정서학대,12,부모님이나 선생님의 어떤 말이나 행동이 내 기분을 안 좋게 했나요?
정서학대,12,원장님이나 선생님 때문에 슬프거나 화가 난 적 있어요?
정서학대,12,주변 어른이나 선생님 때문에 기분이 안 좋아진 적이 있나요?
정서학대,12,선생님의 어떤 말이나 행동이 친구를 무섭고 슬프게 했나요?
정서학대,12,"부모님이나 선생님 같은 어른들 때문에 억울하거나 슬픈 
적이 있어?"
정서학대,12,부모님이나 선생님 때문에 슬퍼진 적 있어요?
정서학대,12,보육원 선생님의 어떤 말이나 행동이 나를 슬프게 하나요?
정서학대,12,부모님의 어떤 말이나 행동이 친구를 화나게 해요?
정서학대,12,부모님이나 선생님이 한 말이나 행동 때문에 슬프거나 화난 적 있어요?
정서학대,12,부모님이나 선생님 때문에 기분이 안 좋아진 적 있나요?
정서학대,12,부모님이나 선생님 때문에 슬프거나 화가 난 적 있어요?
정서학대,12,부모님이나 선생님 때문에 기분이 안 좋아진 적 있었어?
정서학대,12,아빠나 할머니나 선생님 때문에 기분이 안 좋아진 적이 있나요?
정서학대,12,부모님의 어떤 말이나 행동 때문에 내가 슬픈가요?
정서학대,12,부모님이나 선생님 때문에 기분이 안 좋아진 적이 있을까?
정서학대,12,시설 선생님 때문에 기분이 안 좋아진 적이 있나요?
정서학대,12,부모님이나 선생님 같은 어른들 때문에 억울했거나 슬펐던 적이 있어?
정서학대,12,아이패드가 없는 거 빼고 엄마나 아빠가 나를 슬프거나 화나게 한 적은 없어?
정서학대,12,혹시 부모님이 나를 다른 사람이 있는 곳에서 때리거나 혼낸 적 있니?
정서학대,12,부모님이나 선생님 때문에 슬프거나 화 난 적 있어?
정서학대,12,할머니나 선생님 때문에 슬프거나 화난 적 있었어?
정서학대,12,어른들 때문에 기분이 안 좋아진 적이 있나요?
정서학대,12,부모님이나 선생님 때문에 기분이 안 좋아진 것이 있었어요?
정서학대,12,시설 선생님의 어떤 말이나 행동이 나를 슬프게 하나요?
정서학대,12,아빠나 선생님 때문에 슬프거나 화가 난 적이 있어요?
정서학대,12,선생님 때문에 기분이 안 좋아진 적이 있나요?
정서학대,12,부모님의 어떤 말이나 행동이 나를 슬프게 하나요?
정서학대,12,시설 선생님이나 학교 선생님 때문에 기분이 안 좋아진 적이 있나요?
정서학대,12,선생님이 때리면서 어떤 말도 하셨나요?
정서학대,12,부모님한테 혼날 때 어떻게 혼나요?
정서학대,12,센터 선생님이 했던 말이나 행동 중에 속상하거나 기분이 안 좋아진 적 없어요?
정서학대,12,센터 선생님이 기분 나쁜 말 하거나 그러진 않아요?
정서학대,12,담임 선생님이나 시설 선생님 때문에 기분이 안 좋아진 적 있었어?
정서학대,12,수녀님 때문에 슬프거나 화가 난 적이 있나요?
정서학대,12,아빠나 할머니 또는 선생님 때문에 기분이 안 좋아진 적이 있나요?
정서학대,12,선생님의 어떤 말이나 행동이 친구를 슬프게 했나요?
정서학대,12,최근에 부모님이나 선생님때문에 기분 안 좋았던 적 있어?
정서학대,12,주위 어른이 기분 나쁘게 하거나 슬프게 한 적이 있어?
정서학대,12,주변 어른들 때문에 슬프거나 화가 난 적 있어?
정서학대,12,원장님의 어떤 말이나 행동이 친구를 슬프게 했어?
정서학대,12,부모님이나 선생님 때문에 기분 안 좋은 적 있어?
정서학대,12,부모님이나 선생님의 어떤 말이나 행동이 나를 슬프게 하나요?
정서학대,12,어머니나 선생님 때문에 기분이 안 좋아진 적 있어?
정서학대,12,부모님께 안 하는 이유가 있을까?
정서학대,12,부모님이나 선생님 때문에 슬퍼진 적 있어?
정서학대,12,부모님이나 선생님 때문에 슬프거나 화난 적이 있을까?
정서학대,12,할머니나 선생님 때문에 기분이 안 좋아진 적이 있었어요?
정서학대,12,주위 어른이나 선생님 때문에 기분이 안 좋아진 적이 있나요?
정서학대,12,시설 선생님의 어떤 말이나 행동이 우리 친구의 기분을 나쁘게 한 거예요?
정서학대,12,주변 어른들 때문에 슬프거나 화가 난 적 있어요?
정서학대,12,부모님이나 선생님 때문에 억울했거나 슬펐던 적 있어?
정서학대,12,부모님이나 선생님 때문에 슬프거나 화난 적 있을까?
정서학대,12,"엄마나, 선생님 때문에 기분이 안 좋아진 적이 있나요?"
정서학대,12,부모님이나 선생님 때문에 기분이 나빴던 적이 있어?
정서학대,12,원장 선생님이나 선생님 때문에 기분이 안 좋아진 적이 있나요?
정서학대,12,부모님이나 선생님 때문에 기분이 안 좋아진 적 있었나요?
정서학대,12,"부모님, 선생님 때문에 기분이 안 좋아진 적이 있나요?"
정서학대,12,최근에 부모님이나 선생님 때문에 기분 나빴던 적 있어?
정서학대,12,부모님이나 선생님 때문에 슬프거나 화가 난 적이 있었어?
정서학대,12,부모님이나 선생님의 어떤 말이나 행동이 친구를 슬프게 했어요?
정서학대,12,부모님이나 선생님의 어떤 말이나 행동이 기분을 안 좋게 만드나요?
정서학대,12,선생님 때문에 슬프거나 화가 난 적이 있어요?
정서학대,12,부모님이나 선생님 때문에 슬프거나 화가 난 적이 있을까?
정서학대,12,선생님 때문에 기분이 안 좋아진 적이 있었어요?
정서학대,12,부모님이나 선생님이 친구를 슬프게 하거나 화나게 하는 말이나 행동이 있을까요?
정서학대,12,부모님이나 선생님 때문에 슬프거나 화 난 적 있어요?
정서학대,12,부모님이나 선생님 때문에 슬프거나 화가 난 적이 있나요.
정서학대,12,원장님이나 선생님 때문에 기분이 안 좋아진 적이 있었어?
정서학대,12,부모님이나 선생님 때문에 슬프거나 화가 난 적 있나요?
정서학대,12,부모님이나 선생님의 말이나 행동 때문에 기분이 안 좋아진 적이 있나요?
정서학대,12,어른들 때문에 슬프거나 화가 난 적이 있어요?
정서학대,12,부모님의 어떤 말이나 행동이 친구를 슬프게 해요?
정서학대,12,시설 선생님이나 담임 선생님 때문에 기분이 안 좋아진 적 있어?
정서학대,12,지내는 곳이나 학교 선생님 때문에 기분이 안 좋아진 적이 있나요?
정서학대,12,최근에 선생님 때문에 기분 안 좋았던 적 있어?
정서학대,12,부모님이나 선생님 때문에 기분이 나빴던 적이 있어요?
정서학대,12,부모님이나 선생님의 어떤 말이나 행동 때문에 기분이 안 좋아졌어요?
정서학대,12,학교나 시설에서 선생님들 때문에 기분이 안 좋아진 적이 있어?
정서학대,12,시설 종사자 선생님이나 담임 선생님 때문에 기분이 안 좋아진 적이 있었어요?
정서학대,12,부모님이나 선생님 때문에 화가 난 적 있어?
정서학대,12,담임 선생님의 어떤 말과 행동이 기분을 안 좋아지게 만들었나요?
정서학대,12,시설이나 학교 선생님 때문에 기분이 안 좋아진 적이 있나요?
정서학대,12,가족이나 선생님 때문에 슬퍼진 적 있어?
정서학대,12,부모님이나 선생님의 어떤 말이나 행동이 친구를 슬프게 해요?
정서학대,12,주변 어른들 때문에 슬프거나 화가 난 적이 있어?
정서학대,12,아빠나 선생님 때문에 기분이 안 좋아진 적이 있었나요?
정서학대,12,부모님이나 선생님 때문에 기분이 안 좋아 진 적이 있나요?
정서학대,12,학원 선생님의 어떤 말이나 행동이 친구의 기분을 안 좋게 했어?
정서학대,12,학교 선생님이나 시설 선생님 때문에 기분이 안 좋아진 적이 있나요?
정서학대,12,부모님의 어떤 말이나 행동이 나를 슬프게 해요?
정서학대,12,선생님이나 주변 어른들 때문에 기분이 안 좋아진 적이 있나요?
정서학대,12,평소 부모님이 술을 자주 드시나요? 술을 마시고 난폭하게 할 때가 많아요?
정서학대,12,부모님이나 선생님 때문에 기분이 안 좋아 진 적 있어?
정서학대,12,원장님이나 선생님 때문에 기분이 안 좋아진 적 있어?
정서학대,12,부모님이나 선생님의 어떤 행동이 친구 기분을 안 좋게 만들었어요?
정서학대,12,부모님이 어떻게 혼내요?
정서학대,12,어른들의 어떤 말이나 행동이 친구를 슬프게 했나요?
정서학대,12,담임 선생님이 어떻게 화내서 우리 친구의 기분을 안 좋게 했어?
정서학대,12,어른들의 어떤 말이나 행동이 내 기분을 상하게 하나요?
정서학대,12,부모님의 어떤 말이나 행동이 친구를 슬프거나 화나게 했어요?
정서학대,12,최근에 부모님이나 선생님 때문에 슬펐던 적 있어?
정서학대,12,주변 어른이나 선생님 때문에 슬프거나 화가 난 적이 있나요?
정서학대,12,부모님이 혼내실 때 때린 적은 없나요?
정서학대,12,선생님 때문에 기분이 안 좋아진 적이 있어요?
정서학대,12,부모님이 혼내실 때 때린 적은 없어요?
정서학대,12,할아버지나 선생님 때문에 기분이 안 좋아진 적이 있었어?
정서학대,12,담임선생님의 어떤 말이나 행동이 우리 친구 기분을 안 좋게 만들었어?
정서학대,12,아빠나 선생님 때문에 기분이 안 좋아진 적이 있었어?
정서학대,12,영어 학원 선생님의 어떤 말이나 행동이 우리 친구 기분을 안 좋게 만들었어?
정서학대,12,엄마나 선생님 때문에 슬프거나 화가 난 적 있어요?
정서학대,12,어른들 때문에 마음이 속상하거나 불편한 적 있었어요?
정서학대,12,원장님의 그런 행동이랑 또 친구를 슬프게 하는 말이나 행동이 있어요?
정서학대,12,담임 선생님의 어떤 말이나 행동이 나를 짜증 나게 해?
정서학대,12,"우리 친구, 어른들 때문에 슬프거나 화가 난 적 있었어요?"
정서학대,12,조부모님이나 선생님 때문에 슬프거나 화가 난 적이 있나요?
정서학대,12,행복한 게 없다고 했을 때 시설 선생님과 면담 후라고 했던 게 기억나요. 혹시 그때 무슨 일 있었어요?
정서학대,12,부모님이나 선생님이 친구를 슬프거나 화나게 하는 말이나 행동이 있을까요?
정서학대,12,선생님이나 어른들 때문에 슬프거나 화가 난 적이 있어?
정서학대,12,원장님이나 선생님 때문에 기분이 나빴던 적 있어요?
정서학대,12,부모님이나 선생님 때문에 슬프거나 화가 난 적이 있었어요?
정서학대,12,아버지나 선생님 때문에 슬프거나 화가 난 적이 있어요?
정서학대,12,부모님이나 선생님의 어떤 말이나 행동이 친구를 슬프게 했나요?
정서학대,12,선생님이 혼을 심하게 내셨나요? 어떻게 혼을 내셨나요?
정서학대,12,그럼 우리 친구는 어른들 때문에 슬프거나 화가 난 적 있었어요?
정서학대,12,아버지나 어른들의 어떤 말이나 행동으로 인해 슬픈 적도 있나요?
정서학대,12,최근에 어른들 때문에 기분 안 좋았던 적 있어?
정서학대,12,최근에 부모님이나 선생님이 속상하게 한 적 있어?
정서학대,12,시설 선생님이나 학교 선생님 때문에 슬프거나 화가 난 적이 있나요?
정서학대,12,부모님이나 선생님 때문에 기분이 안 좋아졌던 적 있어?
정서학대,12,부모님이나 선생님 때문에 슬프거나 화가 난 적 있니?
정서학대,12,부모님이나 선생님 때문에 슬프거나 화난 적이 있어요?
정서학대,12,부모님이나 선생님 때문에 친구가 슬프거나 화난 적이 있어요?
정서학대,12,내 주위 어른들이나 선생님 때문에 기분이 안 좋아진 적이 있나요?
정서학대,12,학원 선생님의 어떤 말이나 행동이 우리 친구 기분을 안 좋게 했어?
정서학대,12,부모님이나 선생님 때문에 친구가 슬프거나 화난 적 있어요?
정서학대,12,주변 어른들 때문에 슬프거나 화가 난 적이 있어요?
정서학대,12,부모님이나 선생님의 말 때문에 기분이 안 좋아진 적이 있나요?
정서학대,12,어른들이나 선생님 때문에 기분이 안 좋아진 적 있어요?
정서학대,12,선생님이 잔소리를 어떻게 하나요?
정서학대,12,할머니나 선생님 때문에 기분이 안 좋아진 적이 있어요?
정서학대,12,어른들이나 선생님 때문에 기분이 안 좋아진 적이 있어?
정서학대,12,시설 선생님의 어떤 말과 행동이 친구를 속상하게 해요?
정서학대,12,선생님이나 부모님 때문에 슬프거나 화가 난 적이 있나요?
정서학대,12,담임선생님의 어떤 말이나 행동이 친구를 슬프게 하나요?
정서학대,12,최근에 선생님 때문에 기분 상했던 적 있어?
정서학대,12,가족이나 선생님 때문에 기분이 안 좋아진 적 있을까?
정서학대,12,부모님의 말과 행동 때문에 얼마나 힘들어?
정서학대,12,부모님이 약속을 어긴 것 때문에 너에게 심한 말을 하거나 상처가 되는 말을 한 적이 있어?
정서학대,12,부모님이나 선생님 때문에 슬퍼진 적이 있어?
정서학대,12,할머니나 선생님 때문에 슬프거나 화가 난 적이 있어?
정서학대,12,최근에 부모님이나 선생님 때문에 기분 안 좋았던 적이 있을까?
정서학대,12,수영 선생님의 어떤 말이나 행동이 친구를 슬프게 하나요?
정서학대,12,어른들이나 선생님 때문에 기분이 안 좋아진 적이 있나요?
정서학대,12,부모님이나 선생님의 어떤 말이나 행동이 나를 슬프거나 화나게 한 적 있어?
정서학대,12,어른들 때문에 슬프거나 화가 난 적이 있어?
정서학대,12,옛날 시설 선생님 때문에 기분이 안 좋아진 적이 있나요?
정서학대,12,최근에 부모님이나 선생님 때문에 기분 안 좋거나 슬펐던 적 있어?
정서학대,12,부모님이나 선생님의 말 때문에 기분이 안 좋아진 적이 있었어요?
정서학대,12,조금 전에 선생님이 뭐라 해서 짜증 난다고 했잖아요. 그거 때문에 화가 나진 않아요?
정서학대,12,선생님 때문에 슬프거나 화가 난 적이 있나요?
정서학대,12,부모님이나 선생님 때문에 화가 나거나 슬펐던 적 있나요?
정서학대,12,선생님의 어떤 말이나 행동이 친구를 기분 나쁘게 해요?
정서학대,12,부모님의 어떤 말이나 행동이 기분을 상하게 하나요?
정서학대,12,가족이나 선생님 때문에 기분이 안 좋아진 적 있어요?
정서학대,12,부모님의 어떤 말이나 행동이 슬프게 했어요?
정서학대,12,부모님의 어떤 말이나 행동 때문에 그랬어요?
정서학대,12,부모님이나 선생님 때문에 기분이 안좋아진 적이 있어요?
정서학대,12,어른들 때문에 기분이 안 좋았던 적이 없나요?
정서학대,12,선생님의 어떤 말과 행동이 친구 기분을 안 좋게 했어요?
정서학대,12,보육원 선생님이나 학교 선생님 때문에 기분이 안 좋아진 적이 있나요?
정서학대,12,부모님이나 고모 때문에 기분이 안 좋아진 적이 있어?
정서학대,12,엄마나 선생님 때문에 기분이 안 좋아진 적이 있었어요?
정서학대,12,어른들 때문에 기분이 안 좋아진 적이 있었어?
정서학대,12,부모님의 어떤 말이나 행동으로 그렇게 느꼈나요?
정서학대,12,어른들의 어떤 말이나 행동이 나를 슬프게 하나요?
정서학대,12,담임 선생님의 어떤 말이나 행동이 나를 화나게 했어?
정서학대,12,목사님이나 선생님 때문에 기분이 안 좋아진 적이 있나요?
정서학대,12,아빠나 선생님 때문에 기분이 안 좋아진 적 있어?
정서학대,12,부모님의 어떤 말이나 행동이 친구를 슬프게 했나요?
정서학대,12,"할아버지, 할머니나 선생님 때문에 슬프거나 화난 적 있어?"
정서학대,12,"부모님이나 형, 선생님 때문에 기분이 안 좋아진 적이 있나요?"
정서학대,12,아빠나 선생님 중에서 너한테 욕을 하거나 심한 말을 해서 기억에 남는 게 있을까?
정서학대,12,부모님이나 선생님 같은 어른들 때문에 억울했거나 슬펐던 적이 있나요?
정서학대,12,부모님이나 선생님 때문에 기분 안 좋아진 적 있어?
정서학대,12,부모님이나 선생님의 어떤 말 때문에 기분이 안 좋아졌어요?
정서학대,12,선생님 때문에 슬프거나 화가 난 적이 있어?
정서학대,12,원장님의 그런 행동 말고 또 친구를 슬프게 하는 말이나 행동이 있나요?
정서학대,12,"할머니, 할아버지 혹은 선생님 때문에 슬프거나 화가 난 적이 있나요?"
정서학대,12,원장님이나 선생님 때문에 슬프거나 화가 난 적이 있어?
정서학대,12,부모님이나 선생님 때문에 슬프거나 화 난 적이 있을까?
정서학대,12,아빠랑 할머니나 선생님 때문에 슬프거나 화가 난 적이 있나요?
정서학대,12,원장님이나 선생님 때문에 슬프거나 화가 난 적이 있어요?
정서학대,12,내 주위 어른이나 선생님 때문에 기분이 안 좋아진 적이 있나요?
정서학대,12,우리 친구는 어른들 때문에 슬프거나 화가 난 적 있었어요?
정서학대,12,최근에 부모님이나 선생님 때문에 슬프거나 화났던 적 있어?
정서학대,12,이모나 선생님 때문에 기분이 나빴던 적 있어?
정서학대,12,부모님이랑 선생님 때문에 기분이 안 좋아진 적이 있었어요?
정서학대,12,부모님이나 선생님 같은 어른들 때문에 억울했거나 슬픈 적이 있어?
정서학대,12,그 선생님의 어떤 말이나 행동이 나를 기분 나쁘게 했는지 기억나요?
정서학대,12,부모님이랑 선생님 때문에 기분이 안 좋아진 적이 있었나요?
정서학대,12,주변 어른이나 선생님 때문에 기분이 안 좋아진 적이 있어?
정서학대,12,부모님이 뭐라고 혼냈는지 기억해?
정서학대,12,부모님의 어떤 말과 행동이 기분을 안 좋아지게 했어요?
정서학대,12,부모님이나 선생님의 어떤 말이나 행동이 내 기분을 안 좋게 했어요?
정서학대,12,보육원 선생님이나 선생님 때문에 기분이 안 좋아진 적이 있나요?
정서학대,12,부모님이나 선생님 때문에 슬프거나 화난 적이 있어?
정서학대,12,시설 선생님이나 학교 선생님 때문에 기분이 안 좋아진 적이 있어?
정서학대,12,할머니나 선생님 때문에 기분이 안 좋아진 적 있었어?
정서학대,12,"할머니, 할아버지나 선생님 때문에 기분이 안 좋아진 적이 있어?"
정서학대,12,할머니나 선생님 때문에 기분이 안 좋아진 적이 있어?
정서학대,12,부모님이나 선생님의 어떤 말이나 행동이 나를 슬프게 했나요?
정서학대,12,부모님이나 선생님 때문에 슬프고 화 난 적 있어?
정서학대,12,부모님이나 선생님 때문에 슬프거나 화난 적 있어요?
정서학대,12,부모님의 어떤 말이나 행동이 기분을 안 좋게 했어?
정서학대,12,할아버지나 선생님 때문에 기분이 안 좋아진 적이 있어?
정서학대,12,부모님이나 선생님 때문에 슬프거나 화난 적이 있나요?
정서학대,12,집에서나 선생님 때문에 기분이 안 좋아진 적이 있나요?
정서학대,12,"부모님, 할머니, 선생님 때문에 기분이 안 좋아진 적이 있나요?"
정서학대,12,학원 선생님의 어떤 말이나 행동이 친구를 슬프게 해?
정서학대,12,주변 어른이나 선생님 때문에 슬프거나 화가 난 적이 있어?
정서학대,12,가족이나 선생님 때문에 기분이 안 좋아진 적 있어?
정서학대,12,최근에 부모님이나 선생님 때문에 속상했던 적 있어?
정서학대,12,부모님의 어떤 말이나 행동이 기분을 안 좋게 했나요?
정서학대,12,선생님의 어떤 말이나 행동이 친구를 슬프게 해요?
정서학대,12,부모님이나 선생님 때문에 슬펐거나 화가 났던 적 있어?
정서학대,12,가족이나 선생님 때문에 기분이 안 좋아진 적이 있나요?
정서학대,12,어떨 때 부모님이 저런 말을 안 하나요?
정서학대,12,부모님이나 선생님이 한 말이나 행동 때문에 슬프거나 화난 적 있어?
정서학대,12,처음에 한 질문 다시 물어볼게요. 부모님이나 선생님 때문에 기분이 안 좋아진 적 없어요?
정서학대,12,엄마나 선생님 때문에 기분이 안 좋아진 적이 있었나요?
정서학대,12,선생님 때문에 기분이 안 좋아진 적이 있었나요?
정서학대,12,담임선생님의 어떤 말이나 행동이 우리 친구의 기분을 안 좋게 했어?
정서학대,12,부모님이나 선생님의 어떤 행동이나 말이 친구를 슬프게 했어요?
정서학대,12,주위 어른들 때문에 기분이 안 좋아진 적이 있나요?
정서학대,12,선생님이 어떤 식으로 혼냈나요?
정서학대,12,원장님이나 선생님 때문에 기분이 안 좋아진 적이 있나요?
정서학대,12,보육원 선생님들이나 학교 선생님 때문에 기분이 안 좋아진 적이 있나요?
정서학대,12,부모님이나 선생님처럼 어른들 때문에 슬프거나 화가 난 적이 있어?
정서학대,12,선생님 때문에 기분이 안 좋아진 적 있어?
정서학대,12,최근에 어른들 때문에 기분 상했던 적 있어?
정서학대,12,선생님을 포함한 주위 어른들 때문에 기분이 안 좋아진 적이 있나요?
정서학대,12,최근에 부모님이나 선생님 등 어른 때문에 기분 안 좋았던 적 있어?
정서학대,12,부모님이나 선생님 때문에 기분이 나빠진 적이 있을까?
정서학대,12,부모님의 어떤 말이나 행동이 친구를 슬프게 해?
정서학대,12,부모님이나 선생님 때문에 기분이 안 좋은 적이 있나요?
정서학대,12,주변 어른들이나 선생님 때문에 기분이 안 좋아진 적이 있었나요?
정서학대,12,부모님이 어떻게 기분을 안 좋게 하나요?
정서학대,12,최근에 어른들 때문에 기분 나빴던 적 있어?
정서학대,12,주변 어른들 때문에 기분이 안 좋아진 적이 있었나요?
정서학대,12,선생님이나 어른들 때문에 슬프거나 화가 난 적 있어?
정서학대,12,부모님이나 선생님의 어떤 말이나 행동이 내 기분을 안 좋게 하나요?
정서학대,12,아빠나 새엄마 아니면 선생님 때문에 화가 나거나 슬펐던 적이 있나요?
정서학대,12,원장 선생님의 어떤 말이나 행동이 친구의 기분을 안 좋아지게 했나요?
정서학대,12,부모님의 어떤 말과 행동이 기분을 안 좋아지게 만들었나요?
정서학대,12,"부모님이나 선생님, 또는 어른들 때문에 기분이 안 좋아진 적이 있나요?"
정서학대,12,부모님이나 선생님 때문에 기분이 나빠진 적이 있어요?
정서학대,12,왜 부모님들 때문에 우울해?
정서학대,12,부모님의 어떤 말이 나를 우울하게 하는 것 같아?
정서학대,12,어른들 때문에 화가 나거나 속상한 적이 있었나요?
정서학대,12,부모님의 어떤 말이나 행동이 나를 슬프고 화나게 했어?
정서학대,12,아빠나 선생님 때문에 기분이 안 좋아진 적 있었어?
정서학대,12,담임 선생님의 어떤 말과 행동이 나를 기분 안 좋아지게 했나요?
정서학대,12,그러면 선생님이 했던 말이나 행동 중에서 속상했던 적이 있어요?
정서학대,12,부모님이나 센터 선생님 때문에 슬프거나 화가 난 적이 있어요?
정서학대,12,부모님이나 선생님 때문에 슬프거나 화가 난 적 있었어요?
정서학대,12,학원 선생님의 어떤 말과 행동이 나를 기분 나쁘게 했나요?
정서학대,12,주변 어른 때문에 기분이 안 좋아진 적이 있어?
정서학대,12,아버지나 선생님 때문에 기분이 안 좋아진 적 있었어요?
정서학대,12,학교나 여기 선생님들 때문에 슬프거나 화가 난 적이 있나요?
정서학대,12,선생님의 어떤 말이나 행동이 우리 친구 기분을 안 좋게 했어?
정서학대,12,시설 선생님이나 선생님 때문에 기분이 안 좋아진 적이 있나요?
정서학대,12,"엄마나 큰이모, 선생님 때문에 기분이 안 좋아진 적 있어?"
정서학대,12,담임선생님의 어떤 말과 행동이 내 기분을 안 좋게 만들었나요?
정서학대,12,선생님이나 어른들 때문에 기분이 안 좋아진 적이 있어?
정서학대,12,할아버지 할머니나 선생님 때문에 슬프거나 화가 난 적이 있나요?
정서학대,12,원장님이나 선생님 때문에 기분이 안 좋아진 적이 있어?
정서학대,13,아빠의 어떤 말이나 행동 때문에 그랬어요?
정서학대,13,아버지의 어떤 말이나 행동이 기분을 안 좋아지게 했어요?
정서학대,13,아빠의 어떤 말이나 행동이 나를 슬프게 했나요?
정서학대,13,아빠의 어떤 말이나 행동으로 기분이 안 좋았어?
정서학대,13,아빠가 화낼 때 어떤 말을 하셔? 욕 같은 나쁜 말을 해?
정서학대,13,아빠의 어떤 말이나 행동이 나를 슬프게 해?
정서학대,13,아빠의 어떤 말이나 행동이 슬프게 했어요?
정서학대,13,아빠의 어떤 말이나 행동이 친구를 슬프게 하는 건지 얘기해줄래?
정서학대,13,아빠가 그럴 때면 어떤 기분이 들어?
정서학대,13,아빠의 어떤 말이나 행동이 나를 슬프게 하나요?
정서학대,13,아빠의 어떤 행동 때문에 친구가 슬펐나요?
정서학대,13,아빠는요?
정서학대,13,아빠의 어떤 말과 행동이 기분을 안 좋아지게 했나요?
정서학대,13,아빠가 어떻게 했어요?
정서학대,13,가짜 아빠가 뭐라고 해서 친구가 기분이 안 좋아졌어요?
정서학대,13,아빠 얼굴이 된다고 생각하면 기분이 어때?
정서학대,13,아빠가 나에게 말을 한 번도 안 걸었나요?
정서학대,13,아빠한테 도움을 요청해 봤나요?
정서학대,13,아빠의 어떤 말이나 행동이 친구를 슬프게 했어요?
정서학대,13,아빠의 어떤 말이나 행동 때문에 기분이 안 좋았어?
정서학대,13,아빠의 어떤 말이나 행동이 친구의 기분을 나쁘게 했어요?
정서학대,13,아빠의 어떤 말과 행동이 기분을 안 좋게 하나요?
정서학대,13,아빠 때문에 왜 기분이 안 좋았어요?
정서학대,13,아빠의 어떤 말이나 행동이 친구 기분을 안 좋게 했어요?
정서학대,13,아빠의 어떤 말이나 행동이 친구를 기분 안 좋게 했어?
정서학대,13,아빠의 어떤 말이나 행동이 슬퍼요?
정서학대,13,아빠의 어떤 말과 행동이 내 기분을 나쁘게 했나요?
정서학대,13,아빠의 어떤 말이나 행동이 우리 친구의 기분을 나쁘게 했어?
정서학대,13,아빠나 고모 때문에 기분이 안 좋아진 적이 있었어요?
정서학대,13,아빠가 어떤 말이나 행동이 친구를 속상하고 화나게 만든 거야?
정서학대,13,아빠의 어떤 말이나 행동이 친구의 기분을 안 좋게 해요?
정서학대,13,최근에 아빠가 친구 기분 안 좋게 한 적이 있어요?
정서학대,13,아빠의 어떤 말이나 행동이 슬프게 했어?
정서학대,13,아빠가 어떻게 하길래 속상해?
정서학대,13,아빠랑 할머니의 어떤 말과 행동이 나를 슬프게 하나요?
정서학대,13,아빠의 어떤 말이나 행동이 나를 슬프게 했어?
정서학대,13,아빠의 어떤 말이나 행동이 친구 기분을 슬프게 했어요?
정서학대,13,아빠의 어떤 말이나 행동이 친구 기분을 안 좋게 하나요?
정서학대,13,아빠의 어떤 말과 행동이 나를 화나게 해?
정서학대,13,아빠의 어떤 말이나 행동 때문에 그렇게 느끼나요?
정서학대,13,아빠의 어떤 말이나 행동이 나를 화나게 해?
정서학대,13,아빠가 왜 화를 내는 것 같아?
정서학대,13,아빠는 화가 나서 어떤 행동을 했어?
정서학대,13,새아빠의 어떤 말과 행동이 내 기분을 나쁘게 했나요?
정서학대,13,아빠의 어떤 말이나 행동이 나를 속상하게 했을까?
정서학대,13,새아빠가 어떤 이상한 걸 시켜서 기분을 안 좋게 했어?
정서학대,13,새아빠가 나쁜 말도 하셨어?
정서학대,13,아빠의 어떤 말이나 행동이 우리 친구의 기분을 안 좋게 했나요?
정서학대,13,아저씨의 어떤 말이나 행동이 우리 친구 기분을 안 좋게 했어?
정서학대,13,아빠의 어떤 말과 행동이 기분을 안 좋아지게 만들었나요?
정서학대,13,아빠가 나에게도 어떤 말이나 행동을 한 적이 있나요?
정서학대,13,아빠의 어떤 말이나 행동 때문에 기분이 안 좋았던 거예요?
정서학대,13,지금도 아버지가 화내고 기분 나쁜 말을 많이 하시나요?
정서학대,13,아빠가 나를 가두고 못 나오게 한 적이 있나요?
정서학대,13,밖에 나가면 죽는다고 아빠가 말하던가요?
정서학대,13,그럴 때 아빠에게 하기 싫다고 말해본 적 있어요?
정서학대,13,"마음이 아프거나 힘들 때, 아빠에게 말하나요?"
정서학대,13,아빠의 어떤 말이나 행동이 친구 기분을 안 좋게 해요?
정서학대,13,아빠의 어떤 말이나 행동이 기분을 안 좋아지게 했나요?
정서학대,13,아빠의 어떤 말이나 행동이 나를 슬프게 했어요?
정서학대,13,아빠의 어떤 말이나 행동이 무섭고 화나게 만든 거야?
정서학대,13,아버지의 어떤 말이나 행동이 우리 친구의 기분을 안 좋게 했어?
정서학대,13,아빠의 어떤 말이나 행동이 나를 기분 나쁘게 했어?
정서학대,13,아빠가 얼마나 자주 때려요?
정서학대,13,아빠의 어떤 점이 친구를 기분 나쁘게 했어요?
정서학대,13,아빠의 어떤 말이나 행동이 우리 친구의 기분을 안 좋게 했는지 말해줄 수 있어?
정서학대,13,아빠의 어떤 말이나 행동이 친구를 기분 안 좋게 했나요?
정서학대,13,아빠가 나를 어딘가에 가두고 못 나오게 한 적이 있나요?
정서학대,13,아빠의 어떤 말이나 행동이 친구의 기분을 안 좋게 했나요?
정서학대,13,아빠는 왜 화가 난 것 같았어?
정서학대,13,아빠한테 맞았어?
정서학대,13,아빠가 어떤 말로 욕을 해요?
정서학대,13,아빠가 공부하라고 하면서 뭘 시켰어요?
정서학대,13,아빠의 어떤 말이나 행동이 친구를 기분 나쁘게 했나요?
정서학대,13,아버지 때문에 왜 화가 나는 것 같아?
정서학대,13,아빠의 어떤 말이나 행동 때문에 기분이 상하나요?
정서학대,13,아빠가 어떻게 화를 내세요?
정서학대,13,아빠가 왜 그런 행동을 하는지 알아요?
정서학대,13,아빠가 어떤 말로 친구를 기분 나쁘게 하나요?
정서학대,13,아빠 때문에 기분이 안 좋아진 적 있어요?
정서학대,13,아빠 어떤 말이나 행동이 친구를 슬프게 해요?
정서학대,13,아버지가 어떻게 하셨는데?
정서학대,13,아빠의 어떤 말이나 행동에 기분이 안 좋았어요?
정서학대,13,아빠가 친구한테도 욕했어요?
정서학대,13,아빠가 이전에 친구랑 같이 살 때도 그랬어요?
정서학대,13,아빠가 친구한테 뭐라고 했는지 말해줄 수 있나요?
정서학대,13,새아빠의 어떤 말과 행동이 기분을 나쁘게 했나요?
정서학대,13,아빠가 나한테 심한 말을 하거나 상처가 되는 말을 한 적 있어?
정서학대,13,아빠나 그 아줌마가 무엇을 강제로 시키거나 못 하게 하기도 하나요?
정서학대,13,아빠의 어떤 말이나 행동 때문에 기분이 안 좋아졌어?
정서학대,13,아빠의 어떤 말이나 행동이 친구를 속상하고 화나게 만들었어요?
정서학대,13,아빠가 술 먹고 하는 어떤 말이나 행동이 친구를 슬프게 해요?
정서학대,13,아빠의 어떤 말이나 행동이 친구를 화나게 했을까요?
정서학대,13,아빠가 어떻게 하셨어요?
정서학대,13,아빠의 어떤 말과 행동이 친구를 속상하게 하나요?
정서학대,13,새아빠의 어떤 말과 행동이 기분을 안 좋아지게 했나요?
정서학대,13,아버지의 어떤 말이나 행동으로 그렇게 느꼈나요?
정서학대,13,아빠의 어떤 말이나 행동이 나를 힘들게 했어?
정서학대,13,아빠가 어떻게 짜증을 내셨나요?
정서학대,13,아빠의 어떤 말과 행동이 기분 안 좋아지게 했나요?
정서학대,13,아빠가 주로 뭘 시키는 거 같아요?
정서학대,13,아빠의 어떤 말이나 행동이 기분이 안 좋았어요?
정서학대,13,아빠의 어떤 말과 행동이 나를 기분 나쁘게 했나요?
정서학대,13,아빠의 어떤 말이나 행동 때문에 기분이 안 좋았나요?
정서학대,13,아빠가 친구한테 왜 욕을 하시는 거예요?
정서학대,13,아빠가 어떻게 혼내시는 거예요?
정서학대,13,아빠가 왜 다 같이 죽자고 한 것 같아?
정서학대,13,아빠와 시설 선생님의 어떤 말과 행동이 기분을 안 좋아지게 했나요?
정서학대,13,아빠가 친구한테 뭐라고 욕하고 화내?
정서학대,13,아빠의 어떤 말과 행동이 기분을 안 좋게 했나요?
정서학대,13,아빠의 어떤 말이나 행동이 기분을 안 좋게 했어?
정서학대,13,아빠의 어떤 말이나 행동이 친구를 슬프게 해요?
정서학대,13,아빠의 어떤 말이나 행동 때문에 기분이 안 좋아졌나요?
정서학대,13,아빠의 어떤 말이나 행동이 기분을 나쁘게 했나요?
정서학대,13,아빠의 어떤 말이나 행동이 기분을 안 좋게 했어요?
정서학대,13,근데 앞에서 용돈을 더 주지 않을 때 아빠가 짜증 난다고 했잖아요.
정서학대,13,아빠의 어떤 말이나 행동이 우리 친구 기분을 안 좋게 만들었어?
정서학대,13,아빠의 어떤 말과 행동이 슬프고 화나게 했나요?
정서학대,13,아빠가 어떤 식으로 친구한테 짜증을 내?
정서학대,13,새아빠의 어떤 말이나 행동이 화나게 했어요?
정서학대,13,아빠가 돌아가셨어?
정서학대,13,아빠가 뭐라고 혼냈어?
정서학대,13,아빠의 어떤 말이 우리 친구를 슬프게 만들어?
정서학대,13,아빠가 나를 속상하게 한 말을 한 적도 있나요?
정서학대,13,아빠의 어떤 말이 친구를 화나게 만든 거야?
정서학대,13,아빠의 어떤 말과 행동 때문에 기분이 안 좋아지게 했어?
정서학대,13,새아빠의 어떤 말이나 행동이 기분을 안 좋게 했어요?
정서학대,13,아빠가 어떻게 화를 냈어요?
정서학대,13,아빠와는 지금 같이 살고 있지 않나요?
정서학대,13,새아빠가 평소에도 친구에게 기분이 안 좋아지는 말을 하세요?
정서학대,13,아빠가 어떻게 화내셔?
정서학대,13,아빠의 어떤 말이나 행동 때문에 기분이 좋지 않았나요?
정서학대,13,아빠의 어떤 말이나 행동이 기분을 안 좋게 했나요?
정서학대,13,아빠의 어떤 행동이나 말 때문에 기분이 안 좋았나요?
정서학대,13,그럴 때 아버지가 어떤 말도 하시나요?
정서학대,13,아빠가 친구한테 심한 말이나 행동을 한 적 있어요?
정서학대,13,아버지의 어떤 말이나 행동이 나를 슬프게 하나요?
정서학대,13,아버지가 그럴 때 어떤 마음이 들어요?
정서학대,13,아빠가 어떤 말을 했는데 친구가 기분이 안 좋아졌어요?
정서학대,13,아빠의 말로 인해 기분이 안 좋아진 적은 있어요?
정서학대,13,아빠가 어떻게 말했어요?
정서학대,13,아빠가 친구한테 어떤 말이나 행동을 해서 슬펐어요?
정서학대,13,아버지가 친구랑 언니한테 어떻게 말했는지 자세히 말해줄 수 있을까요?
정서학대,13,아빠의 모습이 나타날 때 어떤 기분이 드나요?
정서학대,13,아빠가 어떤 식으로 집을 엉망으로 만들었어?
정서학대,13,아빠의 어떤 말이나 행동이 친구를 슬프게 하는 거야?
정서학대,13,아빠의 어떤 말이나 행동이 화나게 했나요?
정서학대,13,아빠랑 있으면 어떤가요?
정서학대,13,아빠는 어떻게 대답하나요?
